0,1,2,3,4,5,6,7,8,9,10,11,12,13,14,15,16,17,18,19,20,21,22,23,24,25,26,27,28,29,30,31,32,33,34,35,36,37,38,39,40,41,42,43,44,45,46,47,48,49,50,51,52,53,54,55,56,57,58,59,60,61
"Downloaded from http://www.GuruFocus.com on Wed Sep 22 2021 15:50:29 GMT+0300 (>A:20, AB0=40@B=>5 2@5<O)",,,,,,,,,,,,,,,,,,,,,,,,,,,,,,,,,,,,,,,,,,,,,,,,,,,,,,,,,,,,,
GuruFocus_NYSE:BABA_Financial_2021-9-22 at 15:50.csv,,,,,,,,,,,,,,,,,,,,,,,,,,,,,,,,,,,,,,,,,,,,,,,,,,,,,,,,,,,,,
,,,,,,,,,,,,,,,,,,,,,,,,,,,,,,,,,,,,,,,,,,,,,,,,,,,,,,,,,,,,,
NYSE:BABA,"Alibaba Group Holding Ltd, China, Consumer Cyclical, Retail - Cyclical, Internet Retail",,,,,,,,,,,,,,,,,,,,,,,,,,,,,,,,,,,,,,,,,,,,,,,,,,,,,,,,,,,,
Key Statistics: ,,,,,,,,,,,,,,,,,,,,,,,,,,,,,,,,,,,,,,,,,,,,,,,,,,,,,,,,,,,,,
Price,150.18,,,,,,,,,,,,,,,,,,,,,,,,,,,,,,,,,,,,,,,,,,,,,,,,,,,,,,,,,,,,
Market Cap (Million),407124.464,,,,,,,,,,,,,,,,,,,,,,,,,,,,,,,,,,,,,,,,,,,,,,,,,,,,,,,,,,,,
Shares Outstanding (Million),2710.91,,,,,,,,,,,,,,,,,,,,,,,,,,,,,,,,,,,,,,,,,,,,,,,,,,,,,,,,,,,,
PE Ratio,18.31,,,,,,,,,,,,,,,,,,,,,,,,,,,,,,,,,,,,,,,,,,,,,,,,,,,,,,,,,,,,
PB Ratio,2.69,,,,,,,,,,,,,,,,,,,,,,,,,,,,,,,,,,,,,,,,,,,,,,,,,,,,,,,,,,,,
PS Ratio,3.51,,,,,,,,,,,,,,,,,,,,,,,,,,,,,,,,,,,,,,,,,,,,,,,,,,,,,,,,,,,,
,,,,,,,,,,,,,,,,,,,,,,,,,,,,,,,,,,,,,,,,,,,,,,,,,,,,,,,,,,,,,
Growth Rate: ,,,,,,,,,,,,,,,,,,,,,,,,,,,,,,,,,,,,,,,,,,,,,,,,,,,,,,,,,,,,,
Annual Rates (per share),10 Years,5 Years,12 Months,,,,,,,,,,,,,,,,,,,,,,,,,,,,,,,,,,,,,,,,,,,,,,,,,,,,,,,,,,
Revenue Growth (%),55.6,45.5,47.9,,,,,,,,,,,,,,,,,,,,,,,,,,,,,,,,,,,,,,,,,,,,,,,,,,,,,,,,,,
EBITDA  Growth (%),56.6,22.1,-16.9,,,,,,,,,,,,,,,,,,,,,,,,,,,,,,,,,,,,,,,,,,,,,,,,,,,,,,,,,,
Free Cash Flow Growth (%),51.4,14.7,28.3,,,,,,,,,,,,,,,,,,,,,,,,,,,,,,,,,,,,,,,,,,,,,,,,,,,,,,,,,,
Book Value Growth (%),0,32.5,32.3,,,,,,,,,,,,,,,,,,,,,,,,,,,,,,,,,,,,,,,,,,,,,,,,,,,,,,,,,,
,,,,,,,,,,,,,,,,,,,,,,,,,,,,,,,,,,,,,,,,,,,,,,,,,,,,,,,,,,,,,
30 Year Financials of NYSE:BABA - Alibaba Group Holding Ltd,,,,,,,,,,,,,,,,,,,,,,,,,,,,,,,,,,,,,,,,,,,,,,,,,,,,,,,,,,,,,
,,,,,,,,,,,,,,,,,,,,,,,,,,,,,,,,,,,,,,,,,,,,,,,,,,,,,,,,,,,,,
"All Numbers are in Millions except per share data, ratios, and percentage data; All shares outstanding data and per share data are split adjusted",,,,,,,,,,,,,,,,,,,,,,,,,,,,,,,,,,,,,,,,,,,,,,,,,,,,,,,,,,,,,
,,,,,,,,,,,,,,,,,,,,,,,,,,,,,,,,,,,,,,,,,,,,,,,,,,,,,,,,,,,,,
Annual Data:,,,,,,,,,,,,,,,,,,,Quarterly Data:,,,,,,,,,,,,,,,,,,,,,,,,,,,,,,,,,,,,,,,,,,
Fiscal Period:,2021-03,2020-03,2019-03,2018-03,2017-03,2016-03,2015-03,2014-03,2013-03,2012-03,2011-12,2010-12,2009-12,2008-12,2007-12,2006-12,TTM/current,,2021-06,2021-03,2020-12,2020-09,2020-06,2020-03,2019-12,2019-09,2019-06,2019-03,2018-12,2018-09,2018-06,2018-03,2017-12,2017-09,2017-06,2017-03,2016-12,2016-09,2016-06,2016-03,2015-12,2015-09,2015-06,2015-03,2014-12,2014-09,2014-06,2014-03,2013-12,2013-09,2013-06,2013-03,2012-03,2011-12,2011-06,2010-12,2010-06,2009-12,2008-12,2007-12,2006-12
Per Share Data:,,,,,,,,,,,,,,,,,,,,,,,,,,,,,,,,,,,,,,,,,,,,,,,,,,,,,,,,,,,,,
Revenue per Share,40.094,27.21,21.401,15.178,8.923,6.071,4.886,3.647,2.325,1.36,0.199,0.165,0.112,0.087,0.06,0.036,42.66,,11.624,10.456,12.282,8.294,7.922,5.969,8.608,6.345,6.325,5.307,6.517,4.727,4.765,3.742,4.816,3.219,2.837,2.165,2.993,2.004,1.9,1.46,2.1,1.358,1.261,1.075,1.635,1.125,1.062,0.823,1.317,0.772,0.737,-,-,-,-,-,-,-,-,-,-
EBITDA per Share,12.183,11.437,7.865,7.641,4.34,5.43,2.537,2.129,0.85,0.44,0.06,0.049,0.035,0.035,0.024,0.007,9.51,,2.835,-0.113,5.28,1.507,3.158,0.242,3.25,4.793,1.636,1.821,2.309,1.178,1.018,0.808,2.978,1.372,1.292,1.001,1.449,0.679,0.743,0.55,1.082,1.574,2.101,0.344,0.698,0.387,0.984,0.505,0.686,0.423,0.438,-,-,-,-,-,-,-,-,-,-
EBIT per Share,9.505,9.173,5.759,6.305,3.535,5.007,2.249,2.014,0.787,0.38,0.052,0.042,0.031,0.033,0.022,0.007,8.81,,2.661,-0.303,5.103,1.353,3.006,0.031,3.076,4.632,1.467,1.639,2.153,1.033,0.894,0.728,2.859,1.27,1.18,0.927,1.378,0.604,0.669,0.505,1.033,1.53,2.061,0.305,0.659,0.347,0.968,0.497,0.678,0.42,0.419,-,-,-,-,-,-,-,-,-,-
Earnings per Share (Diluted),8.404,7.965,4.97,3.875,2.462,4.289,1.555,1.62,0.574,0.287,0.053,0.043,0.029,0.033,0.027,0.006,8.2,,2.553,-0.307,4.416,1.539,2.451,0.16,2.783,3.869,1.171,1.466,1.836,1.109,0.51,0.456,1.395,1.032,0.83,0.598,1.003,0.445,0.446,0.324,0.76,1.393,1.921,0.18,0.37,0.202,0.835,0.384,0.584,0.348,0.3,-,-,0.025,0.028,0.023,0.104,0.009,0.033,0.027,-0.334
EPS without NRI,8.404,7.965,4.97,3.875,2.462,4.289,1.555,1.62,0.574,0.287,0.053,0.043,0.029,0.033,0.027,0.006,8.2,,2.553,-0.307,4.416,1.539,2.451,0.16,2.783,3.869,1.171,1.466,1.836,1.109,0.51,0.456,1.395,1.032,0.83,0.598,1.003,0.445,0.446,0.324,0.76,1.393,1.921,0.18,0.37,0.202,0.835,0.384,0.584,0.348,0.3,-,-,0.025,0.028,0.023,0.104,0.009,0.034,0.027,-0.334
Owner Earnings per Share (TTM),-,-,-,3.723,2.371,4.211,-,-,-,-,-,-,-,-,-,-,3.72,,-,-,-,-,-,-,-,-,-,-,-,-,-,3.723,3.848,3.399,2.787,2.371,2.075,1.807,2.721,4.211,4.06,3.646,2.371,-,-,-,-,-,-,-,-,-,-,-,-,-,-,-,-,-,-
Free Cash Flow per Share,10.542,7.219,5.755,5.82,3.682,2.761,2.149,1.501,0.806,0.483,0.062,0.081,0.053,0.038,0.035,0.017,11.886,,1.899,1.349,5.734,2.904,2.581,0.113,5.145,2.523,1.905,1.053,3.606,1.743,2.127,0.869,3.215,1.759,1.463,0.745,2.103,1.005,0.884,0.307,1.595,0.926,0.648,0.356,1.212,0.392,0.685,0.123,1.049,0.319,0.242,-,-,-,-,-,-,-,-,-,-
Operating Cash Flow per Share,12.956,9.641,8.574,7.63,4.671,3.412,2.643,1.832,0.975,0.63,0.068,0.09,0.065,0.046,0.039,0.019,11.89,,1.899,1.349,5.734,2.904,2.581,0.113,5.145,2.523,1.905,1.053,3.606,1.743,2.127,0.869,3.215,1.759,1.463,0.745,2.103,1.005,0.884,0.307,1.595,0.926,0.648,0.356,1.212,0.392,0.685,0.123,1.049,0.319,0.351,-,-,-,-,-,-,-,-,-,-
Cash per Share,27.375,19.258,11.7,12.938,8.648,7.192,8.093,2.962,2.244,1.517,0.361,0.293,0.21,0.191,0.147,-,27.677,,27.677,27.375,26.055,22.277,20.182,19.258,18.985,12.99,12.285,11.7,11.264,10.236,11.135,12.938,13.217,9.79,8.864,8.648,8.101,6.657,5.59,7.192,7.545,6.613,7.606,8.093,8.66,7.328,3.882,2.962,-,-,-,2.244,1.517,0.361,0.322,0.293,0.236,0.21,0.191,0.147,-
Dividends per Share,-,-,-,-,-,-,-,-,-,-,-,-,-,-,-,-,-,,-,-,-,-,-,-,-,-,-,-,-,-,-,-,-,-,-,-,-,-,-,-,-,-,-,-,-,-,-,-,-,-,-,-,-,-,-,-,-,-,-,-,-
Book Value per Share,53.084,40.052,28.349,22.515,15.989,13.488,9.342,1.928,-0.002,2.139,0.23,0.171,0.144,0.142,0.101,-,55.857,,55.857,53.084,52.828,46.506,42.223,40.052,39.547,32.489,29.013,28.349,25.88,23.771,23.64,22.515,20.638,19.114,17.345,15.989,15.065,14.777,13.674,13.488,13.475,11.7,11.81,9.342,8.907,8.17,3.72,1.928,-,-,-,-0.002,2.139,0.23,0.21,0.171,0.167,0.144,0.142,0.101,-
Tangible Book per Share,32.495,22.145,8.79,10.268,7.718,7.9,6.027,0.919,-0.912,1.222,0.209,0.153,0.133,0.141,0.101,-,35.248,,35.248,32.495,32.119,28.469,24.759,22.145,21.383,14.017,10.475,8.79,8.346,9.425,8.05,10.268,8.899,10.125,8.492,7.718,7.056,6.375,5.587,7.9,7.802,6.085,9.142,6.027,5.63,5.384,1.318,0.919,-,-,-,-0.912,1.222,0.209,0.188,0.153,0.157,0.133,0.141,0.101,-
Total Debt per Share,10.274,7.809,7.734,7.727,5.261,3.578,3.378,2.699,1.88,0.087,0.04,0.003,-,-,-,-,8.624,,8.624,10.274,6.635,7.8,6.549,7.809,6.504,7.852,7.762,7.734,7.64,7.794,8.305,7.727,7.627,5.443,5.42,5.261,5.189,5.283,4.808,3.578,3.542,3.317,3.405,3.378,4.497,4.188,4.044,2.699,-,-,-,1.88,0.087,0.04,0.025,0.003,-,-,-,-,-
Month End Stock Price,226.73,194.48,182.45,183.54,107.83,79.03,83.24,-,-,-,-,-,-,-,-,-,150.18,,226.78,226.73,232.73,293.98,215.7,194.48,212.1,167.23,169.45,182.45,137.07,164.76,185.53,183.54,172.43,172.71,140.9,107.83,87.81,105.79,79.53,79.03,81.27,58.97,82.27,83.24,103.94,88.85,-,-,-,-,-,-,-,-,-,-,-,-,-,-,-
,,,,,,,,,,,,,,,,,,,,,,,,,,,,,,,,,,,,,,,,,,,,,,,,,,,,,,,,,,,,,
Ratios:,,,,,,,,,,,,,,,,,,,,,,,,,,,,,,,,,,,,,,,,,,,,,,,,,,,,,,,,,,,,,
ROE %,18.352,23.501,19.888,20.597,17.166,38.776,26.039,92.353,40.573,21.758,26.532,27.724,20.537,27.927,53.572,-,14.55,,19.001,-2.343,36.097,14.075,24.24,1.686,31.266,50.899,16.556,21.945,29.904,19.116,9.053,8.627,28.602,23.157,20.468,15.73,27.505,12.854,13.569,9.895,24.478,48.07,75.334,8.159,18.071,13.158,101.682,55.959,-,-,170.47,-,-,-,-,-,-,-,-,-,-
ROE % Adjusted to Book Value,4.3,4.84,3.09,2.53,2.55,6.62,2.92,-,-,-,-,-,-,-,-,-,6.17,,4.68,-0.55,8.19,2.23,4.74,0.35,5.83,9.89,2.83,3.41,5.65,2.76,1.15,1.06,3.42,2.56,2.52,2.33,4.72,1.8,2.33,1.69,4.06,9.54,10.81,0.92,1.55,1.21,-,-,-,-,-,-,-,-,-,-,-,-,-,-,-
ROA %,10.357,12.869,10.178,10.849,9.782,22.668,13.179,26.661,15.475,13.547,12.49,13.41,11.686,17.051,31.973,"53,253.753",9.57,,10.657,-1.292,21.126,8.399,14.117,0.978,16.948,26.273,8.534,11.145,15.174,9.648,4.558,4.386,14.901,12.808,11.25,8.553,14.812,6.998,7.753,5.864,14.353,29.493,46.024,4.387,9.418,6.193,36.245,20.088,-,-,28.237,-,-,-,-,-,-,-,-,-,-
Return-on-Tangible-Equity,31.274,51.709,53.111,44.104,32.433,63.55,40.81,217.861,114.972,34.239,29.38,30.478,21.348,27.95,53.572,-,27.17,,30.556,-3.841,59.182,23.463,42.514,3.083,63.525,127.802,49.284,69.446,83.548,51.853,22.812,19.423,59.774,45.338,42.089,33.062,61.097,30.573,27.353,16.991,44.419,74.415,105.045,12.774,28.021,23.323,220.789,91.382,-,-,-,-,-,-,-,-,-,-,-,-,-
Return-on-Tangible-Asset,13.498,18.341,14.947,15.074,13.367,29.359,16.118,31.915,20.445,17.525,13.087,14.023,11.944,17.059,31.973,"53,253.753",12.33,,13.532,-1.658,27.365,11.02,18.84,1.318,23.409,38.099,12.914,17.048,22.484,14.126,6.534,6.08,20.46,17.559,15.677,11.963,21.042,10.225,10.888,7.793,19.481,37.677,55.637,5.444,11.556,7.757,44.822,23.296,-,-,35.834,-,-,-,-,-,-,-,-,-,-
ROC (Joel Greenblatt) %,97.88,146.67,124.68,244.62,361.85,720.49,474.66,619.4,374.9,350.92,228.66,184.93,183.7,427.25,505.9,-,102.32,,102.08,-11.89,247.84,76.98,186.14,1.99,229.57,350.97,113,127.94,173.94,87.33,82.8,74.88,343.66,189.23,261.42,330.25,531.33,255.23,306.12,242.45,534.58,922.58,"1,389.26",216.71,478.43,273.23,930.1,521.05,-,-,652.11,-,-,-,-,-,-,-,-,-,-
ROCE %,-,-,-,-,-,-,-,-,-,-,-,-,-,-,-,-,-,,-,-,-,-,-,-,-,-,-,-,-,-,-,-,-,-,-,-,-,-,-,-,-,-,-,-,-,-,-,-,-,-,-,-,-,-,-,-,-,-,-,-,-
ROIC %,6.99,9.13,7.17,13.61,11.64,13.53,18.3,42.41,31,26.33,19.67,23.04,24.63,37.58,28.99,-,6.53,,8.33,-5.36,16.63,5.24,11.79,17.07,14.89,9.45,8.98,3.85,13.4,8.33,3.39,4.96,20.14,14.36,14.07,7.77,17.93,8.5,9.75,6.61,16.84,12.12,13.21,5.52,21.62,11.21,28.36,27.27,-,-,53.63,-,-,-,-,-,-,-,-,-,-
WACC %,6.53,9.69,12.43,18.23,8.19,7.55,7.89,-,-,-,-,-,-,-,-,-,5.67,,6.14,6.53,6.62,8.14,7.86,9.69,13.63,12.55,12.64,12.43,12.68,17.22,18.3,18.23,16.61,17.59,8.14,8.19,8.21,7.43,7.27,7.55,8.03,7.89,8.26,7.89,8.14,8.48,-,-,-,-,-,-,-,-,-,-,-,-,-,-,-
Effective Interest Rate on Debt %,2.81,3.6,3.88,3.4,3.5,3.46,5.84,6.38,10.78,5.31,-,-,-,-,-,-,3.26,,3.07,3.11,3.42,3.33,3.28,3.45,3.94,3.76,3.88,3.9,3.88,3.77,3.64,3.77,3.05,3.29,3.48,2.97,3.08,3.18,3.64,3.56,3.41,3.58,3.63,3.11,8.05,3.33,3.17,3.44,-,-,15.7,-,-,-,-,-,-,-,-,-,-
,,,,,,,,,,,,,,,,,,,,,,,,,,,,,,,,,,,,,,,,,,,,,,,,,,,,,,,,,,,,,
Gross Margin %,41.28,44.6,45.09,57.23,62.42,66.03,68.72,74.54,71.84,67.27,80.36,83.25,86.21,86.66,87.05,82.58,40.08,,39.68,33.05,45.15,41.98,45.03,36.58,47.77,44.93,47.8,40.52,48.15,45.05,45.97,47.52,57.75,60.08,65.21,59.85,64.08,61.73,63.48,60.46,68.3,67.84,66.85,64.8,71.27,66.75,70.93,71.16,77.75,72.59,74.7,-,-,-,-,-,-,-,-,-,-
Operating Margin %,12.502,18.051,15.148,28.115,30.647,29.619,30.589,48.027,32.778,26.717,26.342,25.686,27.692,38.004,37.191,18.373,11.18,,14.993,-4.089,22.164,8.793,22.572,6.238,24.502,17.594,21.21,9.375,22.85,15.856,9.911,15.785,31.905,30.086,34.898,25.877,38.807,26.376,27.412,22.796,37.313,28.844,25.493,14.915,36.373,25.819,43.396,47.403,46.951,48.329,50.288,-,-,-,-,-,-,-,-,-,-
Net Margin %,20.993,29.317,23.322,25.61,27.595,70.652,31.837,44.406,24.718,21.114,26.69,26.441,26.144,38.431,44.748,16.126,19.25,,21.905,-2.862,35.975,18.623,30.916,2.817,32.315,60.992,18.663,27.715,28.241,23.645,10.776,12.383,28.994,32.053,29.258,27.598,33.532,22.23,23.481,22.184,36.181,102.63,152.349,16.603,22.675,17.993,78.651,46.563,44.417,45.142,41.232,-,-,-,-,-,-,-,-,-,-
FCF Margin %,26.294,26.529,26.89,38.347,41.263,45.471,43.977,41.145,34.687,35.491,31.322,49.39,47.216,43.753,58.694,46.484,27.86,,16.333,12.905,46.683,35.016,32.585,1.893,59.772,39.764,30.117,19.843,55.337,36.885,44.633,23.224,66.758,54.644,51.556,34.407,70.267,50.175,46.52,21.014,75.934,68.215,51.371,33.096,74.136,34.851,64.53,14.961,79.605,41.333,32.808,-,-,-,-,-,-,-,-,-,-
,,,,,,,,,,,,,,,,,,,,,,,,,,,,,,,,,,,,,,,,,,,,,,,,,,,,,,,,,,,,,
Debt-to-Equity,0.194,0.195,0.273,0.343,0.329,0.265,0.362,1.037,2.678,0.041,0.173,0.016,-,-,-,-,0.154,,0.154,0.194,0.126,0.168,0.155,0.195,0.164,0.242,0.268,0.273,0.295,0.328,0.351,0.343,0.37,0.285,0.312,0.329,0.344,0.358,0.352,0.265,0.263,0.284,0.288,0.362,0.505,0.513,1.087,1.037,-,-,-,2.678,0.041,0.173,0.119,0.016,-,-,-,-,-
Equity-to-Asset,0.555,0.575,0.51,0.51,0.55,0.596,0.569,0.355,0.163,0.667,0.485,0.453,0.526,0.62,0.597,-0.053,0.569,,0.569,0.555,0.573,0.598,0.591,0.575,0.564,0.52,0.511,0.51,0.502,0.511,0.493,0.51,0.492,0.557,0.549,0.55,0.537,0.54,0.549,0.596,0.59,0.583,0.648,0.569,0.508,0.537,0.354,0.355,-,-,-,0.163,0.667,0.485,0.516,0.453,0.555,0.526,0.62,0.597,-0.053
Debt-to-Asset,0.107,0.112,0.139,0.175,0.181,0.158,0.206,0.368,0.438,0.027,0.084,0.007,-,-,-,-,0.088,,0.088,0.107,0.072,0.1,0.092,0.112,0.093,0.126,0.137,0.139,0.148,0.168,0.173,0.175,0.182,0.158,0.172,0.181,0.185,0.193,0.193,0.158,0.155,0.165,0.187,0.206,0.256,0.275,0.385,0.368,-,-,-,-,-,-,-,-,-,-,-,-,-
Gross-Profit-to-Asset %,20.364,19.578,19.678,24.243,22.126,21.186,28.449,44.752,44.977,43.163,37.608,42.222,38.533,38.451,62.197,"272,696.61",19.93,,19.306,14.933,26.513,18.935,20.561,12.7,25.053,19.353,21.858,16.295,25.869,18.383,19.444,16.83,29.681,24.01,25.073,18.548,28.307,19.434,20.959,15.981,27.093,19.494,20.195,17.122,29.603,22.975,32.686,30.699,-,-,51.156,-,-,-,-,-,-,-,-,-,-
,,,,,,,,,,,,,,,,,,,,,,,,,,,,,,,,,,,,,,,,,,,,,,,,,,,,,,,,,,,,,
Asset Turnover,0.493,0.439,0.436,0.424,0.354,0.321,0.414,0.6,0.626,0.642,0.468,0.507,0.447,0.444,0.715,"3,302.329",0.5,,0.122,0.113,0.147,0.113,0.114,0.087,0.131,0.108,0.114,0.101,0.134,0.102,0.106,0.089,0.128,0.1,0.096,0.077,0.11,0.079,0.083,0.066,0.099,0.072,0.076,0.066,0.104,0.086,0.115,0.108,-,-,0.171,-,-,-,-,-,-,-,-,-,-
Dividend Payout Ratio,-,-,-,-,-,-,-,-,-,-,-,-,-,-,-,-,-,,-,-,-,-,-,-,-,-,-,-,-,-,-,-,-,-,-,-,-,-,-,-,-,-,-,-,-,-,-,-,-,-,-,-,-,-,-,-,-,-,-,-,-
,,,,,,,,,,,,,,,,,,,,,,,,,,,,,,,,,,,,,,,,,,,,,,,,,,,,,,,,,,,,,
Days Sales Outstanding,11.56,12.24,10.42,8.24,6.54,4.19,3.21,1.4,1.52,1.82,2.76,2.99,3.57,-,-,-,10.71,,11.85,13.18,9.05,13.44,11.85,15.79,-,-,11.24,13.44,-,-,8.41,10.73,-,-,7.88,10.38,-,-,3.48,4.56,-,-,4.78,5.59,-,3.25,2.54,2.04,-,-,1.13,-,-,-,-,-,-,-,-,-,-
Days Payable,-,-,-,-,-,-,-,-,-,0.91,4.59,7.7,13.46,12.55,16.79,-,-,,-,-,-,-,-,-,-,-,-,-,-,-,-,-,-,-,-,-,-,-,-,-,-,-,-,-,-,-,-,-,-,-,-,-,-,-,-,-,-,-,-,-,-
Days Inventory,18.04,15.37,11.78,9.23,5.87,-,-,-,-,-,-,-,-,-,-,-,16.06,,20.21,20.26,14.22,19.97,16.18,18.7,-,-,13.34,14,-,-,9.69,12.73,-,-,4.94,5.64,-,-,-,-,-,-,-,-,-,-,-,-,-,-,-,-,-,-,-,-,-,-,-,-,-
Cash Conversion Cycle,29.6,27.61,22.19,17.47,12.41,4.19,3.21,1.4,1.52,0.92,-1.83,-4.71,-9.89,-12.55,-16.79,-,26.77,,32.06,33.45,23.27,33.41,28.03,34.5,-,-,24.58,27.44,-,-,18.09,23.46,-,-,12.82,16.02,-,-,3.48,4.56,-,-,4.78,5.59,-,3.25,2.54,2.04,-,-,1.13,-,-,-,-,-,-,-,-,-,-
,,,,,,,,,,,,,,,,,,,,,,,,,,,,,,,,,,,,,,,,,,,,,,,,,,,,,,,,,,,,,
Inventory Turnover,20.23,23.74,31,39.56,62.16,-,-,-,-,-,-,-,-,-,-,-,22.72,,4.51,4.5,6.42,4.57,5.64,4.88,-,-,6.84,6.52,-,-,9.42,7.17,-,-,18.48,16.19,-,-,-,-,-,-,-,-,-,-,-,-,-,-,-,-,-,-,-,-,-,-,-,-,-
COGS-to-Revenue,0.59,0.55,0.55,0.43,0.38,0.34,0.31,0.25,0.28,0.33,0.2,0.17,0.14,0.13,0.13,0.17,0.6,,0.6,0.67,0.55,0.58,0.55,0.63,0.52,0.55,0.52,0.59,0.52,0.55,0.54,0.52,0.42,0.4,0.35,0.4,0.36,0.38,0.37,0.4,0.32,0.32,0.33,0.35,0.29,0.33,0.29,0.29,0.22,0.27,0.25,-,-,-,-,-,-,-,-,-,-
Inventory-to-Revenue,0.029,0.023,0.018,0.011,0.006,-,-,-,-,-,-,-,-,-,-,-,0.026,,0.134,0.149,0.085,0.127,0.097,0.13,-,-,0.076,0.091,-,-,0.057,0.073,-,-,0.019,0.025,-,-,-,-,-,-,-,-,-,-,-,-,-,-,-,-,-,-,-,-,-,-,-,-,-
Capex-to-Revenue,0.06,0.09,0.13,0.12,0.11,0.11,0.1,0.09,0.07,0.11,0.03,0.05,0.11,0.09,0.06,0.07,-,,-,-,-,-,-,-,-,-,-,-,-,-,-,-,-,-,-,-,-,-,-,-,-,-,-,-,-,-,-,-,-,-,0.15,-,-,-,-,-,-,-,-,-,-
,,,,,,,,,,,,,,,,,,,,,,,,,,,,,,,,,,,,,,,,,,,,,,,,,,,,,,,,,,,,,
Income Statement:,,,,,,,,,,,,,,,,,,,,,,,,,,,,,,,,,,,,,,,,,,,,,,,,,,,,,,,,,,,,,
Revenue,"110,167.412","72,603.233","56,145.652","39,615.348","22,958.079","15,554.001","12,214.92","8,505.565","5,553.464","3,172.277","1,010.821",835.765,567.518,438.309,293.526,174.365,"117,379.34",,"32,021.79","28,781.735","33,808.512","22,767.304","21,711.336","16,282.886","23,020.089","16,730.675","16,661.206","13,930.184","17,037.059","12,421.117","12,516.434","9,803.4","12,592.975","8,391.232","7,372.844","5,596.026","7,695.02","5,141.075","4,879.803","3,719.071","5,356.251","3,481.846","3,262.586","2,793.095","4,230.197","2,741.683","2,531.217","1,949.003","3,086.206","1,789.274","1,757.034",-,-,-,-,-,-,-,-,-,-
Cost of Goods Sold,"64,692.285","40,220.355","30,830.167","16,944.313","8,628.227","5,283.19","3,820.408","2,165.757","1,563.697","1,038.257",198.478,140.009,78.277,58.456,38.016,30.379,"70,336.33",,"19,314.708","19,268.304","18,544.493","13,208.822","11,935.58","10,327.185","12,023.896","9,214.052","8,696.667","8,285.284","8,834.348","6,824.992","6,762.463","5,145.155","5,320.33","3,349.368","2,565.157","2,246.881","2,763.953","1,967.407","1,782.31","1,470.466","1,698.066","1,119.888","1,081.512",983.073,"1,215.138",911.668,735.884,562.134,686.72,490.376,444.557,-,-,-,-,-,-,-,-,-,-
Gross Profit,"45,475.126","32,382.879","25,315.484","22,671.036","14,329.852","10,270.811","8,394.512","6,339.808","3,989.767","2,134.02",812.343,695.756,489.241,379.853,255.509,143.985,"47,043.01",,"12,707.082","9,513.431","15,264.019","9,558.482","9,775.757","5,955.701","10,996.193","7,516.623","7,964.539","5,644.899","8,202.711","5,596.126","5,753.971","4,658.245","7,272.645","5,041.863","4,807.687","3,349.144","4,931.067","3,173.668","3,097.493","2,248.604","3,658.185","2,361.957","2,181.074","1,810.021","3,015.06","1,830.015","1,795.333","1,386.868","2,399.486","1,298.899","1,312.478",-,-,-,-,-,-,-,-,-,-
Gross Margin %,41.28,44.6,45.09,57.23,62.42,66.03,68.72,74.54,71.84,67.27,80.36,83.25,86.21,86.66,87.05,82.58,40.08,,39.68,33.05,45.15,41.98,45.03,36.58,47.77,44.93,47.8,40.52,48.15,45.05,45.97,47.52,57.75,60.08,65.21,59.85,64.08,61.73,63.48,60.46,68.3,67.84,66.85,64.8,71.27,66.75,70.93,71.16,77.75,72.59,74.7,-,-,-,-,-,-,-,-,-,-
,,,,,,,,,,,,,,,,,,,,,,,,,,,,,,,,,,,,,,,,,,,,,,,,,,,,,,,,,,,,,
"Selling, General, & Admin. Expense","21,002.166","11,234.243","9,634.977","6,892.076","4,141.717","3,154.382","2,614.849","1,419.592","1,046.111",834.693,422.467,393.835,297.847,208.695,131.196,98.463,"22,957.92",,"5,323.58","8,122.84","5,204.686","4,306.816","2,893.273","2,855.922","3,309.951","2,612.846","2,467.199","2,571.701","2,608.626","2,025.499","2,407.697","1,929.908","1,989.019","1,477.394","1,253.049","1,120.685","1,123.876","1,003.418",964.761,798.745,952.226,736.855,722.781,802.744,879.036,604.249,346.034,290.301,649.182,236.936,257.246,-,-,-,-,-,-,-,-,-,-
Research & Development,"8,790.797","6,136.315","5,577.407","3,601.798","2,474.616","2,120.35","1,708.396",825.058,603.823,458.931,123.605,87.248,56.292,31.229,17.846,13.486,"9,053.71",,"2,104.125","2,043.036","2,080.804","2,825.742","1,564.901","1,508.012","1,579.338","1,537.596","1,519.057","1,290.097","1,293.055","1,220.259","1,780.328","1,058.347",953.862,773.786,689.919,655.352,638.747,619.772,605.233,549.464,581.321,506.47,522.304,487.609,498.174,420.482,313.292,194.398,281.043,190.856,165.955,-,-,-,-,-,-,-,-,-,-
Other Operating Expense,"1,908.646","1,906.987","1,598.206","1,039.193",677.546,389.069,334.851,10.206,519.516,-7.129,-,-,-22.053,-26.647,-2.698,-,"1,911.91",,478.288,524.505,485.067,424.045,416.855,576.027,466.516,422.565,444.496,477.212,408.065,380.884,325.44,122.519,311.988,266.098,291.776,125.036,182.231,194.447,189.856,52.594,126.064,114.329,104.267,103.068,99.215,97.423,37.557,-21.708,20.251,6.373,5.706,-,-,-,-,-,-,-,-,-,-
Total Operating Expense,"31,701.608","19,277.544","16,810.59","11,533.067","7,293.879","5,663.801","4,658.096","2,254.856","2,169.45","1,286.495",546.072,481.083,332.086,213.277,146.345,111.949,"33,923.53",,"7,905.992","10,690.381","7,770.556","7,556.603","4,875.028","4,939.962","5,355.804","4,573.007","4,430.752","4,339.01","4,309.746","3,626.643","4,513.465","3,110.773","3,254.869","2,517.278","2,234.743","1,901.073","1,944.854","1,817.637","1,759.849","1,400.803","1,659.611","1,357.654","1,349.352","1,393.422","1,476.424","1,122.153",696.883,462.991,950.476,434.165,428.907,-,-,-,-,-,-,-,-,-,-
Operating Income,"13,773.518","13,105.334","8,504.894","11,137.968","7,035.973","4,607.009","3,736.415","4,084.952","1,820.317",847.525,266.271,214.673,157.154,166.577,109.164,32.036,"13,119.48",,"4,801.089","-1,176.949","7,493.463","2,001.879","4,900.729","1,015.74","5,640.39","2,943.616","3,533.787","1,305.89","3,892.965","1,969.483","1,240.507","1,547.472","4,017.776","2,524.585","2,572.944","1,448.071","2,986.213","1,356.031","1,337.643",847.802,"1,998.573","1,004.303",831.722,416.6,"1,538.636",707.862,"1,098.45",923.877,"1,449.011",864.734,883.571,-,-,-,-,-,-,-,-,-,-
Operating Margin %,12.502,18.051,15.148,28.115,30.647,29.619,30.589,48.027,32.778,26.717,26.342,25.686,27.692,38.004,37.191,18.373,11.18,,14.993,-4.089,22.164,8.793,22.572,6.238,24.502,17.594,21.21,9.375,22.85,15.856,9.911,15.785,31.905,30.086,34.898,25.877,38.807,26.376,27.412,22.796,37.313,28.844,25.493,14.915,36.373,25.819,43.396,47.403,46.951,48.329,50.288,-,-,-,-,-,-,-,-,-,-
,,,,,,,,,,,,,,,,,,,,,,,,,,,,,,,,,,,,,,,,,,,,,,,,,,,,,,,,,,,,,
  Interest Income,"11,180.328","10,391.852","6,571.314","4,827.144","1,241.514","8,035.739","1,515.564",266.973,6.275,40.871,-,-,-,35.754,55.143,-,"9,877.31",,"2,194.708",17.048,"6,122.368","1,543.183","3,125.988","-1,098.925","2,443.218","8,905.07",27.11,"2,780.882","1,679.329",967.893,"1,120.787",307.88,"3,585.967",522.911,216.261,950.537,120.957,62.817,113.823,580.989,456.498,"2,850.367","4,412.751",295.9,50.577,76.244,"1,095.882",92.015,48.734,51.962,75.968,-,-,-,-,-,-,-,-,-,-
  Interest Expense,-687.463,-737.839,-773.253,-564.473,-387.438,-299.26,-440.804,-355.587,-252.92,-10.772,-,-,-,-0.124,-,-,-704.01,,-197.198,-178.163,-166.99,-161.66,-158.58,-165.943,-186.635,-191.18,-195.138,-194.133,-193.791,-195.475,-187.623,-185.994,-128.011,-113.716,-117.533,-98.056,-101.304,-100.147,-95.004,-78.429,-73.654,-76.01,-76.871,-76.139,-217.174,-84.878,-65.804,-57.185,-63.716,-61.113,-176.225,-,-,-,-,-,-,-,-,-,-
Net Interest Income,"10,492.866","9,654.013","5,798.06","4,262.671",854.076,"7,736.479","1,074.76",-88.613,-246.645,30.099,41.506,23.803,20.643,34.901,55.143,-,"9,173.3",,"1,997.51",-161.114,"5,955.377","1,381.523","2,967.408","-1,264.867","2,256.584","8,713.89",-168.027,"2,586.749","1,485.538",772.418,933.164,121.886,"3,457.957",409.195,98.728,852.48,19.654,-37.33,18.819,502.56,382.844,"2,774.358","4,335.88",219.761,-166.597,-8.634,"1,030.077",34.83,-14.982,-9.151,-100.258,-,-,-,-,-,-,-,-,-,-
Other Income (Expense),"1,164.509",977.566,32.927,492.449,817.377,184.846,370.436,345.543,53.255,-1.267,28.812,18.145,-5.491,-2.347,-8.307,5.217,"1,261.28",,335.72,324.84,432.156,168.561,210.828,168.079,140.725,364.789,304.594,215.885,56.22,-223.483,-12.838,52.078,-127.707,264.424,277.231,-1.596,435.706,130.131,267.559,-143.018,178.63,67.372,88.796,79.505,117.312,61.582,114.114,161.836,90.224,56.374,39.288,-,-,-,-,-,-,-,-,-,-
Pretax Income,"25,430.893","23,736.913","14,335.881","15,893.089","8,707.427","12,528.334","5,181.611","4,341.881","1,626.927",876.356,336.589,256.622,172.306,199.13,156.001,37.253,"23,554.05",,"7,134.319","-1,013.224","13,880.996","3,551.963","8,078.965",-81.048,"8,037.698","12,022.295","3,670.354","4,108.524","5,434.723","2,518.417","2,160.833","1,721.436","7,348.025","3,198.204","2,948.903","2,298.956","3,441.573","1,448.832","1,624.021","1,207.345","2,560.047","3,846.033","5,256.398",715.866,"1,489.351",760.809,"2,242.641","1,120.543","1,524.252",911.958,822.601,-,-,-,-,-,-,-,-,-,-
Tax Provision,"-4,496.767","-2,928.851","-2,466.217","-2,880.774","-1,998.259","-1,299.306","-1,028.436",-517.747,-234.418,-133.386,-67.404,-35.557,-23.932,-30.686,-24.653,-9.135,"-4,184.92",,"-1,415.72","-1,082.646","-1,405.961",-280.592,"-1,570.831",-374.332,"-1,198.654",-395.715,-973.078,-748.67,-811.482,-40.408,-876.243,-659.132,"-1,010.587",-413.914,-683.601,-660.429,-738.461,-303.139,-317.337,-280.653,-551.86,-262.422,-224.65,-192.832,-392.496,-218.142,-231.92,-198.772,-121.999,-104.088,-96.345,-,-,-,-,-,-,-,-,-,-
Tax Rate %,17.68,12.34,17.2,18.13,22.95,10.37,19.85,11.92,14.41,15.22,20.03,13.86,13.89,15.41,15.8,24.52,17.77,,19.84,-106.85,10.13,7.9,19.44,-461.86,14.91,3.29,26.51,18.22,14.93,1.6,40.55,38.29,13.75,12.94,23.18,28.73,21.46,20.92,19.54,23.25,21.56,6.82,4.27,26.94,26.35,28.67,10.34,17.74,8,11.41,11.71,-,-,-,-,-,-,-,-,-,-
Net Income (Continuing Operations),"22,006.789","19,991.454","11,953.992","9,721.088","5,979.983","10,962.985","3,898.311","3,791.249","1,391.544",739.01,269.185,221.064,148.374,168.445,131.348,28.118,"21,310.24",,"6,666.926","-1,175.567","11,924.365","3,894.517","6,557.416",49.569,"7,147.725","9,945.317","2,772.228","3,483.216","4,498.162","2,660.939","1,183.276","1,051.224","3,538.798","2,650.023","2,061.382","1,429.069","2,479.407","1,060.688","1,083.895",817.199,"1,931.432","3,565.394","4,966.157",459.879,966.778,493.63,"1,996.276",917.073,"1,375.91",806.726,725.115,-,-,-,-,-,-,-,-,-,-
Net Income (Discontinued Operations),-,-,-,-,-,-,-,-,-,-,-,-,-,-,-,-,-,,-,-,-,-,-,-,-,-,-,-,-,-,-,-,-,-,-,-,-,-,-,-,-,-,-,-,-,-,-,-,-,-,-,-,-,-,-,-,-,-,-,-,-
  Other Income (Minority Interest),"1,120.275","1,293.782","1,140.065",424.383,355.236,26.297,-9.457,-14.256,-18.824,-69.228,0.604,-0.082,-,-,-,-,"1,282.56",,347.549,351.411,238.252,345.344,154.767,409.088,291.144,259.078,337.214,377.538,313.204,275.999,165.504,162.725,112.389,39.58,95.789,115.318,100.87,82.156,61.92,7.843,6.513,8.009,4.351,3.847,-7.595,-0.326,-5.457,-9.558,-5.104,0.98,-0.652,-,-,-,-,-,-,-,-,-,-
Net Income,"23,127.064","21,285.236","13,094.057","10,145.471","6,335.219","10,989.281","3,888.853","3,776.993","1,372.719",669.782,269.789,220.982,148.374,168.445,131.348,28.118,"22,592.8",,"7,014.475",-824.156,"12,162.617","4,239.861","6,712.184",458.657,"7,438.87","10,204.394","3,109.442","3,860.755","4,811.366","2,936.937","1,348.78","1,213.949","3,651.186","2,689.603","2,157.171","1,544.386","2,580.277","1,142.844","1,145.814",825.042,"1,937.945","3,573.403","4,970.509",463.726,959.183,493.304,"1,990.82",907.515,"1,370.806",807.706,724.463,-,-,-,-,-,-,-,-,-,-
Net Margin %,20.993,29.317,23.322,25.61,27.595,70.652,31.837,44.406,24.718,21.114,26.69,26.441,26.144,38.431,44.748,16.126,19.25,,21.905,-2.862,35.975,18.623,30.916,2.817,32.315,60.992,18.663,27.715,28.241,23.645,10.776,12.383,28.994,32.053,29.258,27.598,33.532,22.23,23.481,22.184,36.181,102.63,152.349,16.603,22.675,17.993,78.651,46.563,44.417,45.142,41.232,-,-,-,-,-,-,-,-,-,-
,,,,,,,,,,,,,,,,,,,,,,,,,,,,,,,,,,,,,,,,,,,,,,,,,,,,,,,,,,,,,
Preferred Dividends,-,-,-,-,-,-,15.548,33.696,17.859,-,-,-,-,-,-,-,-,,-,-,-,-,-,-,-,-,-,-,-,-,-,-,-,-,-,-,-,-,-,-,-,-,-,-,-,7.331,8.346,8.424,8.561,8.497,8.477,-,-,-,-,-,-,-,-,-,-
EPS (Basic),8.54,8.091,5.054,3.964,2.541,4.47,1.656,1.719,0.589,0.296,0.054,0.044,0.029,0.033,0.027,0.006,8.33,,2.59,-0.307,4.49,1.562,2.497,0.171,2.829,3.925,1.183,1.493,1.859,1.132,0.52,0.467,1.427,1.053,0.848,0.615,1.039,0.462,0.463,0.337,0.792,1.453,2.006,0.189,0.391,0.217,0.902,0.41,0.624,0.369,0.325,-,-,0.025,0.028,0.023,0.104,0.009,0.033,0.027,-0.334
EPS (Diluted),8.404,7.965,4.97,3.875,2.462,4.289,1.555,1.62,0.574,0.287,0.053,0.043,0.029,0.033,0.027,0.006,8.2,,2.553,-0.307,4.416,1.539,2.451,0.16,2.783,3.869,1.171,1.466,1.836,1.109,0.51,0.456,1.395,1.032,0.83,0.598,1.003,0.445,0.446,0.324,0.76,1.393,1.921,0.18,0.37,0.202,0.835,0.384,0.584,0.348,0.3,-,-,0.025,0.028,0.023,0.104,0.009,0.033,0.027,-0.334
Shares Outstanding (Diluted Average),"2,747.75","2,668.25","2,623.5","2,610.125","2,573","2,562","2,500","2,332","2,389","2,332","5,078.82","5,072.263","5,079.627","5,056.348","4,859.882","4,825","2,754.75",,"2,754.75","2,752.625","2,752.625","2,745","2,740.75","2,727.875","2,674.125","2,636.625","2,634.375","2,625","2,614.125","2,627.875","2,627","2,619.5","2,615","2,607","2,599","2,585","2,571","2,566","2,568","2,547","2,550","2,564","2,588","2,599","2,588","2,438","2,384","2,368","2,343","2,317","2,384","2,389","2,332","5,078.82","5,074.524","5,072.263","5,072.473","5,079.627","5,056.348","4,859.882","4,825"
,,,,,,,,,,,,,,,,,,,,,,,,,,,,,,,,,,,,,,,,,,,,,,,,,,,,,,,,,,,,,
EBIT,"26,118.355","24,474.753","15,109.135","16,457.562","9,094.865","12,827.595","5,622.415","4,697.468","1,879.847",887.129,266.271,214.673,157.154,166.577,109.164,32.036,"24,258.07",,"7,331.518",-835.061,"14,047.987","3,713.623","8,237.545",84.894,"8,224.332","12,213.475","3,865.491","4,302.656","5,628.514","2,713.892","2,348.456","1,907.43","7,476.036","3,311.92","3,066.436","2,397.012","3,542.877","1,548.979","1,719.025","1,285.774","2,633.701","3,922.043","5,333.269",792.005,"1,706.525",845.688,"2,308.445","1,177.728","1,587.968",973.071,998.826,-,-,-,-,-,-,-,-,-,-
"Depreciation, Depletion and Amortization","7,358.276","6,043.302","5,524.516","3,485.611","2,073.107","1,083.857",721.155,267.945,150.433,137.822,39.805,34.035,18.54,12.908,8.043,-,"1,911.91",,478.288,524.505,485.067,424.045,416.855,576.027,466.516,422.565,444.496,477.212,408.065,380.884,325.44,210.371,311.988,266.098,291.776,190.455,182.231,194.447,189.856,114.26,126.064,114.329,104.267,103.068,99.215,97.423,37.557,19.116,20.251,6.373,45.32,-,-,-,-,-,-,-,-,-,-
EBITDA,"33,476.631","30,518.054","20,633.651","19,943.173","11,167.972","13,911.452","6,343.571","4,965.413","2,030.28","1,024.95",306.077,248.708,175.694,179.485,117.207,32.036,"26,169.97",,"7,809.805",-310.556,"14,533.054","4,137.668","8,654.4",660.922,"8,690.848","12,636.04","4,309.987","4,779.869","6,036.579","3,094.776","2,673.895","2,117.802","7,788.024","3,578.018","3,358.211","2,587.467","3,725.108","1,743.426","1,908.881","1,400.034","2,759.765","4,036.372","5,437.536",895.073,"1,805.74",943.11,"2,346.002","1,196.844","1,608.219",979.444,"1,044.146",-,-,-,-,-,-,-,-,-,-
,,,,,,,,,,,,,,,,,,,,,,,,,,,,,,,,,,,,,,,,,,,,,,,,,,,,,,,,,,,,,
Balance Sheet:,,,,,,,,,,,,,,,,,,,,,,,,,,,,,,,,,,,,,,,,,,,,,,,,,,,,,,,,,,,,,
  Cash And Cash Equivalents,"49,342.18","47,076.846","28,304.355","31,549.213","20,849.434","16,426.715","17,342.513","5,353.238","4,890.433","2,670.416",540.791,464.106,402.591,392.324,586.462,0.002,"45,417.743",,"45,417.743","49,342.18","47,732.479","44,270.549","43,671.91","47,076.846","49,984.316","32,919.156","30,523.073","28,304.355","27,485.8","23,978.498","25,969.436","31,549.213","32,184.068","22,643.629","21,324.009","20,849.434","19,363.132","15,544.361","12,481.94","16,426.715","17,103.317","15,193.637","16,770.451","17,342.513","17,297.935","14,350.95","8,331.782","5,353.238",-,-,-,"4,890.433","2,670.416",540.791,448.602,464.106,304.883,402.591,392.324,586.462,0.002
  Marketable Securities,"24,909.46","4,659.497","1,965.017","1,725.552","1,024.804","1,365.279","2,854.166","1,948.679",469.64,868.119,"1,294.659","1,022.98",661.7,572.429,129.256,-,"29,812.14",,"29,812.14","24,909.46","22,941.905","16,032.949","10,914.341","4,659.497",946.006,960.541,"1,461.502","1,965.017","1,654.198","2,503.538","2,669.1","1,725.552","1,810.35","2,475.872","1,097.464","1,024.804","1,128.212","1,098.018","1,493.656","1,365.279","1,563.164","1,761.731","2,210.243","2,854.166","4,243.448","3,863.999","1,236.96","1,948.679",-,-,-,469.64,868.119,"1,294.659","1,187.073","1,022.98",892.247,661.7,572.429,129.256,-
"Cash, Cash Equivalents, Marketable Securities","74,251.64","51,736.344","30,269.372","33,274.765","21,874.238","17,791.994","20,196.679","7,301.916","5,360.073","3,538.535","1,835.449","1,487.086","1,064.291",964.753,715.718,0.002,"75,229.883",,"75,229.883","74,251.64","70,674.384","60,303.497","54,586.252","51,736.344","50,930.322","33,879.697","31,984.575","30,269.372","29,139.997","26,482.035","28,638.536","33,274.765","33,994.418","25,119.501","22,421.473","21,874.238","20,491.344","16,642.38","13,975.596","17,791.994","18,666.481","16,955.368","18,980.694","20,196.679","21,541.383","18,214.949","9,568.741","7,301.916",-,-,-,"5,360.073","3,538.535","1,835.449","1,635.675","1,487.086","1,197.129","1,064.291",964.753,715.718,0.002
  Accounts Receivable,"4,158.565","2,818.318","2,051.729","1,153.006",636.496,185.923,171.032,43.578,21.72,24.554,7.166,8.145,5.555,-,-,-,-,,-,"4,158.565",-,"3,353.302",-,"2,818.318",-,-,-,"2,051.729",-,-,-,"1,153.006",-,-,-,636.496,-,-,-,185.923,-,-,-,171.032,-,-,97.583,43.578,-,-,-,21.72,24.554,7.166,6.407,8.145,6.503,5.555,-,-,-
  Notes Receivable,-,-,-,-,-,-,-,-,-,-,-,-,-,-,-,-,-,,-,-,-,-,-,-,-,-,-,-,-,-,-,-,-,-,-,-,-,-,-,-,-,-,-,-,-,-,-,-,-,-,-,-,-,-,-,-,-,-,-,-,-
  Loans Receivable,-,-,-,66.325,117.784,59.975,133.844,"2,131.737",712.102,92.04,1.18,-,-,-,-,-,-,,-,-,-,-,-,-,-,-,-,-,-,-,-,66.325,-,-,-,117.784,-,-,-,59.975,-,-,63.012,133.844,"3,826.229","3,125.672","2,350.014","2,131.737",-,-,-,712.102,92.04,1.18,-,-,-,-,-,-,-
  Other Current Receivables,"8,742.724","6,213.945","4,384.749","3,949.568","2,982.594","1,745.121","1,591.222",443.552,53.898,112.158,86.95,50.79,5.555,1.85,3.572,-,-,,-,"8,742.724",-,"6,895.721",-,"6,213.945",-,-,-,"4,384.749",-,-,-,"3,949.568",-,-,-,"2,982.594",-,-,-,"1,745.121",-,-,-,"1,591.222",-,-,757.712,443.552,-,-,-,53.898,112.158,86.95,10.659,50.79,10.788,5.555,1.85,3.572,-
Total Receivables,"8,742.724","6,213.945","4,384.749","4,015.893","3,100.377","1,805.096","1,725.067","2,575.289",766.001,204.198,88.13,50.79,5.555,1.85,3.572,-,-,,-,"8,742.724",-,"6,895.721",-,"6,213.945",-,-,-,"4,384.749",-,-,-,"4,015.893",-,-,-,"3,100.377",-,-,-,"1,805.096",-,-,63.012,"1,725.067","3,826.229","3,125.672","3,107.726","2,575.289",-,-,-,766.001,204.198,88.13,10.659,50.79,10.788,5.555,1.85,3.572,-
"  Inventories, Raw Materials & Components",-,-,-,-,-,-,-,-,-,-,-,-,-,-,-,-,-,,-,-,-,-,-,-,-,-,-,-,-,-,-,-,-,-,-,-,-,-,-,-,-,-,-,-,-,-,-,-,-,-,-,-,-,-,-,-,-,-,-,-,-
"  Inventories, Work In Process",-,-,-,-,-,-,-,-,-,-,-,-,-,-,-,-,-,,-,-,-,-,-,-,-,-,-,-,-,-,-,-,-,-,-,-,-,-,-,-,-,-,-,-,-,-,-,-,-,-,-,-,-,-,-,-,-,-,-,-,-
"  Inventories, Inventories Adjustments",-,-,-,-,-,-,-,-,-,-,-,-,-,-,-,-,-,,-,-,-,-,-,-,-,-,-,-,-,-,-,-,-,-,-,-,-,-,-,-,-,-,-,-,-,-,-,-,-,-,-,-,-,-,-,-,-,-,-,-,-
"  Inventories, Finished Goods",-,-,-,-,-,-,-,-,-,-,-,-,-,-,-,-,-,,-,-,-,-,-,-,-,-,-,-,-,-,-,-,-,-,-,-,-,-,-,-,-,-,-,-,-,-,-,-,-,-,-,-,-,-,-,-,-,-,-,-,-
"  Inventories, Other","4,278.671","2,116.516","1,271.473",717.859,138.816,-,-,-,-,-,-,-,-,-,-,-,-,,-,"4,278.671",-,"2,890.347",-,"2,116.516",-,-,-,"1,271.473",-,-,-,717.859,-,-,-,138.816,-,-,-,-,-,-,-,-,-,-,-,-,-,-,-,-,-,-,-,-,-,-,-,-,-
Total Inventories,"4,278.671","2,116.516","1,271.473",717.859,138.816,-,-,-,-,-,-,-,-,-,-,-,-,,-,"4,278.671",-,"2,890.347",-,"2,116.516",-,-,-,"1,271.473",-,-,-,717.859,-,-,-,138.816,-,-,-,-,-,-,-,-,-,-,-,-,-,-,-,-,-,-,-,-,-,-,-,-,-
Other Current Assets,"11,539.73","5,871.95","4,342.14","2,649.82","1,266.61","1,015.12",857.24,"1,111.63",818.29,676.91,162.22,122.35,122.82,72.21,36.29,0.05,"25,491.83",,"25,491.83","11,539.73","20,730.81","6,692.95","14,792.42","5,871.95","14,576.61","13,309.11","10,150.05","4,342.14","8,874.44","8,219.57","8,018.9","2,649.82","6,697.51","6,034.1","4,962.83","1,266.61","3,863.12","3,795.69","3,187.03","1,015.12","2,519.73","2,202.71","2,695.64",857.24,"2,133.92","1,697.73","1,370.98","1,111.63",-,-,-,818.29,676.91,162.22,121.7,122.35,125.21,122.82,72.21,36.29,0.05
Total Current Assets,"98,812.76","65,938.751","40,267.733","40,658.34","26,380.041","20,612.207","22,778.989","10,988.838","6,944.364","4,419.644","2,085.803","1,660.228","1,192.661","1,038.809",755.577,0.053,"100,721.712",,"100,721.712","98,812.76","91,405.196","76,782.515","69,378.671","65,938.751","65,506.936","47,188.805","42,134.625","40,267.733","38,014.44","34,701.609","36,657.438","40,658.34","40,691.925","31,153.6","27,384.303","26,380.041","24,354.461","20,438.068","17,162.63","20,612.207","21,186.212","19,158.082","21,739.348","22,778.989","27,501.535","23,038.35","14,047.443","10,988.838",-,-,-,"6,944.364","4,419.644","2,085.803","1,768.031","1,660.228","1,333.126","1,192.661","1,038.809",755.577,0.053
,,,,,,,,,,,,,,,,,,,,,,,,,,,,,,,,,,,,,,,,,,,,,,,,,,,,,,,,,,,,,
Investments And Advances,"67,181.188","49,990.884","35,987.425","28,159.053","22,022.048","18,585.049","7,772.257","3,351.585",289.121,299.406,36.95,9.634,3.836,4.628,-,-,"70,745.992",,"70,745.992","67,181.188","65,109.11","58,523.919","52,781.292","49,990.884","51,618.547","46,523.047","36,868.086","35,987.425","33,097.172","31,989.322","30,601.073","28,159.053","24,928.714","24,341.452","22,016.719","22,022.048","22,312.206","23,602.291","21,683.209","18,585.049","17,882.495","15,034.707","14,805.808","7,772.257","6,002.812","5,753.641","4,435.046","3,351.585",-,-,-,289.121,299.406,36.95,35.85,9.634,3.56,3.836,4.628,-,-
  Land And Improvements,-,-,-,-,680.447,442.278,497.708,268.917,304.888,269.465,-,-,-,6.444,4.847,-,-,,-,-,-,-,-,-,-,-,-,-,-,-,-,-,"1,404.022","1,031.968",973.908,680.447,681.812,711.073,723.912,442.278,448.59,457.001,471.701,497.708,478.784,259.522,264.822,268.917,-,-,-,304.888,269.465,-,-,-,-,-,6.444,4.847,-
  Buildings And Improvements,"15,218.633","10,033.616","9,228.385","7,267.072","1,527.27",946.53,453.307,394.304,143.514,136.713,50.452,48.549,71.983,-,-,-,-,,-,"15,218.633",-,-,-,"10,033.616",-,-,-,"9,228.385",-,-,-,"7,267.072",-,-,-,"1,527.27",-,-,-,946.53,-,-,-,453.307,-,-,-,394.304,-,-,-,143.514,136.713,50.452,-,48.549,-,71.983,-,-,-
"  Machinery, Furniture, Equipment","15,658.204","10,556.513","8,503.702","5,684.142","2,801.131","2,117.889","1,644.439",963.405,624.578,493.307,119.11,104.726,83.175,50.37,30.471,-,-,,-,"15,658.204",-,-,-,"10,556.513",-,-,-,"8,503.702",-,-,-,"5,684.142",-,-,-,"2,801.131",-,-,-,"2,117.889",-,-,-,"1,644.439",-,-,-,963.405,-,-,-,624.578,493.307,119.11,-,104.726,-,83.175,50.37,30.471,-
  Construction In Progress,"3,065.321","1,542.34","1,036.815",808.877,381.056,289.572,291.412,126.359,276.732,111.208,11.766,4.208,0.668,30.525,5.227,-,-,,-,"3,065.321",-,-,-,"1,542.34",-,-,-,"1,036.815",-,-,-,808.877,-,-,-,381.056,-,-,-,289.572,-,-,-,291.412,-,-,-,126.359,-,-,-,276.732,111.208,11.766,-,4.208,-,0.668,30.525,5.227,-
  Other Gross PPE,"11,064.523","4,936.97",-,-,-680.447,-442.278,-497.708,-268.917,-304.888,-269.465,31.338,28.41,-,-,-,-,"23,751.907",,"23,751.907","11,064.523","22,492.01","22,853.64","15,739.522","4,936.97","14,474.528","14,184.883","13,654.407",-,"13,192.614","12,694.928","12,166.71",-,"8,450.525","6,516.669","5,478.947",-680.447,"2,193.85","1,747.624","1,672.585",-442.278,"1,698.066","1,337.71","1,134.532",-497.708,980.028,"1,135.186",816.615,-268.917,-,-,-,-304.888,-269.465,31.338,113.242,28.41,115.069,-,-,-,-
"Gross Property, Plant and Equipment","45,006.681","27,069.439","18,768.903","13,760.091","4,709.457","3,353.991","2,389.158","1,484.067","1,044.824",741.228,212.666,185.893,155.825,87.338,40.545,-,"23,751.907",,"23,751.907","45,006.681","22,492.01","22,853.64","15,739.522","27,069.439","14,474.528","14,184.883","13,654.407","18,768.903","13,192.614","12,694.928","12,166.71","13,760.091","9,854.547","7,548.638","6,452.855","4,709.457","2,875.661","2,458.697","2,396.497","3,353.991","2,146.656","1,794.711","1,606.233","2,389.158","1,458.811","1,394.709","1,081.437","1,484.067",-,-,-,"1,044.824",741.228,212.666,113.242,185.893,115.069,155.825,87.338,40.545,-
  Accumulated Depreciation,"-11,301.356","-7,406.025","-5,057.435","-3,235.35","-1,778.503","-1,258.093",-924.246,-579.954,-432.152,-351.05,-97.238,-68.422,-41.124,-30.941,-18.967,-,-,,-,"-11,301.356",-,-,-,"-7,406.025",-,-,-,"-5,057.435",-,-,-,"-3,235.35",-,-,-,"-1,778.503",-,-,-,"-1,258.093",-,-,-,-924.246,-,-,-,-579.954,-,-,-,-432.152,-351.05,-97.238,-,-68.422,-,-41.124,-30.941,-18.967,-
"Property, Plant and Equipment","33,705.325","19,663.414","13,711.468","10,524.741","2,930.954","2,095.899","1,464.912",904.113,612.672,390.178,115.428,117.471,114.701,56.398,21.578,-,"23,751.907",,"23,751.907","33,705.325","22,492.01","22,853.64","15,739.522","19,663.414","14,474.528","14,184.883","13,654.407","13,711.468","13,192.614","12,694.928","12,166.71","10,524.741","9,854.547","7,548.638","6,452.855","2,930.954","2,875.661","2,458.697","2,396.497","2,095.899","2,146.656","1,794.711","1,606.233","1,464.912","1,458.811","1,394.709","1,081.437",904.113,-,-,-,612.672,390.178,115.428,113.242,117.471,115.069,114.701,56.398,21.578,-
Intangible Assets,"55,845.428","48,106.118","50,601.171","31,498.876","20,919.495","13,823.642","8,273.17","2,488.134","2,175.725","2,137.347",106.984,90.128,53.92,0.965,-,-,"56,018.833",,"56,018.833","55,845.428","56,173.138","48,828.297","47,231.699","48,106.118","48,729.914","48,179.288","48,264.349","50,601.171","45,361.506","37,112.952","40,098.22","31,498.876","30,191.561","23,065.459","22,391.796","20,919.495","20,257.666","21,004.767","20,217.932","13,823.642","14,035.757","14,397.889","6,656.192","8,273.17","8,150.955","6,926.298","5,920.618","2,488.134",-,-,-,"2,175.725","2,137.347",106.984,110.247,90.128,51.736,53.92,0.965,-,-
  Goodwill,"44,966.287","39,424.827","39,472.43","25,667.047","18,192.631","12,555.554","6,721.54","1,910.447","1,817.099","1,811.644",71.707,55.309,29.679,-,-,-,"45,528.872",,"45,528.872","44,966.287","44,866.117","40,550.319","39,100.768","39,424.827","39,498.268","38,887.358","38,693.188","39,472.43","35,483.969","29,719.333","32,075.761","25,667.047","24,674.361","19,819.759","19,031.381","18,192.631","17,708.604","18,193.308","17,333.515","12,555.554","12,659.906","12,894.811","5,185.006","6,721.54","6,572.892","5,483.855","4,700.831","1,910.447",-,-,-,"1,817.099","1,811.644",71.707,70.963,55.309,29.718,29.679,-,-,-
Other Long Term Assets,"4,053.51","3,322.413","3,218.016","2,674.676","1,262.402",897.627,654.794,338.091,240.692,232.238,64.253,33.174,19.978,53.409,44.412,-,"15,720.623",,"15,720.623","4,053.51","14,887.985","3,510.851","8,211.704","3,322.413","7,801.161","6,930.149","6,787.77","3,218.016","3,684.501","3,815.553","3,701.567","2,674.676","2,237.153","2,005.328","1,634.737","1,262.402","1,136.449",920.212,758.21,897.627,"1,294.909","1,087.38",647.844,654.794,513.363,738.816,386.64,338.091,-,-,-,240.692,232.238,64.253,32.341,33.174,28.165,19.978,53.409,44.412,-
Total Long-Term Assets,"160,785.452","121,082.829","103,518.08","72,857.346","47,134.9","35,402.218","18,165.133","7,081.923","3,318.21","3,059.168",323.615,250.406,192.435,115.4,65.99,-,"166,237.354",,"166,237.354","160,785.452","158,662.242","133,716.706","123,964.217","121,082.829","122,624.15","115,817.366","105,574.612","103,518.08","95,335.793","85,612.755","86,567.57","72,857.346","67,211.976","56,960.877","52,496.107","47,134.9","46,581.982","47,985.967","45,055.849","35,402.218","35,359.818","32,314.687","23,716.077","18,165.133","16,125.941","14,813.463","11,823.741","7,081.923",-,-,-,"3,318.21","3,059.168",323.615,291.681,250.406,198.53,192.435,115.4,65.99,-
Total Assets,"259,598.212","187,021.58","143,785.813","113,515.687","73,514.941","56,014.425","40,944.122","18,070.761","10,262.574","7,478.812","2,409.418","1,910.634","1,385.096","1,154.209",821.567,0.053,"266,959.066",,"266,959.066","259,598.212","250,067.438","210,499.222","193,342.889","187,021.58","188,131.086","163,006.171","147,709.236","143,785.813","133,350.233","120,314.364","123,225.008","113,515.687","107,903.901","88,114.477","79,880.41","73,514.941","70,936.443","68,424.035","62,218.479","56,014.425","56,546.03","51,472.768","45,455.424","40,944.122","43,627.476","37,851.813","25,871.184","18,070.761",-,-,-,"10,262.574","7,478.812","2,409.418","2,059.711","1,910.634","1,531.656","1,385.096","1,154.209",821.567,0.053
,,,,,,,,,,,,,,,,,,,,,,,,,,,,,,,,,,,,,,,,,,,,,,,,,,,,,,,,,,,,,
  Accounts Payable,-,-,-,-,-,-,-,-,-,-,2.588,2.403,3.502,2.273,1.748,-,-,,-,-,-,-,-,-,-,-,-,-,-,-,-,-,-,-,-,-,-,-,-,-,-,-,-,-,-,-,-,-,-,-,-,-,-,2.588,2.624,2.403,1.255,3.502,2.273,1.748,-
  Total Tax Payable,"5,098.681","3,656.292","3,148.587","2,543.926","1,113.142",574.069,539.865,319.461,178.91,118.02,74.419,28.546,5.079,22.866,20.837,-,"3,815.409",,"3,815.409","5,098.681","4,345.113","3,871.171","3,152.819","3,656.292","3,120.036","2,411.122","2,575.351","3,148.587","2,520.156","1,803.183","2,203.678","2,543.926","1,891.949","1,771.503","1,502.806","1,113.142",828.926,473.449,356.341,574.069,473.865,221.905,153.581,539.865,368.581,234.759,455.494,319.461,-,-,-,178.91,118.02,74.419,22.906,28.546,9.066,5.079,22.866,20.837,-
  Other Current Payables,"21,045.017","14,021.508","12,348.217","1,841.422","1,111.981",385.532,255.506,584.49,388.068,204.515,60.941,182.004,118.022,78.36,48.061,0.056,-,,-,"21,045.017",45.571,"16,227.058",230.88,"14,021.508","1,312.431","1,100.693",995.694,"12,348.217",986.388,904.728,830.923,"1,841.422",431.354,396.103,373.314,"1,111.981",115.899,-,-,385.532,-,-,-,255.506,-,-,688.216,584.49,-,-,-,388.068,204.515,60.941,163.769,182.004,98.559,118.022,78.36,48.061,0.056
  Current Accrued Expense,"3,819.902","2,401.538","2,839.285","9,678.19","4,787.061","3,000.138","2,149.841","1,085.713",793.674,364.832,57.088,57.902,-,-,-,-,-,,"38,971.829","3,819.902","34,393.59","2,877.867","23,259.009","2,401.538","23,564.595","20,819.545","17,392.029","2,839.285","16,630.155","15,285.7","15,044.47","9,678.19","11,732.998","9,222.104","7,637.881","4,787.061","6,392.67","5,577.944","5,102.289","3,000.138","3,945.512","3,707.676","3,319.957","2,149.841","3,432.117","2,834.381","1,278.208","1,085.713",-,-,-,793.674,364.832,57.088,-,57.902,-,-,-,-,-
Accounts Payable & Accrued Expense,"29,963.6","20,079.339","18,336.09","14,063.539","7,012.185","3,959.74","2,945.212","1,989.665","1,360.653",687.366,195.037,270.856,126.602,103.499,70.647,0.056,"42,787.237",,"42,787.237","29,963.6","38,784.274","22,976.096","26,642.708","20,079.339","27,997.063","24,331.361","20,963.075","18,336.09","20,136.7","17,993.611","18,079.071","14,063.539","14,056.3","11,389.709","9,514.001","7,012.185","7,337.495","6,051.393","5,458.629","3,959.74","4,419.376","3,929.581","3,473.538","2,945.212","3,800.698","3,069.141","2,421.918","1,989.665",-,-,-,"1,360.653",687.366,195.037,189.3,270.856,108.879,126.602,103.499,70.647,0.056
  Short-Term Debt,"2,063.77",734.136,"3,347.189",954.19,"2,160.865",661.879,318.982,"1,678.952",876.532,203.248,202.654,13.943,-,-,-,-,"2,647.938",,"2,647.938","2,063.77","2,301.011",719.907,641.522,734.136,600.967,"3,395.561","3,337.199","3,347.189","3,313.915","1,316.1","2,117.987",954.19,977.826,"2,490.638","2,417.507","2,160.865","1,976.791",827.561,710.86,661.879,457.428,226.145,365.016,318.982,"3,092.46","2,337.982","2,098.032","1,678.952",-,-,-,876.532,203.248,202.654,126.577,13.943,-,-,-,-,-
  Short-Term Capital Lease Obligation,624.952,393.989,-,-,-,-,-,-,-,-,-,-,-,-,-,-,-,,-,624.952,-,378.674,-,393.989,-,-,-,-,-,-,-,-,-,-,-,-,-,-,-,-,-,-,-,-,-,-,-,-,-,-,-,-,-,-,-,-,-,-,-,-,-
Short-Term Debt & Capital Lease Obligation,"2,688.722","1,128.125","3,347.189",954.19,"2,160.865",661.879,318.982,"1,678.952",876.532,203.248,202.654,13.943,-,-,-,-,"2,647.938",,"2,647.938","2,688.722","2,301.011","1,098.582",641.522,"1,128.125",600.967,"3,395.561","3,337.199","3,347.189","3,313.915","1,316.1","2,117.987",954.19,977.826,"2,490.638","2,417.507","2,160.865","1,976.791",827.561,710.86,661.879,457.428,226.145,365.016,318.982,"3,092.46","2,337.982","2,098.032","1,678.952",-,-,-,876.532,203.248,202.654,126.577,13.943,-,-,-,-,-
  Current Deferred Revenue,"20,166.183","11,027.847","7,748.03","6,038.244","3,706.847","3,019.054","2,645.786","2,002.786","1,434.662",876.515,625.235,616.786,-,-,-,-,"11,872.062",,"11,872.062","20,166.183","13,685.104","13,001.351","7,749.237","11,027.847","8,822.733","6,565.922","6,246.14","7,748.03","6,877.842","5,211.594","5,200.229","6,038.244","5,659.619","4,316.334","3,789.41","3,706.847","4,067.025","3,230.338","3,063.498","3,019.054","3,496.767","2,610.874","2,558.822","2,645.786","3,303.009","2,254.896","2,295.445","2,002.786",-,-,-,"1,434.662",876.515,625.235,-,616.786,-,-,-,-,-
  Current Deferred Taxes Liabilities,-,-,-,-,-,-,-,-,-,-,-,-,-,-,-,-,-,,-,-,-,-,-,-,-,-,-,-,-,-,-,-,-,-,-,-,-,-,-,-,-,-,-,-,-,-,-,-,-,-,-,-,-,-,-,-,-,-,-,-,-
Deferred Tax And Revenue,"20,802.961","11,694.466","8,239.843","6,165.986","4,042.066","3,068.572","2,698.522","2,074.552","1,453.487",876.515,625.235,616.786,-,-,-,-,"11,872.062",,"11,872.062","20,802.961","13,685.104","13,713.036","7,749.237","11,694.466","8,822.733","6,565.922","6,246.14","8,239.843","6,877.842","5,211.594","5,200.229","6,165.986","5,659.619","4,316.334","3,789.41","4,042.066","4,067.025","3,230.338","3,063.498","3,068.572","3,496.767","2,610.874","2,558.822","2,698.522","3,303.009","2,254.896","2,372.966","2,074.552",-,-,-,"1,453.487",876.515,625.235,-,616.786,-,-,-,-,-
Other Current Liabilities,"4,502.603","1,550.317","1,017.298",314.053,356.687,312.486,396.403,312.981,169.901,94.416,73.623,58.55,473.481,317.501,251.032,-,-,,-,"4,502.603",-,820.045,-,"1,550.317",-,-,-,"1,017.298",-,-,-,314.053,-,-,-,356.687,-,-,-,312.486,-,-,-,396.403,-,-,334.318,312.981,-,-,-,169.901,94.416,73.623,571.282,58.55,507.07,473.481,317.501,251.032,-
Total Current Liabilities,"57,957.886","34,452.247","30,940.419","21,497.768","13,571.802","8,002.676","6,359.119","6,056.149","3,860.572","1,861.545","1,096.549",960.135,600.083,421,321.679,0.056,"57,307.237",,"57,307.237","57,957.886","54,770.388","38,607.758","35,033.467","34,452.247","37,420.762","34,292.843","30,546.414","30,940.419","30,328.457","24,521.305","25,397.287","21,497.768","20,693.745","18,196.681","15,720.918","13,571.802","13,381.312","10,109.292","9,232.987","8,002.676","8,373.572","6,766.6","6,397.376","6,359.119","10,196.167","7,662.018","7,227.233","6,056.149",-,-,-,"3,860.572","1,861.545","1,096.549",887.159,960.135,615.949,600.083,421,321.679,0.056
,,,,,,,,,,,,,,,,,,,,,,,,,,,,,,,,,,,,,,,,,,,,,,,,,,,,,,,,,,,,,
  Long-Term Debt,"20,844.43","17,132.113","16,662.048","18,919.967","11,145.199","8,190.752","8,111.275","4,975.133","3,613.927",-,-,-,-,-,-,-,"20,793.619",,"20,793.619","20,844.43","15,697.705","17,162.218","17,071.566","17,132.113","16,848.739","17,082.812","16,870.841","16,662.048","16,450.601","18,846.406","19,241.775","18,919.967","18,637.991","11,474.045","11,292.422","11,145.199","11,148.588","12,379.689","11,307.898","8,190.752","8,305.965","8,279.886","8,132.695","8,111.275","8,093.591","8,071.096","7,869.708","4,975.133",-,-,-,"3,613.927",-,-,-,-,-,-,-,-,-
  Long-Term Capital Lease Obligation,"4,333.809","2,719.322",-,-,-,-,-,-,-,-,-,-,-,-,-,-,-,,-,"4,333.809",-,"2,853.199",-,"2,719.322",-,-,-,-,-,-,-,-,-,-,-,-,-,-,-,-,-,-,-,-,-,-,-,-,-,-,-,-,-,-,-,-,-,-,-,-,-
Long-Term Debt & Capital Lease Obligation,"25,178.24","19,851.435","16,662.048","18,919.967","11,145.199","8,190.752","8,111.275","4,975.133","3,613.927",-,-,-,-,-,-,-,"20,793.619",,"20,793.619","25,178.24","15,697.705","20,015.417","17,071.566","19,851.435","16,848.739","17,082.812","16,870.841","16,662.048","16,450.601","18,846.406","19,241.775","18,919.967","18,637.991","11,474.045","11,292.422","11,145.199","11,148.588","12,379.689","11,307.898","8,190.752","8,305.965","8,279.886","8,132.695","8,111.275","8,093.591","8,071.096","7,869.708","4,975.133",-,-,-,"3,613.927",-,-,-,-,-,-,-,-,-
Debt-to-Equity,0.194,0.195,0.273,0.343,0.329,0.265,0.362,1.037,2.678,0.041,0.173,0.016,-,-,-,-,0.154,,0.154,0.194,0.126,0.168,0.155,0.195,0.164,0.242,0.268,0.273,0.295,0.328,0.351,0.343,0.37,0.285,0.312,0.329,0.344,0.358,0.352,0.265,0.263,0.284,0.288,0.362,0.505,0.513,1.087,1.037,-,-,-,2.678,0.041,0.173,0.119,0.016,-,-,-,-,-
Pension And Retirement Benefit,-,-,-,-,-,-,-,-,-,-,-,-,-,-,-,-,-,,-,-,-,-,-,-,-,-,-,-,-,-,-,-,-,-,-,-,-,-,-,-,-,-,-,-,-,-,-,-,-,-,-,-,-,-,-,-,-,-,-,-,-
NonCurrent Deferred Liabilities,"9,799.72","7,232.106","4,150.241","3,278.722","1,687.264","1,344.057","1,104.575",424.112,166.039,165.703,109.353,69.748,40.121,17.257,9.527,-,"9,987.393",,"9,987.393","9,799.72","9,443.518","7,601.239","6,876.695","7,232.106","6,532.643","6,139.421","3,411.427","4,150.241","3,240.554","3,039.051","4,196.996","3,278.722","3,029.485","2,180.393","2,024.506","1,687.264","1,481.546","1,569.368","1,354.337","1,344.057","1,037.044",916.358,841.23,"1,104.575",790.486,657.685,551.793,424.112,-,-,-,166.039,165.703,109.353,76.37,69.748,48.813,40.121,17.257,9.527,-
Other Long-Term Liabilities,"1,560.614","1,484.937","1,360.867",734.163,529.736,102.265,137.05,21.87,858.674,4.752,18.901,8.07,9.901,-,-,-,"6,068.638",,"6,068.638","1,560.614","5,931.675","1,381.376","4,353.536","1,484.937","4,809.444","4,245.47","4,390.884","1,360.867","1,845.083","1,647.97","1,289.694",734.163,783.383,379.51,355.978,529.736,702.332,"1,007.316","1,066.29",102.265,444.868,402.035,432.379,137.05,397.344,372.096,315.058,21.87,-,-,-,858.674,4.752,18.901,19.445,8.07,11.18,9.901,-,-,-
Total Long-Term Liabilities,"36,538.574","28,568.478","22,173.155","22,932.852","13,362.199","9,637.074","9,352.9","5,421.115","4,638.64",170.455,128.254,77.818,50.022,17.257,9.527,-,"36,849.65",,"36,849.65","36,538.574","31,072.898","28,998.032","28,301.796","28,568.478","28,190.827","27,467.703","24,673.152","22,173.155","21,536.238","23,533.428","24,728.465","22,932.852","22,450.858","14,033.947","13,672.906","13,362.199","13,332.466","14,956.373","13,728.525","9,637.074","9,787.877","9,598.279","9,406.304","9,352.9","9,281.421","9,100.876","8,736.558","5,421.115",-,-,-,"4,638.64",170.455,128.254,95.815,77.818,59.993,50.022,17.257,9.527,-
Total Liabilities,"94,496.46","63,020.725","53,113.574","44,430.62","26,934.001","17,639.75","15,712.019","11,477.264","8,499.212","2,032","1,224.803","1,037.953",650.105,438.257,331.205,0.056,"94,156.887",,"94,156.887","94,496.46","85,843.286","67,605.791","63,335.263","63,020.725","65,611.589","61,760.547","55,219.566","53,113.574","51,864.695","48,054.733","50,125.752","44,430.62","43,144.604","32,230.629","29,393.824","26,934.001","26,713.778","25,065.665","22,961.513","17,639.75","18,161.449","16,364.878","15,803.681","15,712.019","19,477.588","16,762.895","15,963.792","11,477.264",-,-,-,"8,499.212","2,032","1,224.803",982.974,"1,037.953",675.942,650.105,438.257,331.205,0.056
,,,,,,,,,,,,,,,,,,,,,,,,,,,,,,,,,,,,,,,,,,,,,,,,,,,,,,,,,,,,,
Common Stock,0.154,0.142,0.149,0.158,0.145,0.154,0.16,0.162,0.161,0.158,0.076,0.073,0.071,0.071,0.066,-,0.156,,0.156,0.154,0.153,0.147,0.141,0.142,0.143,0.141,0.145,0.149,0.145,0.146,0.155,0.158,0.152,0.152,0.147,0.145,0.145,0.15,0.152,0.154,0.155,0.157,0.161,0.16,0.162,0.163,0.16,0.162,-,-,-,0.161,0.158,0.076,0.075,0.073,0.071,0.071,0.071,0.066,-
Preferred Stock,-,-,-,-,-,-,-,"1,665.992","1,680.825",-,-,-,-,-,-,-,-,,-,-,-,-,-,-,-,-,-,-,-,-,-,-,-,-,-,-,-,-,-,-,-,-,-,-,-,-,-,"1,665.992",-,-,-,"1,680.825",-,-,-,-,-,-,-,-,-
Retained Earnings,"85,229.999","57,871.519","38,422.205","27,282.268","15,746.736","12,110.662","3,981.983",191.644,"-3,296.811","1,988.436",-,-,-,-,-,-0.003,"92,344.125",,"92,344.125","85,229.999","85,816.678","70,760.285","64,043.154","57,871.519","57,487.204","49,399.328","40,482.48","38,422.205","33,826.285","30,320.054","29,252.293","27,282.268","25,007.432","21,444.969","18,110.51","15,746.736","14,157.779","12,066.205","11,077.521","12,110.662","11,725.357","9,912.683","8,976.342","3,981.983","3,577.707","2,640.188","2,137.033",191.644,-,-,-,"-3,296.811","1,988.436",-,-,-,-,-,-,-,-0.003
Accumulated other comprehensive income (loss),"-1,799.444",777.295,392.735,"1,440.466","1,238.903",953.45,619.53,267.459,-54.22,-162.218,"1,168.41",865.116,728.906,715.881,490.295,-,"-2,316.109",,"-2,316.109","-1,799.444","-1,843.622",-328.605,774.26,777.295,559.049,754.038,554.098,392.735,476.343,382.343,338.123,"1,440.466","1,181.824","1,385.295","1,120.089","1,238.903","1,480.245","2,115.229",727.858,953.45,"1,808.159",784.911,885.87,619.53,464.402,111.433,262.575,267.459,-,-,-,-54.22,-162.218,"1,168.41","1,063.297",865.116,849.528,728.906,715.881,490.295,-
Additional Paid-In Capital,"60,561.213","48,957.624","34,533.143","29,563.428","23,873.658","20,330.939","18,776.969","4,380.923","3,484.088","3,291.564",-,-,-,-,-,-,"61,808.249",,"61,808.249","60,561.213","59,449.024","55,467.8","49,387.427","48,957.624","48,055.377","34,591.422","34,507.589","34,533.143","32,733.559","31,025.368","31,456.126","29,563.428","27,253.231","26,668.595","25,079.629","23,873.658","22,919.16","23,226.74","22,848.449","20,330.939","19,817.029","19,312.614","19,684.458","18,776.969","18,168.245","17,616.239","6,827.111","4,380.923",-,-,-,"3,484.088","3,291.564",-,-,-,-,-,-,-,-
Treasury Stock,-,-,-,-353.468,-409.487,-,-,-,-,-,-,-,-,-,-,-,-,,-,-,-118.208,-,-,-,-,-,-,-,-56.074,-205.978,-218.403,-353.468,-338.682,-429.746,-414.745,-409.487,-407.96,-423.226,-428.428,-,-,-,-,-,-,-,-,-,-,-,-,-,-,-,-,-,-,-,-,-,-
Other Stockholders Equity,-7.219,-7.264,-7.3,-25.802,-9.138,-26.451,-65.88,-87.479,-137.079,-129.743,-,-,-,-,-,-,-7.16,,-7.16,-7.219,-7.187,-7.195,-7.202,-7.264,-7.129,-7.169,-7.104,-7.3,-26.003,-26.112,-26.604,-25.802,-24.874,-24.966,-23.507,-9.138,-43.498,-42.278,-41.28,-26.451,-13.49,-11.15,-75.743,-65.88,-56.717,-59.79,-58.261,-87.479,-,-,-,-137.079,-129.743,-,-,-,-,-,-,-,-
Total Stockholders Equity,"143,984.703","107,599.316","73,340.932","57,907.05","40,440.818","33,368.755","23,312.762","6,418.701","1,676.964","4,988.198","1,168.486",865.189,728.977,715.952,490.361,-0.003,"151,829.261",,"151,829.261","143,984.703","143,296.836","125,892.432","114,197.78","107,599.316","106,094.643","84,737.76","75,537.208","73,340.932","66,954.254","61,495.821","60,801.689","57,907.05","53,079.081","49,044.299","43,872.124","40,440.818","38,105.87","36,942.82","34,184.271","33,368.755","33,337.21","29,999.215","29,471.089","23,312.762","22,153.799","20,308.234","9,168.619","6,418.701",-,-,-,"1,676.964","4,988.198","1,168.486","1,063.372",865.189,849.599,728.977,715.952,490.361,-0.003
Minority Interest,"21,117.05","16,401.538","17,331.307","11,178.016","6,140.122","5,005.921","1,919.341",174.796,86.398,458.614,16.129,7.491,6.014,-,-,-,"20,972.918",,"20,972.918","21,117.05","20,927.316","17,000.998","15,809.845","16,401.538","16,424.854","16,507.865","16,952.462","17,331.307","14,531.284","10,763.811","12,297.567","11,178.016","11,680.216","6,839.549","6,614.462","6,140.122","6,116.795","6,415.55","5,072.695","5,005.921","5,047.371","5,108.675",180.655,"1,919.341","1,996.09",780.685,738.773,174.796,-,-,-,86.398,458.614,16.129,13.365,7.491,6.114,6.014,-,-,-
Total Equity,"165,101.752","124,000.855","90,672.239","69,085.067","46,580.94","38,374.675","25,232.103","6,593.497","1,763.362","5,446.812","1,184.615",872.681,734.991,715.952,490.361,-0.003,"172,802.179",,"172,802.179","165,101.752","164,224.152","142,893.431","130,007.625","124,000.855","122,519.498","101,245.625","92,489.67","90,672.239","81,485.538","72,259.632","73,099.256","69,085.067","64,759.297","55,883.848","50,486.587","46,580.94","44,222.665","43,358.37","39,256.966","38,374.675","38,384.581","35,107.89","29,651.744","25,232.103","24,149.889","21,088.919","9,907.393","6,593.497",-,-,-,"1,763.362","5,446.812","1,184.615","1,076.737",872.681,855.713,734.991,715.952,490.361,-0.003
Equity-to-Asset,0.555,0.575,0.51,0.51,0.55,0.596,0.569,0.355,0.163,0.667,0.485,0.453,0.526,0.62,0.597,-0.053,0.569,,0.569,0.555,0.573,0.598,0.591,0.575,0.564,0.52,0.511,0.51,0.502,0.511,0.493,0.51,0.492,0.557,0.549,0.55,0.537,0.54,0.549,0.596,0.59,0.583,0.648,0.569,0.508,0.537,0.354,0.355,-,-,-,0.163,0.667,0.485,0.516,0.453,0.555,0.526,0.62,0.597,-0.053
,,,,,,,,,,,,,,,,,,,,,,,,,,,,,,,,,,,,,,,,,,,,,,,,,,,,,,,,,,,,,
Cashflow Statement:,,,,,,,,,,,,,,,,,,,,,,,,,,,,,,,,,,,,,,,,,,,,,,,,,,,,,,,,,,,,,
Net Income From Continuing Operations,"22,006.789","19,991.454","11,953.992","9,721.088","5,979.983","10,962.985","3,898.311","3,791.249","1,391.544",739.01,336.589,256.622,172.306,199.13,156.001,28.118,"21,310.24",,"6,666.926","-1,175.567","11,924.365","3,894.517","6,557.416",49.569,"7,147.725","9,945.317","2,772.228","3,483.216","4,498.162","2,660.939","1,183.276","1,051.224","3,538.798","2,650.023","2,061.382","1,429.069","2,479.407","1,060.688","1,083.895",817.199,"1,931.432","3,565.394","4,966.157",459.879,966.778,493.63,"1,996.276",917.073,"1,375.91",806.726,725.115,-,-,-,-,-,-,-,-,-,-
"Cash Flow Depreciation, Depletion and Amortization","7,358.276","6,043.302","5,524.516","3,485.611","2,073.107","1,083.857",721.155,267.945,150.433,137.822,39.805,34.035,18.54,12.908,8.043,-,"1,911.91",,478.288,524.505,485.067,424.045,416.855,576.027,466.516,422.565,444.496,477.212,408.065,380.884,325.44,210.371,311.988,266.098,291.776,190.455,182.231,194.447,189.856,114.26,126.064,114.329,104.267,103.068,99.215,97.423,37.557,19.116,20.251,6.373,45.32,-,-,-,-,-,-,-,-,-,-
  Change In Receivables,-,-,-,-,-,-,"-1,871.253","-1,486.335",-454.999,-35.802,-1.201,-0.242,-0.96,2.467,0.878,-0.428,-,,-,-,-,-,-,-,-,-,-,-,-,-,-,-,-,-,-,-,-,-,-,-,-,-,-,-,-,-,-,-,-,-,-291.155,-,-,-,-,-,-,-,-,-,-
  Change In Inventory,-,-,-,-,-,-,-,-,-,-,-,-,-,-,-,-,-,,-,-,-,-,-,-,-,-,-,-,-,-,-,-,-,-,-,-,-,-,-,-,-,-,-,-,-,-,-,-,-,-,-,-,-,-,-,-,-,-,-,-,-
  Change In Prepaid Assets,"-6,698.152","-6,179.902","-1,517.454","-2,337.196","-1,194.807",-692.635,"-2,266.214","-2,064.184",-56.955,-38.02,-25.333,1.606,-,-,-,-,-,,-,-,-,-,-,-,-,-,-,-,-,-,-,-,-,-,-,-,-,-,-,-,-,-,-,-,-,-,-,-,-,-,-62.274,-,-,-,-,-,-,-,-,-,-
  Change In Payables And Accrued Expense,"12,068.992","7,693.469","4,858.833","4,813.847","1,818.683","1,383.118","2,042.285","1,027.718",726.743,262.337,51.398,46.629,35.549,29.932,-5.537,-3.828,-,,-,-,-,-,-,-,-,-,-,-,-,-,-,-,-,-,-,-,-,-,-,-,-,-,-,-,-,-,-,-,-,-,237.032,-,-,-,-,-,-,-,-,-,-
Change In Other Working Capital,"2,386.613","1,537.212","1,463.52","1,120.556",795.764,378.766,"2,345.077","1,794.942",289.764,94.733,-23.617,107.088,101.035,37.067,82.854,-,-,,-,-,-,-,-,-,-,-,-,-,-,-,-,-,-,-,-,-,-,-,-,-,-,-,-,-,-,-,-,-,-,-,117.864,-,-,-,-,-,-,-,-,-,-
Change In Working Capital,"7,757.453","3,050.78","4,804.899","3,597.208","1,419.64","1,069.248",249.896,-727.859,504.553,283.248,1.247,155.081,135.624,69.466,78.195,-4.256,-,,-,-,-,-,-,-,-,-,-,-,-,-,-,-,-,-,-,-,-,-,-,-,-,-,-,-,-,-,-,-,-,-,1.467,-,-,-,-,-,-,-,-,-,-
Deferred Tax,497.013,-490.421,-327.329,154.494,-157.818,16.301,265.925,237.49,16.733,23.762,-,-,-,-,-,-,-,,-,-,-,-,-,-,-,-,-,-,-,-,-,-,-,-,-,-,-,-,-,-,-,-,-,-,-,-,-,-,-,-,46.461,-,-,-,-,-,-,-,-,-,-
Stock Based Compensation,"7,697.861","4,521.33","5,585.751","3,177.731","2,320.133","2,473.127","2,088.289",460.723,202.561,198.653,52.95,51.276,29.35,28.896,20.64,-,-,,-,-,-,-,-,-,-,-,-,-,-,-,-,-,-,-,-,-,-,-,-,-,-,-,-,-,-,-,-,-,-,-,64.556,-,-,-,-,-,-,-,-,-,-
Asset Impairment Charge,"1,408.254","2,472.758","2,042.641",492.449,457.644,356.621,95.214,26.406,28.156,21.386,0.44,-,-,-,-,-,-,,-,-,-,-,-,-,-,-,-,-,-,-,-,-,-,-,-,-,-,-,-,-,-,-,-,-,-,-,-,-,-,-,-,-,-,-,-,-,-,-,-,-,-
Cash from Discontinued Operating Activities,-,-,-,-,-,-,-,-,-,-,-,-,-,-,-,-,-,,-,-,-,-,-,-,-,-,-,-,-,-,-,-,-,-,-,-,-,-,-,-,-,-,-,-,-,-,-,-,-,-,-,-,-,-,-,-,-,-,-,-,-
Cash Flow from Others,"-11,125.958","-9,863.542","-7,090.839",-714.534,-74.413,"-7,221.769",-712.019,217.402,35.074,65.426,-87.314,-39.942,-27.704,-78.407,-71.622,69.551,"9,477.13",,"-1,915.175","4,365.295","3,373.297","3,653.716",100.26,-317.356,"6,145.259","-3,715.085","1,801.18","-1,196.234","4,521.551","1,539.73","4,077.74","1,015.133","4,556.058","1,669.204","1,448.006",305.918,"2,745.455","1,324.398",996.327,-149.938,"2,009.738","-1,304.573","-3,394.411",361.459,"2,070.097",364.439,-400.443,-644.592,"1,060.621",-73.532,-46.461,-,-,-,-,-,-,-,-,-,-
Cash Flow from Operations,"35,599.687","25,725.661","22,493.631","19,914.047","12,018.277","8,740.369","6,606.771","4,273.356","2,329.054","1,469.307",343.718,457.072,328.116,231.994,191.257,93.413,"32,699.28",,"5,230.039","3,714.233","15,782.729","7,972.279","7,074.531",308.24,"13,759.499","6,652.797","5,017.905","2,764.195","9,427.779","4,581.552","5,586.457","2,276.728","8,406.843","4,585.325","3,801.164","1,925.442","5,407.093","2,579.533","2,270.078",781.522,"4,067.234","2,375.149","1,676.014",924.406,"3,136.089",955.492,"1,633.39",291.597,"2,456.782",739.567,836.458,-,-,-,-,-,-,-,-,-,-
,,,,,,,,,,,,,,,,,,,,,,,,,,,,,,,,,,,,,,,,,,,,,,,,,,,,,,,,,,,,,
"Purchase Of Property, Plant, Equipment","-6,366.247","-4,636.422","-5,286.432","-3,106.974","-1,596.461",-831.501,-470.458,-241.54,-234.418,-224.792,-25.232,-43.324,-60.16,-40.222,-18.975,-12.361,-,,-,-,-,-,-,-,-,-,-,-,-,-,-,-,-,-,-,-,-,-,-,-,-,-,-,-,-,-,-,-,-,-,-125.2,-,-,-,-,-,-,-,-,-,-
"Sale Of Property, Plant, Equipment",-,-,-,-,-,-,-,-,48.428,0.158,0.421,0.08,0.401,0.314,0.046,0.035,-,,-,-,-,-,-,-,-,-,-,-,-,-,-,-,-,-,-,-,-,-,-,-,-,-,-,-,-,-,-,-,-,-,-,-,-,-,-,-,-,-,-,-,-
Purchase Of Business,"-5,824.694","-5,573.82","-7,047.781","-8,592.776","-10,571.076","-6,015.963","-5,603.18","-2,793.825",-81.089,-153.98,0.36,-39.273,-60.755,-,-,-,-,,-,-,-,-,-,-,-,-,-,-,-,-,-,-,-,-,-,-,-,-,-,-,-,-,-,-,-,-,-,-,-,-,"-1,561.41",-,-,-,-,-,-,-,-,-,-
Sale Of Business,389.808,11.11,42.015,979.042,752.974,"2,293.048",15.869,14.418,115.52,11.723,1.066,-,-,-,-,-,-,,-,-,-,-,-,-,-,-,-,-,-,-,-,-,-,-,-,-,-,-,-,-,-,-,-,-,-,-,-,-,-,-,36.354,-,-,-,-,-,-,-,-,-,-
Purchase Of Investment,"-26,469.459","-7,812.976","-10,797.539","-1,879.254",-678.416,"-2,362.557","-2,072.58","-1,850.508",-11.584,-80.475,"-1,501.08","-1,222.369",-779.661,-433.475,-,-,-,,-,-,-,-,-,-,-,-,-,-,-,-,-,-,-,-,-,-,-,-,-,-,-,-,-,-,-,-,-,-,-,-,-37.006,-,-,-,-,-,-,-,-,-,-
Sale Of Investment,"1,118.125","2,677.587","2,694.468","1,027.796","1,535.103","1,046.488",150.515,60.263,420.729,928.475,"1,250.295",873.021,695.349,-,-,-,-,,-,-,-,-,-,-,-,-,-,-,-,-,-,-,-,-,-,-,-,-,-,-,-,-,-,-,-,-,-,-,-,-,-,-,-,-,-,-,-,-,-,-,-
Net Intangibles Purchase And Sale,-209.802,-26.779,"-2,109.835","-1,615.855",-948.651,-,-,-,-,-,-1.873,-0.961,-,-40.222,-18.975,-,-,,-,-,-,-,-,-,-,-,-,-,-,-,-,-,-,-,-,-,-,-,-,-,-,-,-,-,-,-,-,-,-,-,-,-,-,-,-,-,-,-,-,-,-
Cash From Discontinued Investing Activities,-,-,-,-,-,-,-,-,-,-,-,-,-,-,-,-,-,,-,-,-,-,-,-,-,-,-,-,-,-,-,-,-,-,-,-,-,-,-,-,-,-,-,-,-,-,-,-,-,-,-,-,-,-,-,-,-,-,-,-,-
Cash From Other Investing Activities,-143.145,-32.476,-1.192,-71.232,-36.699,-716.164,-588.433,-534.271,-169.901,-500.911,26.293,19.728,25.808,59.714,24.068,-89.23,-,,-,-,-,-,-,-,-,-,-,-,-,-,-,-,-,-,-,-,-,-,-,-,-,-,-,-,-,-,-,-,-,-,-94.226,-,-,-,-,-,-,-,-,-,-
Cash Flow from Investing,"-37,505.414","-15,393.775","-22,506.295","-13,259.252","-11,543.226","-6,586.649","-8,568.269","-5,345.462",87.685,-19.802,-249.751,-413.098,-179.018,-453.891,-13.836,-101.557,"-34,019.09",,"-7,435.798","-4,254.558","-12,189.684","-10,139.048","-9,563.94","-4,699.808","-4,646.335","-3,001.673","-3,064.21","-2,495.717","-4,511.382","-4,607.373","-11,085.675","-3,162.06","-3,686.222","-3,891.155","-2,045.515",-616.478,"-1,177.202",-856.796,"-9,328.598","-1,136.912","-2,212.867",-875.526,"-2,512.731",-909.178,-778.367,"-5,303.672","-1,670.786","-1,750.393",-912.114,-935.325,"-1,781.487",-,-,-,-,-,-,-,-,-,-
,,,,,,,,,,,,,,,,,,,,,,,,,,,,,,,,,,,,,,,,,,,,,,,,,,,,,,,,,,,,,
Issuance of Stock,26.878,"13,034.114",52.742,63.159,"2,118.799",106.571,"9,891.322",265.353,"2,701.676",97.901,8.718,1.553,0.008,-,398.344,-,-,,-,-,-,-,-,-,-,-,-,-,-,-,-,-,-,-,-,-,-,-,-,-,-,-,-,-,-,-,-,-,-,-,224.479,-,-,-,-,-,-,-,-,-,-
Repurchase of Stock,-118.724,-,"-1,619.81",-,"-1,912.097","-3,044.12",-43.279,-25.434,"-6,453.487",-0.317,-65.798,-7.927,-10.224,-11.508,-15.234,-,-,,-,-,-,-,-,-,-,-,-,-,-,-,-,-,-,-,-,-,-,-,-,-,-,-,-,-,-,-,-,-,-,-,-4.891,-,-,-,-,-,-,-,-,-,-
Net Issuance of Preferred Stock,-,-,-,-,-,-,-,-831.214,-738.81,-,-,-,-,-,-,-,-,,-,-,-,-,-,-,-,-,-,-,-,-,-,-,-,-,-,-,-,-,-,-,-,-,-,-,-,-,-,-,-,-,-836.458,-,-,-,-,-,-,-,-,-,-
Issuance of Debt,"5,899.338","2,239.014","1,805.152","16,222.655","23,929.939","4,455.534","29,266.983","13,612.565","5,811.854",167.287,224.637,28.165,-,-,-,-,-,,-,-,-,-,-,-,-,-,-,-,-,-,-,-,-,-,-,-,-,-,-,-,-,-,-,-,-,-,-,-,-,-,"5,991.49",-,-,-,-,-,-,-,-,-,-
Payments of Debt,"-1,084.489","-4,521.188","-2,435.525","-10,900.054","-19,675.08","-4,074.461","-25,092.328","-11,540.767","-1,478.746",-148.119,-44.015,-14.082,-,-,-,-,-,,-,-,-,-,-,-,-,-,-,-,-,-,-,-,-,-,-,-,-,-,-,-,-,-,-,-,-,-,-,-,-,-,"-4,962.016",-,-,-,-,-,-,-,-,-,-
Net Issuance of Debt,"4,814.849","-2,282.174",-630.373,"5,322.601","4,254.859",381.072,"4,174.655","2,071.798","4,333.108",19.168,180.623,14.082,-,-,-,-,-,,-,-,-,-,-,-,-,-,-,-,-,-,-,-,-,-,-,-,-,-,-,-,-,-,-,-,-,-,-,-,-,-,"1,029.474",-,-,-,-,-,-,-,-,-,-
Cash Flow for Dividends,-,-,-,-,-,-,-16.67,-33.696,-16.572,-,-149.291,-,-130.1,-,-26.588,-25.136,-,,-,-,-,-,-,-,-,-,-,-,-,-,-,-,-,-,-,-,-,-,-,-,-,-,-,-,-,-,-,-,-,-,-,-,-,-,-,-,-,-,-,-,-
Other Financing,-102.751,-659.64,"1,096.113","-2,163.073",312.736,119.643,19.075,70.145,-52.129,-41.505,-12.732,-,-,-,-,-,-,,-,-,-,-,-,-,-,-,-,-,-,-,-,-,-,-,-,-,-,-,-,-,-,-,-,-,-,-,-,-,-,-,-1.467,-,-,-,-,-,-,-,-,-,-
Cash Flow from Financing,"4,620.252","10,092.301","-1,101.327","3,222.687","4,774.296","-2,436.834","14,025.102","1,516.953",-226.212,75.248,-38.48,7.709,-140.316,-11.508,356.521,-25.136,"3,478.73",,"-1,784.903","4,649.127",-869.359,"1,483.863",-650.842,422.619,"8,738.184",296.048,651.377,107.123,"-1,295.088",-507.214,662.171,-728.939,"5,198.386",-63.328,"-1,306.673",360.023,-102.604,"1,473.719","3,234.384",-152.244,196.617,"-2,706.671",179.043,165.903,728.436,"10,241.439","3,063.91",51.515,695.94,375.339,411.138,-,-,-,-,-,-,-,-,-,-
,,,,,,,,,,,,,,,,,,,,,,,,,,,,,,,,,,,,,,,,,,,,,,,,,,,,,,,,,,,,,
Effect of Exchange Rate Changes,"-1,103.841",584.004,483.47,-960.045,295.619,71.663,-17.951,-15.712,-12.226,-8.554,-0.844,-0.933,-0.031,-4.74,-6.896,-0.027,"-1,362.3",,-341.167,176.473,-631.87,-565.734,-49.565,330.746,-278.312,330.77,199.632,-170.144,-9.586,243.614,430.465,-419.951,-228.72,-123.609,-160.431,-65.274,252.175,17.541,95.004,-27.988,50.705,57.95,-7.735,2.084,-22.299,0.489,1.605,2.916,-2.303,-2.776,-13.692,-,-,-,-,-,-,-,-,-,-
Net Change in Cash,"1,610.684","21,008.19",-630.522,"8,917.434","5,544.967",-211.451,"12,045.651",429.134,"2,178.299","1,516.198",54.643,50.75,8.75,-238.145,527.044,-33.308,796.62,,"-4,331.829","4,285.275","2,091.814","-1,248.642","-3,189.816","-3,638.202","17,573.036","4,277.943","2,804.703",205.456,"3,611.72",-289.42,"-4,406.583","-2,034.223","9,690.287",507.231,288.543,"1,603.713","4,379.462","3,213.997","-3,729.133",-535.624,"2,101.689","-1,149.099",-665.41,183.214,"3,063.859","5,893.747","3,028.119","-1,404.364","2,238.302",176.803,-547.586,-,-,-,-,-,-,-,-,-,-
Capital Expenditure,"-6,632.724","-6,464.782","-7,396.266","-4,722.829","-2,545.112","-1,667.769","-1,235.053",-773.704,-402.709,-343.446,-27.105,-44.285,-60.16,-40.222,-18.975,-12.361,-,,-,-,-,-,-,-,-,-,-,-,-,-,-,-,-,-,-,-,-,-,-,-,-,-,-,-,-,-,-,-,-,-,-260.018,-,-,-,-,-,-,-,-,-,-
Free Cash Flow,"28,966.963","19,260.879","15,097.364","15,191.218","9,473.165","7,072.601","5,371.718","3,499.652","1,926.344","1,125.861",316.612,412.788,267.956,191.772,172.282,81.052,"32,699.28",,"5,230.039","3,714.233","15,782.729","7,972.279","7,074.531",308.24,"13,759.499","6,652.797","5,017.905","2,764.195","9,427.779","4,581.552","5,586.457","2,276.728","8,406.843","4,585.325","3,801.164","1,925.442","5,407.093","2,579.533","2,270.078",781.522,"4,067.234","2,375.149","1,676.014",924.406,"3,136.089",955.492,"1,633.39",291.597,"2,456.782",739.567,576.44,-,-,-,-,-,-,-,-,-,-
,,,,,,,,,,,,,,,,,,,,,,,,,,,,,,,,,,,,,,,,,,,,,,,,,,,,,,,,,,,,,
Valuation Ratios:,,,,,,,,,,,,,,,,,,,,,,,,,,,,,,,,,,,,,,,,,,,,,,,,,,,,,,,,,,,,,
PE Ratio,26.98,24.42,36.71,47.37,43.8,18.43,53.53,-,-,-,-,-,-,-,-,-,18.31,,27.65,26.98,27.17,42.4,23.29,24.42,22.83,20.05,30.36,36.71,35.05,47.48,54.68,47.37,44.73,49.87,48.99,43.8,39.59,53.56,27.21,18.43,19.1,15.26,30.78,53.53,58.03,44.31,-,-,-,-,-,-,-,-,-,-,-,-,-,-,-
PE Ratio without NRI,26.98,24.42,36.71,47.37,43.8,18.43,53.53,-,-,-,-,-,-,-,-,-,18.31,,27.65,26.98,27.17,42.4,23.29,24.42,22.83,20.05,30.36,36.71,35.05,47.48,54.68,47.37,44.73,49.87,48.99,43.8,39.59,53.56,27.21,18.43,19.1,15.26,30.78,53.53,58.03,44.31,-,-,-,-,-,-,-,-,-,-,-,-,-,-,-
Price-to-Owner-Earnings,-,-,-,49.3,45.48,18.77,-,-,-,-,-,-,-,-,-,-,40.34,,-,-,-,-,-,-,-,-,-,-,-,-,-,49.3,44.81,50.81,50.56,45.48,42.32,58.54,29.23,18.77,20.02,16.17,34.7,-,-,-,-,-,-,-,-,-,-,-,-,-,-,-,-,-,-
PB Ratio,4.27,4.86,6.44,8.15,6.74,5.86,8.91,-,-,-,-,-,-,-,-,-,2.69,,4.06,4.27,4.41,6.32,5.11,4.86,5.36,5.15,5.84,6.44,5.3,6.93,7.85,8.15,8.36,9.04,8.12,6.74,5.83,7.16,5.82,5.86,6.03,5.04,6.97,8.91,11.67,10.88,-,-,-,-,-,-,-,-,-,-,-,-,-,-,-
Price-to-Tangible-Book,6.98,8.78,20.76,17.88,13.97,10,13.81,-,-,-,-,-,-,-,-,-,4.26,,6.43,6.98,7.25,10.33,8.71,8.78,9.92,11.93,16.18,20.76,16.42,17.48,23.05,17.88,19.38,17.06,16.59,13.97,12.44,16.59,14.24,10,10.42,9.69,9,13.81,18.46,16.5,-,-,-,-,-,-,-,-,-,-,-,-,-,-,-
Price-to-Free-Cash-Flow,21.51,26.94,31.7,31.54,29.29,28.62,38.73,-,-,-,-,-,-,-,-,-,12.63,,19.08,21.51,20.54,27.36,20.82,26.94,19.96,18.4,20.4,31.7,16.43,20.71,23.28,31.54,24.01,28.45,26.5,29.29,20.43,27.91,21.43,28.62,23.06,18.77,31.55,38.73,43.09,39.51,-,-,-,-,-,-,-,-,-,-,-,-,-,-,-
Price-to-Operating-Cash-Flow,17.5,20.17,21.28,24.06,23.08,23.16,31.49,-,-,-,-,-,-,-,-,-,12.63,,19.08,17.5,20.54,27.36,20.82,20.17,19.96,18.4,20.4,21.28,16.43,20.71,23.28,24.06,24.01,28.45,26.5,23.08,20.43,27.91,21.43,23.16,23.06,18.77,31.55,31.49,43.09,39.51,-,-,-,-,-,-,-,-,-,-,-,-,-,-,-
PS Ratio,5.65,7.15,8.53,12.09,12.08,13.02,17.04,-,-,-,-,-,-,-,-,-,3.51,,5.32,5.65,6.75,9.55,7.48,7.15,7.98,6.83,7.41,8.53,6.94,9.13,11.22,12.09,13.23,15.4,14.09,12.08,10.51,14.17,11.66,13.02,14.03,11.07,16.14,17.04,22.38,20.53,-,-,-,-,-,-,-,-,-,-,-,-,-,-,-
PEG Ratio,1.04,1.01,1.64,-,-,-,-,64.29,107.7,208.83,365.19,228.91,-,-,-,-,0.83,,1.02,1.04,1.12,1.89,0.99,1.01,0.93,0.88,1.46,1.64,1.37,1.43,1.25,-,-,-,-,-,-,-,-,-,-,-,-,-,-,-,-,64.29,-,-,-,107.7,208.83,365.19,-,228.91,-,-,-,-,-
EV-to-Revenue,5.35,7,8.53,11.86,11.77,12.32,16.2,-,-,-,-,-,-,-,-,-,3.12,,4.99,5.35,6.34,9.23,7.23,7,7.85,6.83,7.43,8.53,6.95,9.1,11.13,11.86,12.98,15.1,13.73,11.77,10.3,14.01,11.58,12.32,13.17,10.74,14.97,16.2,21.85,20.74,-,-,-,-,-,-,-,-,-,-,-,-,-,-,-
EV-to-EBITDA,17.62,16.65,23.22,23.56,24.2,13.77,31.19,-,-,-,-,-,-,-,-,-,14.03,,22.38,17.62,21.42,34.94,18.35,16.65,18.15,15.82,24.5,23.22,25.84,27.48,29.84,23.56,25.46,33.12,31.04,24.2,25.16,34.24,19.98,13.77,14.94,12.14,21.47,31.19,39.76,35.09,-,-,-,-,-,-,-,-,-,-,-,-,-,-,-
EV-to-EBIT,22.58,20.76,31.71,28.55,29.72,14.94,35.19,-,-,-,-,-,-,-,-,-,15.13,,24.14,22.58,22.98,38.18,19.55,20.76,19.29,16.89,27.03,31.71,28.56,29.81,32.05,28.55,27.12,35.62,33.57,29.72,27.28,37.21,21.12,14.94,15.47,12.58,22.47,35.19,41.43,36.12,-,-,-,-,-,-,-,-,-,-,-,-,-,-,-
Earnings Yield (Joel Greenblatt) %,4.43,4.82,3.15,3.5,3.36,6.69,2.84,-,-,-,-,-,-,-,-,-,6.59,,4.14,4.43,4.35,2.62,5.12,4.82,5.18,5.92,3.7,3.15,3.5,3.35,3.12,3.5,3.69,2.81,2.98,3.36,3.67,2.69,4.73,6.69,6.46,7.95,4.45,2.84,2.41,2.77,-,-,-,-,-,-,-,-,-,-,-,-,-,-,-
Forward Rate of Return (Yacktman) %,23.62,23.34,22.8,-,-,-,-,-,-,-,-,-,-,-,-,-,25.62,,23.76,23.62,23.55,22.5,23.21,23.34,23.16,23.47,23.21,22.8,23.73,22.72,22.26,-,-,-,-,-,-,-,-,-,-,-,-,-,-,-,-,-,-,-,-,-,-,-,-,-,-,-,-,-,-
Shiller PE Ratio,57.83,-,-,-,-,-,-,-,-,-,-,-,-,-,-,-,36.01,,54.35,57.83,59.43,86.29,-,-,-,-,-,-,-,-,-,-,-,-,-,-,-,-,-,-,-,-,-,-,-,-,-,-,-,-,-,-,-,-,-,-,-,-,-,-,-
Dividend Yield %,-,-,-,-,-,-,-,-,-,-,-,-,-,-,-,-,-,,-,-,-,-,-,-,-,-,-,-,-,-,-,-,-,-,-,-,-,-,-,-,-,-,-,-,-,-,-,-,-,-,-,-,-,-,-,-,-,-,-,-,-
,,,,,,,,,,,,,,,,,,,,,,,,,,,,,,,,,,,,,,,,,,,,,,,,,,,,,,,,,,,,,
Valuation and Quality:,,,,,,,,,,,,,,,,,,,,,,,,,,,,,,,,,,,,,,,,,,,,,,,,,,,,,,,,,,,,,
Market Cap,"614,977.691","522,470.384","472,009.024","472,052.032","272,741.352","195,514.53","207,725.337",-,-,-,-,-,-,-,-,-,"407,124.464",,"616,428.679","614,977.691","631,280.125","795,802.361","583,395.809","522,470.384","569,005.57","436,170.289","441,175.106","472,009.024","354,608.259","426,243.94","477,170.173","472,052.032","443,477.89","443,145.276","356,387.43","272,741.352","222,103.479","264,475","198,825","195,514.53","201,056.129","151,199.08","205,304.703","207,725.337","258,531.438","220,853.317",-,-,-,-,-,-,-,-,-,-,-,-,-,-,-
Enterprise Value ($M),"589,710.063","508,115.139","479,080.196","469,829.441","270,313.299","191,581.087","197,878.256",-,-,-,-,-,-,-,-,-,"370,736.289",,"585,613.27","589,710.063","599,531.773","773,613.86","562,332.49","508,115.139","551,949.807","439,276.83","446,351.034","479,080.196","359,764.062","430,688.222","482,188.966","469,829.441","440,779.504","438,830.008","354,290.348","270,313.299","220,854.31","267,455.42","201,940.856","191,581.087","196,200.412","147,858.418","195,002.376","197,878.256","250,172.197","213,828.13",-,-,-,-,-,-,-,-,-,-,-,-,-,-,-
Month End Stock Price,226.73,194.48,182.45,183.54,107.83,79.03,83.24,-,-,-,-,-,-,-,-,-,150.18,,226.78,226.73,232.73,293.98,215.7,194.48,212.1,167.23,169.45,182.45,137.07,164.76,185.53,183.54,172.43,172.71,140.9,107.83,87.81,105.79,79.53,79.03,81.27,58.97,82.27,83.24,103.94,88.85,-,-,-,-,-,-,-,-,-,-,-,-,-,-,-
Net Cash per Share,-15.25,-10.31,-15.53,-8.68,-4.43,-1.96,1.03,-1.76,-1.35,0.45,0.12,0.09,0.08,0.1,0.08,-,-14.68,,-14.68,-15.25,-13.31,-8.98,-9.08,-10.31,-11.59,-17.02,-15.44,-15.53,-14.4,-12.5,-13.14,-8.68,-8.1,-5.44,-5.37,-4.43,-4.88,-5.94,-5.62,-1.96,-1.84,-1.76,1.2,1.03,0.03,0.27,-2.89,-1.76,-,-,-,-1.35,0.45,0.12,0.13,0.09,0.1,0.08,0.1,0.08,-
Net Current Asset Value,-6.19,-5.02,-11.66,-5.81,-2.65,-0.82,2.06,-0.94,-1.39,0.83,0.17,0.12,0.11,0.12,0.09,-,-5.3,,-5.3,-6.19,-5.66,-2.89,-3.61,-5.02,-6.16,-11.92,-11.54,-11.66,-10.97,-9.32,-10.02,-5.81,-5.5,-3.09,-3.41,-2.65,-3.35,-4.42,-4.35,-0.82,-0.82,-0.9,2.31,2.06,2.42,2.21,-1.08,-0.94,-,-,-,-1.39,0.83,0.17,0.15,0.12,0.13,0.11,0.12,0.09,-
Net-Net Working Capital,-13.31,-9.12,-14.69,-8.21,-4.21,-1.91,1.08,-2.43,-2.05,0.46,0.12,0.09,0.08,0.1,0.08,-,-14.68,,-14.68,-13.31,-13.31,-7.52,-9.08,-9.12,-11.59,-17.02,-15.44,-14.69,-14.4,-12.5,-13.14,-8.21,-8.1,-5.44,-5.37,-4.21,-4.88,-5.94,-5.62,-1.91,-1.84,-1.76,1.2,1.08,0.03,0.27,-2.86,-2.43,-,-,-,-2.05,0.46,0.12,0.13,0.09,0.1,0.08,0.1,0.08,-
Intrinsic Value: Projected FCF,148.73,114.54,64.84,47.26,31.25,-,-,-,-,-,-,-,-,-,-,-,154.61,,154.61,148.73,148.03,130.52,121.81,114.54,118.3,101.76,93.57,64.84,61.55,54.1,51.25,47.26,44.54,38.53,34.37,31.25,29.55,26.64,-,-,-,-,-,-,-,-,-,-,-,-,-,-,-,-,-,-,-,-,-,-,-
Median PS Value,-,-,-,-,-,-,-,-,-,-,-,-,-,-,-,-,-,,-,-,-,-,-,-,-,-,-,-,-,-,-,-,-,-,-,-,-,-,-,-,-,-,-,-,-,-,-,-,-,-,-,-,-,-,-,-,-,-,-,-,-
Peter Lynch Fair Value,202.48,193.59,109.84,-,-,-,-,-,-,-,1.35,1.1,-,-,-,-,205.03,,205.03,202.48,207.47,155.58,218.51,193.59,227.67,190.95,116.38,109.84,97.78,86.75,84.83,-,-,-,-,-,-,-,-,-,-,-,-,-,-,-,-,-,-,-,-,-,-,-,-,-,-,-,-,-,-
Graham Number,78.39,63,31.35,29.92,20.67,27.61,14.52,5.79,-,2.81,0.5,0.39,0.3,0.33,0.25,-,80.65,,80.65,76.95,78.68,66.64,71.83,63.07,66.85,51.29,36.27,31.2,27.1,27.13,24.79,29.29,27.78,28.09,23.44,20.8,18.77,16.83,19.17,27.96,27.32,23,23.45,14.67,15.06,15.58,7.99,5.78,-,-,-,-,1.44,0.92,0.83,0.76,0.78,-,-,-,-
Earnings Power Value (EPV),-,-,-,-,-,-,-,-,-,-,-,-,-,-,-,-,26.33,,-,-,-,-,-,-,-,-,-,-,-,-,-,-,-,-,-,-,-,-,-,-,-,-,-,-,-,-,-,-,-,-,-,-,-,-,-,-,-,-,-,-,-
Altman Z-Score,5.29,6.43,6.52,7.71,7.32,8.28,9.31,1.68,-0.09,0.78,0.49,0.44,-883.9,-,-,-,4.04,,5.35,5.29,5.79,8.47,7.1,6.43,6.69,5.68,6.05,6.52,5.23,6.57,6.91,7.71,7.53,9.56,8.53,7.32,6.13,7.38,6.38,8.28,8.21,7.12,9.39,9.31,9.27,9.28,1.56,1.68,-,-,-,-0.09,0.78,0.49,0.51,0.44,0.56,-883.9,-,-,-
Piotroski F-Score,5,7,4,5,4,5,5,9,2,3,-,-,-,-,-,-,5,,5,5,4,5,7,7,7,5,5,4,6,4,4,5,6,6,5,4,4,4,5,5,-,-,-,5,-,-,-,9,-,-,8,2,3,-,-,-,-,-,-,-,-
Beneish M-Score,-2.29,-2.27,-1.97,-2.08,-1.27,-1.9,-0.7,-1.81,-3.44,0.55,-2.56,-2.59,-,-,-,-,-2.22,,-2.22,-2.29,-2.27,-2.4,-2.26,-2.27,-2.23,-2.15,-2.25,-1.97,-2.18,-2.19,-2.19,-2.08,-2.28,-2.37,-2.44,-1.27,-2.47,-2.42,-2.15,-1.9,-1.71,-1.74,-2.95,-0.7,-,-,-,-1.81,-,-,-,-3.44,0.55,-2.56,-,-2.59,-,-,-,-,-
Scaled Net Operating Assets,0.635,0.648,0.708,0.757,0.679,0.719,0.745,0.579,0.12,0.876,-0.235,-0.434,-0.285,-0.303,"-4,268.076",-0.097,0.466,,0.466,0.475,0.53,0.536,0.498,0.496,0.546,0.595,0.561,0.603,0.599,0.535,0.58,0.516,0.572,0.56,0.568,0.536,0.539,0.642,0.666,0.521,0.553,0.586,0.468,0.309,0.364,0.513,0.57,-,-,-,-,0.12,0.876,-0.218,-0.226,-0.392,-0.246,-0.285,-0.303,"-4,268.076",-0.097
Sloan Ratio %,9.64,5.86,9.12,3.08,7.97,15.77,14.29,26.83,-10.17,-10.43,7.3,9.26,-0.05,33.82,-5.61,"68,676.51",8.96,,8.96,9.2,11.61,8.92,9.79,5.82,5.12,6.87,5.15,9.25,8.85,9.01,8.01,3.02,1.45,1.12,-1.99,8.45,10.09,12.99,18.55,16.33,14.88,13.47,21.34,14.46,17.96,23.94,20.19,26.92,-,-,-,-,-,-,-,-,-,-,-,-,-
Current Ratio,1.7,1.91,1.3,1.89,1.94,2.58,3.58,1.81,1.8,2.37,1.9,1.73,1.99,2.47,2.35,0.95,1.76,,1.76,1.7,1.67,1.99,1.98,1.91,1.75,1.38,1.38,1.3,1.25,1.42,1.44,1.89,1.97,1.71,1.74,1.94,1.82,2.02,1.86,2.58,2.53,2.83,3.4,3.58,2.7,3.01,1.94,1.81,-,-,-,1.8,2.37,1.9,1.99,1.73,2.16,1.99,2.47,2.35,0.95
Quick Ratio,1.63,1.85,1.26,1.86,1.93,2.58,3.58,1.81,1.8,2.37,1.9,1.73,1.99,2.47,2.35,0.95,1.76,,1.76,1.63,1.67,1.91,1.98,1.85,1.75,1.38,1.38,1.26,1.25,1.42,1.44,1.86,1.97,1.71,1.74,1.93,1.82,2.02,1.86,2.58,2.53,2.83,3.4,3.58,2.7,3.01,1.94,1.81,-,-,-,1.8,2.37,1.9,1.99,1.73,2.16,1.99,2.47,2.35,0.95
Interest Coverage,20.04,17.76,11,19.73,18.16,15.39,8.48,11.49,7.2,78.68,-,-,-,"1,338.08",-,-,18.64,,24.35,-,44.87,12.38,30.9,6.12,30.22,15.4,18.11,6.73,20.09,10.08,6.61,8.32,31.39,22.2,21.89,14.77,29.48,13.54,14.08,10.81,27.13,13.21,10.82,5.47,7.08,8.34,16.69,16.16,22.74,14.15,5.01,-,-,-,-,-,-,-,-,-,-
Highest Stock Price,317.14,230.48,210.86,205.22,109.51,93.88,119.15,-,-,-,-,-,-,-,-,-,319.32,,244.01,270.83,317.14,298,228.75,230.48,216.38,182.51,195.21,187.25,163.74,197.98,210.86,205.22,191.19,180.07,143.95,109.51,108.41,109.36,82,79.03,85.4,84.15,93.88,105.03,119.15,93.89,-,-,-,-,-,-,-,-,-,-,-,-,-,-,-
Lowest Stock Price,187.11,149.26,130.6,107.44,74.23,57.39,-,-,-,-,-,-,-,-,-,-,149.09,,206.08,222.72,222,215.95,187.11,176.34,161.93,153.67,149.26,130.6,131.89,156.36,167.52,173.7,168.96,140.99,107.44,88.6,86.79,78.64,74.23,60.57,58.87,57.39,79.54,81.58,84.95,-,-,-,-,-,-,-,-,-,-,-,-,-,-,-,-
Shares Buyback Ratio %,-0.96,-3.84,-0.59,-1.68,-2.24,0.86,-1.24,-3.18,-2.44,54.08,-0.13,0.14,-0.46,-4.04,-0.72,-,-0.498,,-0.21,-,-0.2,-0.09,-0.68,-0.14,-2.86,-0.18,-0.64,-,-,-0.59,-,-,-0.24,-1.44,-,-,-1.17,-,-1.05,-,3.51,-2.74,-,-0.33,-0.07,-0.84,-,-5.21,-1.12,2.81,0.21,-2.44,54.08,-0.08,-0.04,-,0.14,-0.46,-4.04,-0.72,-
Buyback Yield %,0.01,-2.49,0.33,-0.01,-0.08,1.5,-4.74,-,-,-,-,-,-,-,-,-,-,,-,-,-,-,-,-,-,-,-,-,-,-,-,-,-,-,-,-,-,-,-,-,-,-,-,-,-,-,-,-,-,-,-,-,-,-,-,-,-,-,-,-,-
YoY Rev. per Sh. Growth,47.35,27.14,41,70.1,46.97,24.25,33.96,56.9,70.89,583.49,20.79,47.48,28.89,43.52,67.13,-,47.92,,46.74,75.17,42.68,30.71,25.25,12.48,32.09,34.25,32.74,41.8,35.34,46.85,67.95,72.88,60.9,60.65,49.29,48.26,42.49,47.54,50.73,35.87,28.51,20.76,18.73,30.57,24.09,45.62,44.06,-,-,-,-,-,-,-,-,-,-,-,-,-,-
YoY EPS Growth,5.51,60.26,28.26,57.42,-42.61,175.85,-4.02,182.04,99.98,439.43,22.51,48.36,-12.06,23.27,363.51,-,-11.45,,4.12,-292.55,58.68,-60.22,109.27,-89.12,51.57,248.94,129.49,221.58,31.59,7.42,-38.51,-23.72,39.13,131.8,86.04,84.18,32,-68.04,-76.77,80.74,105.33,589.55,130.17,-53.24,-36.69,-41.96,178.4,-,-,"1,307.32",972.36,-100,-100,168.02,-15.96,-14.81,131.03,-,-,-,-
YoY EBITDA Growth (%),6.52,45.42,2.93,76.03,-20.06,113.99,19.17,150.55,93.36,629.3,22.91,41.76,-2.56,47.18,263.23,-,-16.87,,-10.22,-146.57,62.45,-68.55,93.01,-86.69,40.74,306.95,60.74,125.23,-22.46,-14.19,-21.23,-19.23,105.55,102,73.83,82.1,33.88,-56.84,-64.62,59.61,55.11,306.95,113.51,-31.86,1.65,-8.49,124.68,-,-,-,-,-,-,-,-,-,-,-,-,-,-
5-Year EBITDA Growth Rate (Per Share),25.86,24.25,22.32,-,-,-,-,155.54,92.84,47.88,27.38,43.68,-,-,-,-,22.1,,27.15,25.86,24.22,22.44,23.59,24.25,24.51,22.89,20.85,22.32,25.52,33.14,43.91,-,-,-,-,-,-,-,-,-,-,-,-,-,-,-,-,155.54,-,-,-,92.84,47.88,27.38,-,43.68,-,-,-,-,-
Shares Outstanding (Basic Average),"2,702.375","2,627.125","2,580","2,553.125","2,493","2,458","2,337","2,175","2,294","2,266","5,043.8","5,040.224","5,040.685","5,052.13","4,859.882","4,825","2,719.25",,"2,719.25","2,706.5","2,705.375","2,700.125","2,697.625","2,679.25","2,632.25","2,600","2,597","2,579.25","2,576","2,583.625","2,581","2,559.5","2,557","2,552","2,543","2,535","2,485","2,478","2,473","2,449","2,446","2,461","2,477","2,463","2,450","2,238","2,198","2,190","2,180","2,165","2,198","2,294","2,266","5,043.8","5,042.767","5,040.224","5,052.325","5,040.685","5,052.13","4,859.882","4,825"
Shares Outstanding (EOP),"2,712.379","2,686.499","2,587.06","2,571.93","2,529.364","2,473.928","2,495.499","2,465.006","2,389","2,332","5,078.82","5,072.263","5,079.627","5,056.348","4,859.882","4,825","2,710.91",,"2,718.179","2,712.379","2,712.5","2,706.995","2,704.663","2,686.499","2,682.723","2,608.206","2,603.571","2,587.06","2,587.06","2,587.06","2,571.93","2,571.93","2,571.93","2,565.835","2,529.364","2,529.364","2,529.364","2,500","2,500","2,473.928","2,473.928","2,564","2,495.499","2,495.499","2,487.314","2,485.687","2,465.006","2,465.006","2,343","2,317","2,384","2,389","2,332","5,078.82","5,074.524","5,072.263","5,072.473","5,079.627","5,056.348","4,859.882","4,825"
Beta,0.81,1.53,1.73,2.66,-,-,-,-,-,-,-,-,-,-,-,-,0.76,,0.79,0.81,0.96,1.26,1.21,1.53,2.01,1.89,1.84,1.73,1.74,2.45,2.66,2.66,2.44,2.61,-,-,-,-,-,-,-,-,-,-,-,-,-,-,-,-,-,-,-,-,-,-,-,-,-,-,-
Restated Filing Date,07/27/21,07/27/21,07/27/21,07/09/20,06/05/19,07/27/18,06/15/17,05/24/16,06/25/15,09/22/14,03/27/12,03/27/12,04/07/11,04/08/10,03/27/09,12/31/07,08/03/21,,08/03/21,07/27/21,02/02/21,02/02/21,08/03/21,07/27/21,02/02/21,11/05/20,08/20/20,07/27/21,02/13/20,11/01/19,08/15/19,07/09/20,01/30/19,11/02/18,08/23/18,06/05/19,02/01/18,11/02/17,08/17/17,07/27/18,01/24/17,11/02/16,08/11/16,06/15/17,01/29/16,10/27/15,08/12/15,05/24/16,01/29/15,11/04/14,09/22/14,06/25/15,09/22/14,03/27/12,-,03/27/12,-,04/07/11,04/08/10,03/27/09,12/31/07
Filing Date,07/27/21,07/09/20,06/05/19,07/27/18,06/15/17,05/24/16,06/25/15,09/22/14,06/25/15,09/22/14,03/27/12,04/07/11,04/08/10,03/27/09,03/27/09,12/31/07,08/03/21,,08/03/21,07/27/21,02/02/21,02/02/21,08/20/20,07/09/20,02/13/20,11/01/19,08/15/19,06/05/19,01/30/19,11/02/18,08/23/18,07/27/18,02/01/18,11/02/17,08/17/17,06/15/17,01/24/17,11/02/16,08/11/16,05/24/16,01/29/16,10/27/15,08/12/15,06/25/15,01/29/15,11/04/14,09/22/14,09/22/14,01/29/15,11/04/14,09/22/14,06/25/15,09/22/14,03/27/12,-,04/07/11,-,04/08/10,03/27/09,03/27/09,12/31/07
Earnings Release Date,05/13/21,05/22/20,05/15/19,05/04/18,05/18/17,-,-,-,-,-,-,-,-,-,-,-,08/03/21,,08/03/21,05/13/21,02/02/21,11/05/20,08/20/20,05/22/20,02/13/20,11/01/19,08/15/19,05/15/19,01/30/19,11/02/18,08/23/18,05/04/18,02/01/18,11/02/17,08/17/17,05/18/17,01/24/17,11/02/16,08/11/16,-,-,-,-,-,-,-,-,-,-,-,-,-,-,-,-,-,-,-,-,-,-
Number of Shareholders,-,-,-,-,-,-,-,-,-,-,-,-,-,-,-,-,-,,-,-,-,-,-,-,-,-,-,-,-,-,-,-,-,-,-,-,-,-,-,-,-,-,-,-,-,-,-,-,-,-,-,-,-,-,-,-,-,-,-,-,-
Number of Employees,"251,462","117,600","101,958","66,421","50,097","36,446","34,985","22,072",-,-,"12,878","13,674","11,716",-,-,-,"254,702",,"254,702","251,462","252,084","122,399","120,535","117,600","116,519","111,524","103,699","101,958","101,550","93,397","86,833","66,421","63,809","59,572","57,302","50,097","46,819","46,689","46,228","36,446","36,465","36,662","34,433","34,985","34,081",-,-,"22,072","20,884",-,-,-,-,"12,878",-,"13,674",-,"11,716",-,-,-
,,,,,,,,,,,,,,,,,,,,,,,,,,,,,,,,,,,,,,,,,,,,,,,,,,,,,,,,,,,,,
Forex Rate,6.511,7.021,6.712,6.317,6.894,6.503,6.239,6.173,6.215,6.313,6.348,6.65,6.828,6.854,7.368,7.822,-,,6.425,6.511,6.539,6.811,7.082,7.021,7.014,7.114,6.898,6.712,6.884,6.855,6.465,6.317,6.593,6.569,6.807,6.894,6.92,6.67,6.589,6.503,6.449,6.368,6.205,6.239,6.189,6.138,6.231,6.173,6.074,6.12,6.134,6.215,6.313,6.348,6.475,6.65,6.818,6.828,6.854,7.368,7.822
,,,,,,,,,,,,,,,,,,,,,,,,,,,,,,,,,,,,,,,,,,,,,,,,,,,,,,,,,,,,,
