0,1,2,3,4,5,6,7,8,9,10,11,12,13,14,15,16,17,18,19,20,21,22,23,24,25,26,27,28,29,30,31,32,33,34,35,36,37,38,39,40,41,42,43,44,45,46,47,48,49,50,51,52,53,54,55,56,57,58,59,60,61,62,63,64,65,66
"Downloaded from http://www.GuruFocus.com on Wed Sep 22 2021 15:52:57 GMT+0300 (>A:20, AB0=40@B=>5 2@5<O)",,,,,,,,,,,,,,,,,,,,,,,,,,,,,,,,,,,,,,,,,,,,,,,,,,,,,,,,,,,,,,,,,,
GuruFocus_OTCPK:TCEHY_Financial_2021-9-22 at 15:52.csv,,,,,,,,,,,,,,,,,,,,,,,,,,,,,,,,,,,,,,,,,,,,,,,,,,,,,,,,,,,,,,,,,,
,,,,,,,,,,,,,,,,,,,,,,,,,,,,,,,,,,,,,,,,,,,,,,,,,,,,,,,,,,,,,,,,,,
OTCPK:TCEHY,"Tencent Holdings Ltd, China, Communication Services, Interactive Media, Internet Content & Information",,,,,,,,,,,,,,,,,,,,,,,,,,,,,,,,,,,,,,,,,,,,,,,,,,,,,,,,,,,,,,,,,
Key Statistics: ,,,,,,,,,,,,,,,,,,,,,,,,,,,,,,,,,,,,,,,,,,,,,,,,,,,,,,,,,,,,,,,,,,
Price,58.1,,,,,,,,,,,,,,,,,,,,,,,,,,,,,,,,,,,,,,,,,,,,,,,,,,,,,,,,,,,,,,,,,
Market Cap (Million),557560.717,,,,,,,,,,,,,,,,,,,,,,,,,,,,,,,,,,,,,,,,,,,,,,,,,,,,,,,,,,,,,,,,,
Shares Outstanding (Million),9596.57,,,,,,,,,,,,,,,,,,,,,,,,,,,,,,,,,,,,,,,,,,,,,,,,,,,,,,,,,,,,,,,,,
PE Ratio,19.62,,,,,,,,,,,,,,,,,,,,,,,,,,,,,,,,,,,,,,,,,,,,,,,,,,,,,,,,,,,,,,,,,
PB Ratio,4.22,,,,,,,,,,,,,,,,,,,,,,,,,,,,,,,,,,,,,,,,,,,,,,,,,,,,,,,,,,,,,,,,,
PS Ratio,6.92,,,,,,,,,,,,,,,,,,,,,,,,,,,,,,,,,,,,,,,,,,,,,,,,,,,,,,,,,,,,,,,,,
,,,,,,,,,,,,,,,,,,,,,,,,,,,,,,,,,,,,,,,,,,,,,,,,,,,,,,,,,,,,,,,,,,
Growth Rate: ,,,,,,,,,,,,,,,,,,,,,,,,,,,,,,,,,,,,,,,,,,,,,,,,,,,,,,,,,,,,,,,,,,
Annual Rates (per share),10 Years,5 Years,12 Months,,,,,,,,,,,,,,,,,,,,,,,,,,,,,,,,,,,,,,,,,,,,,,,,,,,,,,,,,,,,,,,
Revenue Growth (%),36.6,34.8,33,,,,,,,,,,,,,,,,,,,,,,,,,,,,,,,,,,,,,,,,,,,,,,,,,,,,,,,,,,,,,,,
EBITDA  Growth (%),36.2,36.7,79.3,,,,,,,,,,,,,,,,,,,,,,,,,,,,,,,,,,,,,,,,,,,,,,,,,,,,,,,,,,,,,,,
Free Cash Flow Growth (%),29.4,0,26.9,,,,,,,,,,,,,,,,,,,,,,,,,,,,,,,,,,,,,,,,,,,,,,,,,,,,,,,,,,,,,,,
Book Value Growth (%),39.8,39.1,73.7,,,,,,,,,,,,,,,,,,,,,,,,,,,,,,,,,,,,,,,,,,,,,,,,,,,,,,,,,,,,,,,
,,,,,,,,,,,,,,,,,,,,,,,,,,,,,,,,,,,,,,,,,,,,,,,,,,,,,,,,,,,,,,,,,,
30 Year Financials of OTCPK:TCEHY - Tencent Holdings Ltd,,,,,,,,,,,,,,,,,,,,,,,,,,,,,,,,,,,,,,,,,,,,,,,,,,,,,,,,,,,,,,,,,,
,,,,,,,,,,,,,,,,,,,,,,,,,,,,,,,,,,,,,,,,,,,,,,,,,,,,,,,,,,,,,,,,,,
"All Numbers are in Millions except per share data, ratios, and percentage data; All shares outstanding data and per share data are split adjusted",,,,,,,,,,,,,,,,,,,,,,,,,,,,,,,,,,,,,,,,,,,,,,,,,,,,,,,,,,,,,,,,,,
,,,,,,,,,,,,,,,,,,,,,,,,,,,,,,,,,,,,,,,,,,,,,,,,,,,,,,,,,,,,,,,,,,
Annual Data:,,,,,,,,,,,,,,,,,,Quarterly Data:,,,,,,,,,,,,,,,,,,,,,,,,,,,,,,,,,,,,,,,,,,,,,,,,
Fiscal Period:,2020-12,2019-12,2018-12,2017-12,2016-12,2015-12,2014-12,2013-12,2012-12,2011-12,2010-12,2009-12,2008-12,2007-12,2006-12,TTM/current,,2021-06,2021-03,2020-12,2020-09,2020-06,2020-03,2019-12,2019-09,2019-06,2019-03,2018-12,2018-09,2018-06,2018-03,2017-12,2017-09,2017-06,2017-03,2016-12,2016-09,2016-06,2016-03,2015-12,2015-09,2015-06,2015-03,2014-12,2014-09,2014-06,2014-03,2013-12,2013-09,2013-06,2013-03,2012-12,2012-09,2012-06,2012-03,2011-12,2011-09,2011-06,2011-03,2010-12,2010-06,2009-12,2009-06,2008-12,2007-12,2006-12
Per Share Data:,,,,,,,,,,,,,,,,,,,,,,,,,,,,,,,,,,,,,,,,,,,,,,,,,,,,,,,,,,,,,,,,,,
Revenue per Share,7.639,5.602,4.748,3.782,2.313,1.691,1.363,1.065,0.756,0.483,0.318,0.197,0.114,0.056,0.039,8.38,,2.22,2.145,2.106,1.909,1.687,1.603,1.56,1.427,1.345,1.331,1.289,1.23,1.192,1.217,1.053,1.041,0.873,0.756,0.666,0.638,0.571,0.52,0.499,0.444,0.402,0.383,0.363,0.345,0.339,0.318,0.299,0.272,0.252,0.234,0.209,0.196,0.178,0.164,0.136,0.126,0.112,0.104,-,0.074,-,0.046,-,-,-
EBITDA per Share,3.775,2.402,2.029,1.827,1.013,0.73,0.599,0.41,0.31,0.239,0.168,0.102,0.057,0.026,0.018,3.43,,0.78,0.914,1.023,0.709,0.57,0.548,0.403,0.382,0.449,0.526,0.266,0.429,0.378,0.503,0.409,0.376,0.355,0.288,0.207,0.219,0.227,0.2,0.155,0.161,0.164,0.155,0.118,0.128,0.135,0.136,0.089,0.085,0.074,0.089,0.063,0.07,0.066,0.063,0.057,0.048,0.044,0.054,-,0.038,-,0.022,-,-,-
EBIT per Share,2.971,1.738,1.509,1.452,0.819,0.62,0.516,0.347,0.265,0.206,0.155,0.093,0.052,0.023,0.016,3.43,,0.78,0.914,1.023,0.709,0.57,0.548,0.403,0.382,0.449,0.526,0.266,0.429,0.378,0.503,0.409,0.376,0.355,0.288,0.207,0.219,0.227,0.2,0.155,0.161,0.164,0.155,0.118,0.128,0.135,0.136,0.089,0.085,0.074,0.089,0.063,0.07,0.066,0.063,0.057,0.048,0.044,0.054,-,0.038,-,0.022,-,-,-
Earnings per Share (Diluted),2.527,1.375,1.195,1.137,0.626,0.474,0.411,0.273,0.219,0.173,0.13,0.082,0.044,0.023,0.015,2.96,,0.683,0.755,0.936,0.582,0.485,0.427,0.308,0.299,0.365,0.424,0.216,0.356,0.289,0.385,0.33,0.287,0.281,0.221,0.16,0.168,0.172,0.149,0.117,0.124,0.125,0.117,0.101,0.099,0.1,0.112,0.069,0.068,0.064,0.07,0.06,0.055,0.052,0.05,0.043,0.041,0.039,0.047,0.13,0.03,0.082,0.019,0.044,0.023,0.015
EPS without NRI,2.527,1.375,1.195,1.137,0.626,0.474,0.411,0.273,0.219,0.173,0.13,0.082,0.044,0.023,0.015,2.96,,0.683,0.755,0.936,0.582,0.485,0.427,0.308,0.299,0.365,0.424,0.216,0.356,0.289,0.385,0.33,0.287,0.281,0.221,0.16,0.168,0.172,0.149,0.117,0.124,0.125,0.117,0.101,0.099,0.1,0.112,0.069,0.068,0.064,0.07,0.06,0.055,0.052,0.05,0.043,0.041,0.039,0.047,0.131,0.03,0.082,0.019,0.044,0.023,0.015
Owner Earnings per Share (TTM),3.5,2.05,1.68,1.97,1.03,0.73,0.64,0.48,0.35,0.24,0.15,-,-,-,-,3.56,,-,-,3.5,-,-,-,2.05,-,-,-,1.68,-,-,-,1.97,-,-,-,1.03,-,-,-,0.73,-,-,-,0.64,-,-,-,0.48,0.35,0.24,-,0.35,-,-,-,0.24,-,-,-,0.15,-,-,-,-,-,-
Free Cash Flow per Share,2.021,1.36,0.864,1.179,0.712,0.532,0.45,0.322,0.251,0.144,0.163,0.12,0.035,0.015,0.016,2.8,,0.513,0.809,0.77,0.708,0.647,0.811,0.746,0.648,0.379,0.448,0.522,0.508,0.364,0.343,0.454,0.486,0.316,0.406,0.304,0.263,0.191,0.275,0.298,0.166,0.13,0.165,0.185,0.143,0.124,0.114,0.121,0.097,0.087,0.12,0.091,0.088,0.069,0.083,0.073,0.062,0.038,0.052,-,-,-,-,-,-,-
Operating Cash Flow per Share,3.076,2.206,1.684,1.688,0.997,0.747,0.565,0.43,0.335,0.226,0.199,0.133,0.057,0.027,0.021,2.8,,0.513,0.809,0.77,0.708,0.647,0.811,0.746,0.648,0.379,0.448,0.522,0.508,0.364,0.343,0.454,0.486,0.316,0.406,0.304,0.263,0.191,0.275,0.298,0.166,0.13,0.165,0.185,0.143,0.124,0.114,0.121,0.097,0.087,0.12,0.091,0.088,0.069,0.083,0.073,0.062,0.038,0.052,-,-,-,-,-,-,-
Cash per Share,3.632,2.791,2.547,2.274,1.864,1.332,0.923,0.705,0.471,0.451,0.363,0.185,0.056,0.055,0.033,3.511,,3.511,3.612,3.632,3.587,3.842,2.979,2.791,2.957,2.81,2.735,2.547,2.212,2.181,2.372,2.274,2.319,2.042,2.074,1.864,1.502,1.614,1.477,1.332,1.197,1.128,1.193,0.923,0.881,0.875,0.767,0.705,0.632,0.54,0.529,0.471,0.476,0.471,0.504,0.451,-,0.357,-,0.363,0.223,0.185,-,0.056,0.055,0.033
Dividends per Share,0.169,0.126,0.108,0.081,0.058,0.045,0.028,0.024,0.018,0.014,0.011,0.006,-,-,-,0.2,,0.204,-,-,-,0.156,-,-,-,0.128,-,0.003,-,0.111,-,-,-,0.079,-,-,-,0.06,-,-,-,0.046,-,-,-,0.028,-,-,-,0.023,-,-,-,0.017,-,-,-,0.014,-,-,0.01,-,0.006,-,-,-
Book Value per Share,11.221,6.458,4.936,4.089,2.663,1.979,1.38,1.025,0.715,0.487,0.356,0.199,0.114,0.078,0.054,13.725,,13.725,12.194,11.221,8.834,7.913,6.826,6.458,5.945,5.885,5.696,4.936,4.817,4.797,4.623,4.089,3.735,3.327,2.974,2.663,2.591,2.28,2.075,1.979,1.808,1.679,1.51,1.38,1.3,1.206,1.123,1.025,0.928,0.82,0.776,0.715,0.642,0.581,0.557,0.487,-,0.424,-,0.356,0.25,0.199,-,0.114,0.078,0.054
Tangible Book per Share,8.178,4.067,3.755,3.252,1.968,1.669,1.195,0.922,0.61,0.406,0.343,0.194,0.108,0.072,0.052,10.584,,10.584,9.428,8.178,6.493,5.456,4.688,4.067,5.039,4.68,4.705,3.755,3.963,3.78,3.821,3.252,3.024,2.575,2.339,1.968,1.984,1.985,1.782,1.669,1.55,1.462,1.318,1.195,1.211,1.12,1.032,0.922,0.827,0.721,0.678,0.61,0.555,0.503,0.481,0.406,-,0.361,-,0.343,0.242,0.194,-,0.108,0.072,0.052
Total Debt per Share,4.184,3.47,2.736,2.106,1.67,1.087,0.614,0.266,0.185,0.201,-,0.003,-,0.004,-,4.722,,4.722,4.278,4.184,4.15,4.219,3.548,3.47,3.22,3.223,3.048,2.736,2.661,2.758,2.616,2.106,2.114,1.807,1.749,1.67,1.455,1.371,1.176,1.087,0.904,0.818,0.83,0.614,0.596,0.604,0.318,0.266,0.267,0.18,0.18,0.185,0.22,0.078,0.162,0.201,-,0.138,-,-,0.044,0.003,-,-,0.004,-
Month End Stock Price,71.89,48.01,39.47,51.92,24.22,19.62,14.51,12.88,6.53,4.03,3.83,-,-,-,-,58.1,,75.3,79.8,71.89,67.65,64,49.09,48.01,41.63,45.26,45.98,39.47,40.84,50.25,53.29,51.92,42.75,35.96,28.86,24.22,27.88,22.97,20.44,19.62,16.88,20.05,18.97,14.51,14.82,15.27,13.82,12.88,10.51,7.79,6.39,6.53,6.78,5.88,5.57,4.03,4.15,5.48,3.83,3.83,3.32,-,-,-,-,-
,,,,,,,,,,,,,,,,,,,,,,,,,,,,,,,,,,,,,,,,,,,,,,,,,,,,,,,,,,,,,,,,,,
Ratios:,,,,,,,,,,,,,,,,,,,,,,,,,,,,,,,,,,,,,,,,,,,,,,,,,,,,,,,,,,,,,,,,,,
ROE %,28.868,24.48,26.645,33.854,27.088,28.322,34.246,31.576,36.774,41.447,47.912,53.782,47.075,36.115,32.462,25.01,,21.321,26.125,37.709,28.235,26.56,25.946,20.777,20.317,25.39,32.04,17.808,29.773,24.694,35.632,33.957,32.722,35.878,31.446,24.447,27.76,31.834,29.635,24.95,28.574,31.564,32.6,30.165,31.487,34.558,41.859,28.334,31.123,32.44,37.666,35.436,36.141,37.203,38.91,35.546,39.476,37.408,53.457,-,55.265,-,68.138,-,-,-
ROE % Adjusted to Book Value,4.51,3.29,3.33,2.67,2.98,2.86,3.26,2.51,4.03,5.01,4.46,-,-,-,-,6.58,,3.89,3.99,5.89,3.69,3.28,3.61,2.79,2.9,3.3,3.97,2.23,3.51,2.36,3.09,2.67,2.86,3.32,3.24,2.69,2.58,3.16,3.01,2.52,3.06,2.64,2.59,2.87,2.76,2.73,3.4,2.25,2.75,3.42,4.58,3.88,3.42,3.67,3.89,4.3,-,2.89,-,-,4.16,-,-,-,-,-
ROA %,14.382,11.035,12.086,15.347,11.335,11.874,16.981,17.17,19.434,22.422,30.46,37.738,34.172,27.702,26.695,14.39,,11.659,13.892,19.16,13.376,12.131,11.735,9.602,9.599,11.925,14.647,8.031,13.558,11.208,16.263,15.547,14.96,16.283,13.95,11.056,10.794,10.808,10.992,10.019,12.264,13.947,14.68,14.278,14.873,16.75,21.897,15.195,16.688,17.611,20.589,18.945,19.315,20.344,20.31,17.812,21.076,19.972,32.46,-,36.432,-,48.541,-,-,-
Return-on-Tangible-Equity,41.675,35.665,34.32,43.788,34.587,33.221,38.899,35.867,43.517,46.653,49.531,55.738,50.348,38.681,33.359,37.27,,27.615,34.747,51.55,39.571,38.591,39.368,28.299,24.729,31.331,40.267,22.502,36.965,30.603,43.885,42.328,41.272,46.009,41.158,32.505,34.077,36.794,34.812,29.357,33.073,36.191,37.479,33.604,33.857,37.382,45.989,31.635,35.14,37.001,43.612,41.3,41.768,42.995,45.782,42.625,46.313,43.887,55.505,-,56.91,-,71.933,-,-,-
Return-on-Tangible-Asset,16.982,12.852,13.45,17.107,12.466,12.657,18.052,18.365,21.167,23.862,31.107,38.691,35.864,29.187,27.299,16.58,,13.319,16.004,22.187,15.476,14.145,13.875,10.946,10.483,13.091,16.155,8.866,14.876,12.284,17.79,17.094,16.525,18.09,15.581,12.452,11.633,11.327,11.633,10.662,13.025,14.783,15.594,15.005,15.381,17.387,22.977,16.096,17.778,18.875,22.247,20.502,20.814,21.962,22.037,19.429,22.88,21.681,33.204,-,37.139,-,50.436,-,-,-
ROC (Joel Greenblatt) %,277.43,228.85,292.64,410.62,318.07,285.12,263.43,213.07,221.73,254.73,307.4,209.17,166.43,149.89,130.59,291.99,,243.74,293.18,355.59,272.21,234.35,236.15,186.33,186.84,223.88,299.41,179.24,300.95,290.1,443,410.62,430.26,454.01,397.5,301.19,338.68,362.72,330.26,272.91,294.31,311.12,301.83,237.91,271.65,288.8,288.13,196.8,205.25,194.61,255.51,195.47,240.32,247.07,242.06,222.17,242.31,223.42,361.81,-,339.45,-,186.6,-,-,-
ROCE %,-,-,-,-,-,-,-,-,-,-,-,-,-,-,-,-,,-,-,-,-,-,-,-,-,-,-,-,-,-,-,-,-,-,-,-,-,-,-,-,-,-,-,-,-,-,-,-,-,-,-,-,-,-,-,-,-,-,-,-,-,-,-,-,-,-
ROIC %,11.74,11.63,12.09,15.36,13.98,14.92,20.39,21.58,27.96,34.46,63.63,90.44,75.26,72.58,68.51,10.81,,9.4,11.09,11.14,11.98,11.84,13.35,11.85,12.09,11.87,13.84,10.05,11.41,11.93,15.94,14.75,15.63,16.52,16.2,13.47,16.25,19.17,16.77,15.4,19.9,20.99,20.56,19.85,22.24,22.41,23.52,19.58,24.32,25.72,27.23,28.75,31.97,34.03,32.14,23.75,31.81,30.19,60.65,-,81.09,-,94.72,-,-,-
WACC %,7.4,10.43,10.33,8.22,8.37,8.65,8.91,9.96,9.37,9.87,9.87,10.68,-,-,-,8.34,,8.2,8.26,7.4,8.09,8.38,8.02,10.43,10.38,10.72,10.72,10.33,9.7,9.08,8.66,8.22,8.21,8.24,8.37,8.37,7.35,7.63,7.8,8.65,8.08,8.34,9.15,8.91,9.53,9.38,9.57,9.96,9.65,9.76,9.35,9.37,9.56,9.19,9.77,9.87,-,9.67,-,9.87,10.02,10.68,-,-,-,-
Effective Interest Rate on Debt %,3.11,3.7,3.09,2.59,2.4,2.93,3.4,3.09,2.94,0.62,0.06,0.97,51.78,0.54,-,2.59,,2.76,2.07,2.78,2.85,2.77,2.86,5.08,3.2,3.41,2.42,3.62,3.38,2.88,1.85,3.06,1.71,2.65,2.47,2.71,2.71,2.5,2.84,1.69,3.74,2.85,4.1,-0.49,3.69,5.3,5.67,8.06,0.69,-0.55,3.12,1.45,4.59,6.57,2.66,0.61,-,-,-,-,1.47,-,-,-,-,-
,,,,,,,,,,,,,,,,,,,,,,,,,,,,,,,,,,,,,,,,,,,,,,,,,,,,,,,,,,,,,,,,,,
Gross Margin %,45.95,44.4,45.45,49.18,55.61,59.53,60.89,54.04,58.52,65.16,67.83,68.73,69.66,70.75,70.82,45.23,,45.38,46.29,44.05,45.16,46.32,48.85,43.59,43.69,44.05,46.59,41.41,44.02,46.75,50.38,47.44,48.58,50.01,51.35,53.86,54.05,57.31,58.1,58.41,58.58,61.62,59.98,60.28,63.82,61.64,57.61,51.69,54.71,54.19,56.05,56.62,58.61,59.05,60.24,65.4,64.5,65.4,65.39,-,68.24,-,67.53,-,-,-
Operating Margin %,26.567,25.698,24.948,29.63,33.362,35.577,33.364,28.65,34.33,40.357,48.775,47.303,44.435,42.791,38.436,25.09,,23.373,27.84,23.232,26.069,26.646,31.187,23.242,25.13,25.622,29.688,19.968,23.629,25.809,31.281,27.265,28.821,30.84,32.517,28.329,31.663,36.752,38.612,33.576,34.222,37.688,37.698,32.72,35.804,34.012,30.777,24.543,28.793,29.262,32.979,30.566,35.03,35.429,37.241,33.894,38.221,39.729,51.84,-,49.631,-,47.644,-,-,-
Net Margin %,33.159,24.732,25.175,30.077,27.047,28.004,30.165,25.65,29.006,35.805,40.994,41.444,38.92,40.985,37.987,35.35,,30.802,35.304,44.365,30.724,28.818,26.74,20.405,20.961,27.174,31.838,16.761,28.951,24.251,31.675,31.325,27.612,32.207,29.214,24.004,26.359,30.083,28.701,23.534,27.995,31.218,30.729,27.934,28.559,29.555,35.092,23.047,24.892,25.584,29.849,28.5,27.83,29.448,30.572,31.928,32.632,34.86,45.285,-,41.046,-,41.426,-,-,-
FCF Margin %,26.453,24.279,18.189,31.181,30.778,31.426,33.031,30.268,33.239,29.843,51.271,60.913,30.404,27.335,41.416,33.4,,23.11,37.696,36.558,37.09,38.356,50.582,47.845,45.438,28.152,33.697,40.51,41.293,30.556,28.225,43.068,46.717,36.159,53.709,45.596,41.272,33.434,52.871,59.758,37.396,32.468,43.252,50.906,41.493,36.661,35.728,40.448,35.777,34.58,51.506,43.701,44.719,38.777,50.413,53.846,48.799,33.668,49.937,-,-,-,-,-,-,-
,,,,,,,,,,,,,,,,,,,,,,,,,,,,,,,,,,,,,,,,,,,,,,,,,,,,,,,,,,,,,,,,,,
Debt-to-Equity,0.373,0.537,0.554,0.515,0.627,0.549,0.445,0.26,0.259,0.412,-,0.017,-,0.057,-,0.344,,0.344,0.351,0.373,0.47,0.533,0.52,0.537,0.542,0.548,0.535,0.554,0.553,0.575,0.566,0.515,0.566,0.543,0.588,0.627,0.561,0.602,0.567,0.549,0.5,0.487,0.55,0.445,0.459,0.5,0.283,0.26,0.288,0.22,0.232,0.259,0.343,0.134,0.291,0.412,-,0.324,-,-,0.177,0.017,-,-,0.057,-
Equity-to-Asset,0.528,0.454,0.447,0.462,0.441,0.391,0.467,0.54,0.549,0.501,0.607,0.696,0.712,0.747,0.799,0.558,,0.558,0.535,0.528,0.485,0.462,0.451,0.454,0.472,0.473,0.466,0.447,0.455,0.456,0.452,0.462,0.454,0.461,0.446,0.441,0.464,0.328,0.353,0.391,0.414,0.448,0.436,0.467,0.48,0.465,0.508,0.54,0.532,0.541,0.545,0.549,0.52,0.552,0.542,0.501,-,0.534,-,0.607,0.633,0.696,-,0.712,0.747,0.799
Debt-to-Asset,0.197,0.244,0.248,0.238,0.277,0.215,0.208,0.14,0.142,0.207,-,0.012,-,0.042,-,0.192,,0.192,0.188,0.197,0.228,0.246,0.234,0.244,0.256,0.259,0.249,0.248,0.251,0.262,0.256,0.238,0.257,0.25,0.262,0.277,0.261,0.197,0.2,0.215,0.207,0.218,0.24,0.208,0.22,0.232,0.144,0.14,0.153,0.119,0.126,0.142,0.178,0.074,0.158,0.207,-,0.173,-,-,0.112,-,-,-,-,-
Gross-Profit-to-Asset %,19.932,19.813,21.82,25.094,23.307,25.24,34.275,36.173,39.208,40.804,50.4,62.587,61.164,47.821,49.771,18.41,,17.178,18.216,19.024,19.659,19.497,21.441,20.513,20.006,19.331,21.434,19.841,20.617,21.607,25.866,23.544,26.322,25.281,24.519,24.809,22.132,20.592,22.25,24.865,25.665,27.533,28.652,30.812,33.234,34.935,35.947,34.081,36.678,37.299,38.663,37.637,40.677,40.792,40.018,36.483,41.657,37.47,46.871,-,60.569,-,79.129,-,-,-
,,,,,,,,,,,,,,,,,,,,,,,,,,,,,,,,,,,,,,,,,,,,,,,,,,,,,,,,,,,,,,,,,,
Asset Turnover,0.434,0.446,0.48,0.51,0.419,0.424,0.563,0.669,0.67,0.626,0.743,0.911,0.878,0.676,0.703,0.41,,0.095,0.098,0.108,0.109,0.105,0.11,0.118,0.114,0.11,0.115,0.12,0.117,0.116,0.128,0.124,0.135,0.126,0.119,0.115,0.102,0.09,0.096,0.106,0.11,0.112,0.119,0.128,0.13,0.142,0.156,0.165,0.168,0.172,0.172,0.166,0.174,0.173,0.166,0.139,0.161,0.143,0.179,-,0.222,-,0.293,-,-,-
Dividend Payout Ratio,0.067,0.091,0.09,0.072,0.092,0.094,0.069,0.086,0.081,0.083,0.081,0.079,-,-,-,0.07,,0.299,-,-,-,0.322,-,-,-,0.349,-,0.015,-,0.385,-,-,-,0.28,-,-,-,0.351,-,-,-,0.37,-,-,-,0.28,-,-,-,0.363,-,-,-,0.331,-,-,-,0.363,-,-,0.341,-,0.34,-,-,-
,,,,,,,,,,,,,,,,,,,,,,,,,,,,,,,,,,,,,,,,,,,,,,,,,,,,,,,,,,,,,,,,,,
Days Sales Outstanding,29.68,31.35,26.68,20.13,21.29,21.01,17.57,15.85,18.04,23.43,27.06,32.41,37.79,43.55,40.08,31.45,,34.49,32.53,29.02,29.29,33.21,33.25,29.1,30.63,32.1,30.53,29.17,27.51,26.42,22.64,22.11,20.65,21.91,21.19,20.82,20.81,20.52,20.35,20.94,21.45,20.84,20,19.39,19.38,16.91,15.14,15.07,16.32,17.39,16.74,18.77,20.38,21.08,20.59,23.28,27.09,30.54,24.38,-,28.71,-,31.08,-,-,-
Days Payable,118.57,135.57,134.84,115.09,119.77,108.49,91.56,70.85,64.3,65.48,59.45,44.12,29.73,25.11,14.23,115.9,,121.17,123.21,108.33,112.82,129.74,139.46,115.4,117.57,134.39,148.32,131.58,135.46,134.9,127.4,120.4,105.51,111.84,113.76,117.7,111.43,123.32,121.09,101.9,95.27,103.1,95.75,88.63,99.81,99.05,86.54,73.43,84.03,86.04,78.9,70.25,69.63,66.96,61.45,74.69,68.64,79.4,56.69,-,53.05,-,23.81,-,-,-
Days Inventory,1.04,0.91,0.68,0.82,1.36,2.09,9.78,12.73,11.39,-,-,0.51,0.59,0.66,1.12,1.18,,1.1,1.02,1.18,1.4,1.18,1.09,0.86,0.61,0.57,0.62,0.72,0.79,0.7,0.71,0.8,0.81,0.9,0.99,1.13,1.11,1.33,1.53,1.68,2.01,2.62,2.67,2.19,5.09,9.66,13.72,13.14,11.02,9.26,9.16,8.54,5.96,4.19,4.57,-,-,-,-,-,-,-,0.53,-,-,-
Cash Conversion Cycle,-87.85,-103.31,-107.49,-94.14,-97.12,-85.39,-64.21,-42.27,-34.88,-42.05,-32.39,-11.2,8.66,19.1,26.98,-83.27,,-85.58,-89.67,-78.13,-82.13,-95.35,-105.13,-85.44,-86.33,-101.72,-117.18,-101.7,-107.16,-107.78,-104.05,-97.49,-84.05,-89.03,-91.58,-95.75,-89.51,-101.47,-99.21,-79.29,-71.82,-79.65,-73.08,-67.05,-75.33,-72.48,-57.68,-45.22,-56.69,-59.39,-53,-42.94,-43.29,-41.7,-36.3,-51.42,-41.55,-48.86,-32.31,-,-24.34,-,7.8,-,-,-
,,,,,,,,,,,,,,,,,,,,,,,,,,,,,,,,,,,,,,,,,,,,,,,,,,,,,,,,,,,,,,,,,,
Inventory Turnover,351.25,400.25,539.79,442.95,269.11,174.82,37.33,28.67,32.05,-,-,712.11,614.39,555.45,324.88,309.13,,82.74,89.36,77.44,65.08,77.37,83.76,106.14,149.25,160.23,148.22,127.24,115.61,131.27,128.55,114.76,112.02,101.68,91.84,80.53,82.55,68.47,59.6,54.45,45.49,34.88,34.15,41.74,17.91,9.45,6.65,6.94,8.28,9.86,9.96,10.69,15.32,21.8,19.99,-,-,-,-,-,-,-,170.97,-,-,-
COGS-to-Revenue,0.54,0.56,0.55,0.51,0.44,0.4,0.39,0.46,0.41,0.35,0.32,0.31,0.3,0.29,0.29,0.55,,0.55,0.54,0.56,0.55,0.54,0.51,0.56,0.56,0.56,0.53,0.59,0.56,0.53,0.5,0.53,0.51,0.5,0.49,0.46,0.46,0.43,0.42,0.42,0.41,0.38,0.4,0.4,0.36,0.38,0.42,0.48,0.45,0.46,0.44,0.43,0.41,0.41,0.4,0.35,0.36,0.35,0.35,-,0.32,-,0.32,-,-,-
Inventory-to-Revenue,0.002,0.001,0.001,0.001,0.002,0.002,0.01,0.016,0.013,-,-,-,-,0.001,0.001,0.002,,0.007,0.006,0.007,0.008,0.007,0.006,0.005,0.004,0.003,0.004,0.005,0.005,0.004,0.004,0.005,0.005,0.005,0.005,0.006,0.006,0.006,0.007,0.008,0.009,0.011,0.012,0.01,0.02,0.041,0.064,0.07,0.055,0.046,0.044,0.041,0.027,0.019,0.02,-,-,-,-,-,-,-,0.002,-,-,-
Capex-to-Revenue,0.14,0.15,0.17,0.13,0.12,0.13,0.08,0.1,0.11,0.17,0.11,0.07,0.2,0.21,0.12,-,,-,-,-,-,-,-,-,-,-,-,-,-,-,-,-,-,-,-,-,-,-,-,-,-,-,-,-,-,-,-,-,-,-,-,-,-,-,-,-,-,-,-,-,-,-,-,-,-,-
,,,,,,,,,,,,,,,,,,,,,,,,,,,,,,,,,,,,,,,,,,,,,,,,,,,,,,,,,,,,,,,,,,
Income Statement:,,,,,,,,,,,,,,,,,,,,,,,,,,,,,,,,,,,,,,,,,,,,,,,,,,,,,,,,,,,,,,,,,,
Revenue,"73,717.982","53,793.148","45,425.28","36,061.397","21,956.993","15,949.978","12,754.419","9,950.443","7,042.421","4,488.843","2,954.424","1,822.037","1,043.865",518.569,358.026,"81,160.16",,"21,518.911","20,780.998","20,440.873","18,419.376","16,222.746","15,392.778","15,080.058","13,668.836","12,876.901","12,733.354","12,332.902","11,756.94","11,395.802","11,638.965","10,069.769","9,926.93","8,316.34","7,187.699","6,338.912","6,054.991","5,416.591","4,920.264","4,720.194","4,176.456","3,775.704","3,590.389","3,389.781","3,227.005","3,169.197","2,980.771","2,793.968","2,538.482","2,344.886","2,179.747","1,949.901","1,829.993","1,654.369","1,528.374","1,247.984","1,173.383","1,040.843",965.56,-,684.791,-,421.229,-,-,-
Cost of Goods Sold,"39,840.962","29,906.611","24,779.406","18,327.216","9,745.802","6,455.319","4,988.689","4,573.414","2,921.159","1,563.956",950.449,569.677,316.669,151.673,104.458,"44,452.73",,"11,753.152","11,160.976","11,436.698","10,101.9","8,708.908","7,872.801","8,506.067","7,697.401","7,204.575","6,800.608","7,226.346","6,581.231","6,067.81","5,775.477","5,292.878","5,104.125","4,157.729","3,497.099","2,924.651","2,782.525","2,312.117","2,061.605","1,963.22","1,729.694","1,448.946","1,437.021","1,346.347","1,167.606","1,215.613","1,263.588","1,349.732","1,149.711","1,074.305",957.943,845.882,757.451,677.538,607.733,431.86,416.593,360.121,334.181,-,217.491,-,136.771,-,-,-
Gross Profit,"33,877.02","23,886.536","20,645.874","17,734.181","12,211.191","9,494.658","7,765.731","5,377.029","4,121.262","2,924.886","2,003.975","1,252.361",727.195,366.896,253.567,"36,707.43",,"9,765.759","9,620.022","9,004.175","8,317.476","7,513.839","7,519.977","6,573.991","5,971.435","5,672.326","5,932.746","5,106.556","5,175.709","5,327.992","5,863.488","4,776.891","4,822.804","4,158.611","3,690.601","3,414.261","3,272.466","3,104.474","2,858.659","2,756.974","2,446.762","2,326.758","2,153.368","2,043.435","2,059.399","1,953.584","1,717.183","1,444.236","1,388.771","1,270.581","1,221.804","1,104.019","1,072.542",976.83,920.64,816.124,756.79,680.723,631.38,-,467.3,-,284.457,-,-,-
Gross Margin %,45.95,44.4,45.45,49.18,55.61,59.53,60.89,54.04,58.52,65.16,67.83,68.73,69.66,70.75,70.82,45.23,,45.38,46.29,44.05,45.16,46.32,48.85,43.59,43.69,44.05,46.59,41.41,44.02,46.75,50.38,47.44,48.58,50.01,51.35,53.86,54.05,57.31,58.1,58.41,58.58,61.62,59.98,60.28,63.82,61.64,57.61,51.69,54.71,54.19,56.05,56.62,58.61,59.05,60.24,65.4,64.5,65.4,65.39,-,68.24,-,67.53,-,-,-
,,,,,,,,,,,,,,,,,,,,,,,,,,,,,,,,,,,,,,,,,,,,,,,,,,,,,,,,,,,,,,,,,,
"Selling, General, & Admin. Expense","15,503.647","10,670.83","9,552.276","7,690.196","4,999.422","3,848.289","3,547.167","2,582.074","1,726.351","1,134.811",568.687,381.958,269.971,154.387,115.479,"17,697.57",,"5,081.868","4,223.226","4,558.898","3,833.583","3,425.073","3,020.725","3,238.519","2,707.171","2,507.358","2,320.505","2,480.497","2,547.446","2,508.391","2,374.395","2,249.742","2,111.432","1,738.019","1,475.196","1,643.256","1,373.272","1,163.115",984.207,"1,207.92","1,008.543",904.403,800.5,975.665,927.959,870.863,776.296,790.773,667.669,592.579,508.254,516.59,450.172,388.452,352.202,361.787,309.389,267.64,182.484,-,131.453,-,83.445,-,-,-
Research & Development,-,-,-,-,-,-,-,-,-,-,-,-,-,-,-,-,,-,-,-,-,-,-,-,-,-,-,-,-,-,-,-,-,-,-,-,-,-,-,-,-,-,-,-,-,-,-,-,-,-,-,-,-,-,-,-,-,-,-,-,-,-,-,-,-,-
Other Operating Expense,"-1,211.445",-607.81,-239.116,-640.812,-113.587,-28.221,-36.842,-55.813,-22.783,-21.464,-5.723,8.526,-6.621,-9.393,0.476,"-1,355.7",,-345.681,-388.579,-303.549,-317.887,-233.987,-301.261,-169.383,-170.657,-134.393,-168.06,163.43,-149.815,-121.576,-151.645,-218.407,-149.642,-144.125,-121.845,-24.712,-17.99,-49.323,-25.374,-35.819,8.952,-0.645,-0.641,-41.366,-23.948,4.815,23.49,-32.27,-9.804,-8.151,-5.309,-8.575,-18.684,2.254,-0.741,31.343,-1.076,-0.434,-51.652,-,-4.021,-,0.321,-,-,-
Total Operating Expense,"14,292.203","10,063.02","9,313.16","7,049.384","4,885.835","3,820.068","3,510.325","2,526.26","1,703.568","1,113.347",562.964,390.484,263.35,144.993,115.956,"16,341.88",,"4,736.187","3,834.647","4,255.348","3,515.696","3,191.087","2,719.464","3,069.136","2,536.514","2,372.965","2,152.446","2,643.927","2,397.631","2,386.815","2,222.75","2,031.335","1,961.79","1,593.894","1,353.351","1,618.544","1,355.282","1,113.792",958.832,"1,172.102","1,017.495",903.758,799.859,934.299,904.011,875.678,799.786,758.504,657.865,584.428,502.944,508.015,431.488,390.706,351.461,393.13,308.312,267.206,130.833,-,127.433,-,83.766,-,-,-
Operating Income,"19,584.818","13,823.517","11,332.714","10,684.796","7,325.356","5,674.59","4,255.405","2,850.769","2,417.693","1,811.539","1,441.011",861.877,463.845,221.903,137.611,"20,365.55",,"5,029.572","5,785.375","4,748.826","4,801.78","4,322.752","4,800.513","3,504.855","3,434.921","3,299.361","3,780.301","2,462.629","2,778.078","2,941.176","3,640.738","2,745.556","2,861.014","2,564.717","2,337.25","1,795.717","1,917.184","1,990.682","1,899.826","1,584.872","1,429.267","1,423","1,353.509","1,109.136","1,155.388","1,077.906",917.397,685.732,730.906,686.153,718.86,596.004,641.053,586.124,569.179,422.994,448.477,413.516,500.547,-,339.868,-,200.691,-,-,-
Operating Margin %,26.567,25.698,24.948,29.63,33.362,35.577,33.364,28.65,34.33,40.357,48.775,47.303,44.435,42.791,38.436,25.09,,23.373,27.84,23.232,26.069,26.646,31.187,23.242,25.13,25.622,29.688,19.968,23.629,25.809,31.281,27.265,28.821,30.84,32.517,28.329,31.663,36.752,38.612,33.576,34.222,37.688,37.698,32.72,35.804,34.012,30.777,24.543,28.793,29.262,32.979,30.566,35.03,35.429,37.241,33.894,38.221,39.729,51.84,-,49.631,-,47.644,-,-,-
,,,,,,,,,,,,,,,,,,,,,,,,,,,,,,,,,,,,,,,,,,,,,,,,,,,,,,,,,,,,,,,,,,
  Interest Income,"1,063.875",900.238,663.742,597.585,378.479,360.826,270.821,216.339,134.129,73.878,38.486,19.921,15.351,11.637,9.688,"1,036.47",,253.696,247.892,261.19,273.691,246.978,233.032,225.273,235.321,239.5,209.777,196.115,157.839,165.813,168.582,175.332,154.818,140.893,117.203,94.367,95.499,95.004,108.109,100.634,87.788,96.371,83.512,71.583,73.637,65.162,60.749,62.07,54.904,55.101,44.567,42.787,32.56,30.928,26.413,21.679,19.435,16.456,15.334,-,7.92,-,4.027,-,-,-
  Interest Expense,"-1,139.113","-1,096.426",-711.536,-464.115,-313.159,-234.141,-139.935,-64.869,-52.464,-11.426,-0.019,-0.286,-20.533,-0.216,-0.688,"-1,070.68",,-297.588,-209.956,-277.553,-285.584,-257.286,-239.869,-405.492,-245.582,-254.723,-166.421,-232.578,-217.648,-183.756,-103.524,-153.34,-79.769,-111.656,-100.232,-100.436,-90.552,-74.971,-75.507,-39.54,-75.539,-54.954,-69.407,6.948,-51.644,-56.816,-38.556,-50.051,-3.595,2.282,-13.193,-6.784,-15.74,-18.113,-11.086,-2.817,-,-,-0.09,-,-0.799,-,-0.096,-,-,-
Net Interest Income,-75.237,-196.187,-47.794,133.471,65.32,126.684,130.886,151.47,81.665,62.451,38.36,19.635,-5.182,-13.598,3.739,-34.21,,-43.891,37.936,-16.363,-11.893,-10.308,-6.837,-180.219,-10.262,-15.222,43.356,-36.463,-59.809,-17.942,65.058,21.992,75.049,29.236,16.971,-6.07,4.947,20.033,32.602,61.094,12.25,41.417,14.106,78.531,21.993,8.346,22.194,12.019,51.309,55.101,31.374,36.002,16.82,12.816,15.327,3.794,26.181,16.73,14.745,-,7.484,-,3.932,-,-,-
Other Income (Expense),"8,019.666","1,970.714","2,438.224","2,561.427",71.967,-185.607,301.845,172.215,-84.553,31.915,11.393,3.252,-5.652,-0.045,1.424,"11,775.43",,"2,280.934","2,816.661","4,913.523","1,764.309",913.918,233.744,169.811,-6.748,761.993,"1,043.52",-111.713,"1,166.868",507.803,998.512,985.561,571.32,671.113,286.626,78.181,62.367,62.375,-115.029,-220.031,-4.868,25.14,15.548,-81.44,-27.37,119.411,290.949,82.485,7.353,10.27,70.309,-50.889,-25.34,1.125,-12.149,42.878,-12.435,-5.751,5.112,-,1.662,-,0.505,-,-,-
Pretax Income,"27,529.246","15,598.044","13,723.143","13,379.694","7,462.643","5,615.667","4,688.136","3,174.454","2,414.806","1,905.905","1,490.764",884.765,453.011,208.26,142.775,"32,106.77",,"7,266.615","8,639.973","9,645.987","6,554.195","5,226.361","5,027.42","3,494.447","3,417.912","4,046.131","4,867.176","2,314.453","3,885.137","3,431.037","4,704.309","3,753.109","3,507.383","3,265.066","2,640.847","1,867.829","1,984.498","2,073.089","1,817.399","1,425.935","1,436.648","1,489.557","1,383.163","1,106.228","1,150.011","1,205.662","1,230.54",780.236,789.568,751.524,820.543,581.118,632.533,600.065,572.357,469.666,462.222,424.495,520.404,-,349.014,-,205.128,-,-,-
Tax Provision,"-3,042.68","-1,926.515","-2,103.81","-2,387.915","-1,473.019","-1,102.169",-828.136,-612.137,-363.561,-295.239,-270.377,-119.974,-42.202,4.547,-6.772,"-3,093.33",,-570.584,"-1,112.903",-567.186,-842.657,-643.499,-839.256,-304.689,-469.235,-467.547,-716.936,-276.886,-470.89,-557.145,-909.551,-473.67,-760.085,-583.257,-530.606,-347.12,-368.954,-421.903,-392.145,-309.811,-245.618,-297.654,-272.337,-144.136,-225.31,-270.6,-188.566,-133.03,-156.051,-150.957,-165.557,-24.233,-119.694,-111.235,-103.077,-67.788,-79.324,-62.577,-81.039,-,-65.782,-,-29.264,-,-,-
Tax Rate %,11.05,12.35,15.33,17.85,19.74,19.63,17.66,19.28,15.06,15.49,18.14,13.56,9.32,-2.18,4.74,9.63,,7.85,12.88,5.88,12.86,12.31,16.69,8.72,13.73,11.56,14.73,11.96,12.12,16.24,19.33,12.62,21.67,17.86,20.09,18.58,18.59,20.35,21.58,21.73,17.1,19.98,19.69,13.03,19.59,22.44,15.32,17.05,19.76,20.09,20.18,4.17,18.92,18.54,18.01,14.43,17.16,14.74,15.57,-,18.85,-,14.27,-,-,-
Net Income (Continuing Operations),"24,486.566","13,671.529","11,619.333","10,991.779","5,989.624","4,513.498","3,860.001","2,562.317","2,051.245","1,610.666","1,220.387",764.791,410.81,212.807,136.003,"29,013.44",,"6,696.031","7,527.07","9,078.8","5,711.538","4,582.863","4,188.163","3,189.757","2,948.676","3,578.584","4,150.241","2,037.567","3,414.246","2,873.892","3,794.757","3,279.439","2,747.298","2,681.809","2,110.241","1,520.709","1,615.544","1,651.187","1,425.254","1,116.125","1,191.03","1,191.904","1,110.826",962.092,924.701,935.062,"1,041.974",647.206,633.517,600.567,654.986,556.885,512.839,488.83,469.28,401.878,382.899,361.918,439.364,-,283.233,-,175.864,-,-,-
Net Income (Discontinued Operations),-,-,-,-,-,-,-,-,-,-,-,-,-,-,-,-,,-,-,-,-,-,-,-,-,-,-,-,-,-,-,-,-,-,-,-,-,-,-,-,-,-,-,-,-,-,-,-,-,-,-,-,-,-,-,-,-,-,-,-,-,-,-,-,-,-
  Other Income (Minority Interest),-42.512,-367.566,-183.767,-145.756,-50.869,-46.828,-12.604,-10.043,-8.503,-3.426,9.261,9.662,-4.534,0.27,-,-320.97,,-67.704,-190.603,-10.246,-52.418,92.211,-72.217,-112.637,-83.501,-79.447,-96.247,29.49,-10.503,-110.284,-108.114,-125.129,-6.241,-3.379,-10.444,0.867,-19.49,-21.702,-13.071,-5.272,-21.829,-13.215,-7.534,-15.189,-3.095,1.605,4.05,-3.293,-1.634,-0.652,-4.344,-1.16,-3.553,-1.649,-2.031,-,-,0.923,-2.107,-,-2.155,-,1.367,-,-,-
Net Income,"24,444.054","13,303.962","11,435.565","10,846.023","5,938.755","4,466.67","3,847.397","2,552.274","2,042.742","1,607.24","1,211.126",755.129,406.276,212.538,136.003,"28,692.47",,"6,628.327","7,336.467","9,068.555","5,659.12","4,675.073","4,115.946","3,077.12","2,865.176","3,499.137","4,053.994","2,067.057","3,403.743","2,763.608","3,686.643","3,154.311","2,741.056","2,678.43","2,099.797","1,521.576","1,596.054","1,629.485","1,412.183","1,110.853","1,169.2","1,178.689","1,103.292",946.902,921.606,936.667,"1,046.024",643.913,631.883,599.915,650.642,555.725,509.287,487.18,467.249,398.452,382.899,362.84,437.257,-,281.078,-,174.497,-,-,-
Net Margin %,33.159,24.732,25.175,30.077,27.047,28.004,30.165,25.65,29.006,35.805,40.994,41.444,38.92,40.985,37.987,35.35,,30.802,35.304,44.365,30.724,28.818,26.74,20.405,20.961,27.174,31.838,16.761,28.951,24.251,31.675,31.325,27.612,32.207,29.214,24.004,26.359,30.083,28.701,23.534,27.995,31.218,30.729,27.934,28.559,29.555,35.092,23.047,24.892,25.584,29.849,28.5,27.83,29.448,30.572,31.928,32.632,34.86,45.285,-,41.046,-,41.426,-,-,-
,,,,,,,,,,,,,,,,,,,,,,,,,,,,,,,,,,,,,,,,,,,,,,,,,,,,,,,,,,,,,,,,,,
Preferred Dividends,-,-,-,-,-,-,-,-,-,-,-,-,-,-,-,-,,-,-,-,-,-,-,-,-,-,-,-,-,-,-,-,-,-,-,-,-,-,-,-,-,-,-,-,-,-,-,-,-,-,-,-,-,-,-,-,-,-,-,-,-,-,-,-,-,-
EPS (Basic),2.576,1.405,1.211,1.152,0.633,0.48,0.417,0.279,0.223,0.177,0.133,0.084,0.045,0.024,0.015,3.02,,0.696,0.771,0.955,0.596,0.493,0.434,0.325,0.302,0.37,0.429,0.218,0.36,0.293,0.391,0.335,0.291,0.285,0.223,0.162,0.17,0.174,0.151,0.119,0.126,0.127,0.119,0.102,0.1,0.101,0.113,0.071,0.069,0.066,0.071,0.061,0.056,0.053,0.051,0.044,0.042,0.04,0.048,0.133,0.031,0.084,0.019,0.045,0.024,0.015
EPS (Diluted),2.527,1.375,1.195,1.137,0.626,0.474,0.411,0.273,0.219,0.173,0.13,0.082,0.044,0.023,0.015,2.96,,0.683,0.755,0.936,0.582,0.485,0.427,0.308,0.299,0.365,0.424,0.216,0.356,0.289,0.385,0.33,0.287,0.281,0.221,0.16,0.168,0.172,0.149,0.117,0.124,0.125,0.117,0.101,0.099,0.1,0.112,0.069,0.068,0.064,0.07,0.06,0.055,0.052,0.05,0.043,0.041,0.039,0.047,0.13,0.03,0.082,0.019,0.044,0.023,0.015
Shares Outstanding (Diluted Average),"9,650","9,603","9,568","9,536","9,494","9,430","9,357","9,341","9,315","9,292.73","9,304.915","9,236.425","9,193.985","9,184.82","9,092.675","9,695",,"9,695","9,687","9,704","9,651","9,618","9,604","9,669","9,582","9,577","9,568","9,571","9,561","9,563","9,564","9,560","9,539","9,524","9,512","9,518","9,494","9,480","9,469","9,460","9,397","9,395","9,385","9,345","9,352","9,361","9,360","9,356","9,338","9,314","9,335","9,324.915","9,316.37","9,306.665","9,294.215","9,210.05","9,309.17","9,319.185","9,318.51","9,304.915","9,293.465","9,236.425","9,207.905","9,193.985","9,184.82","9,092.675"
,,,,,,,,,,,,,,,,,,,,,,,,,,,,,,,,,,,,,,,,,,,,,,,,,,,,,,,,,,,,,,,,,,
EBIT,"28,668.359","16,694.469","14,434.679","13,843.809","7,775.803","5,849.809","4,828.071","3,239.323","2,467.27","1,917.332","1,441.011",861.877,473.545,208.476,143.463,"33,177.45",,"7,564.202","8,849.929","9,923.539","6,839.779","5,483.648","5,267.289","3,899.939","3,663.494","4,300.854","5,033.597","2,547.031","4,102.785","3,614.793","4,807.832","3,906.449","3,587.152","3,376.723","2,741.079","1,968.265","2,075.05","2,148.06","1,892.906","1,465.476","1,512.187","1,544.511","1,452.569","1,099.279","1,201.655","1,262.479","1,269.096",830.287,793.163,686.153,833.736,587.902,648.273,618.178,583.443,528.787,448.477,413.516,500.547,-,349.813,-,205.223,-,-,-
"Depreciation, Depletion and Amortization","7,764.44","6,369.391","4,975.231","3,581.114","1,841.238","1,034.873",778.528,593.698,420.517,305.505,117.749,78.834,52.551,26.141,17.178,-,,-,-,-,-,-,-,-,-,-,-,-,-,-,-,-,-,-,-,-,-,-,-,-,-,-,-,-,-,-,-,-,-,-,-,-,-,-,-,-,-,-,-,-,-,-,-,-,-,-
EBITDA,"36,432.799","23,063.861","19,409.91","17,424.923","9,617.041","6,884.682","5,606.599","3,833.021","2,887.787","2,222.837","1,558.76",940.711,526.096,234.617,160.641,"33,177.45",,"7,564.202","8,849.929","9,923.539","6,839.779","5,483.648","5,267.289","3,899.939","3,663.494","4,300.854","5,033.597","2,547.031","4,102.785","3,614.793","4,807.832","3,906.449","3,587.152","3,376.723","2,741.079","1,968.265","2,075.05","2,148.06","1,892.906","1,465.476","1,512.187","1,544.511","1,452.569","1,099.279","1,201.655","1,262.479","1,269.096",830.287,793.163,686.153,833.736,587.902,648.273,618.178,583.443,528.787,448.477,413.516,500.547,-,349.813,-,205.223,-,-,-
,,,,,,,,,,,,,,,,,,,,,,,,,,,,,,,,,,,,,,,,,,,,,,,,,,,,,,,,,,,,,,,,,,
Balance Sheet:,,,,,,,,,,,,,,,,,,,,,,,,,,,,,,,,,,,,,,,,,,,,,,,,,,,,,,,,,,,,,,,,,,
  Cash And Cash Equivalents,"23,366.11","18,961.604","14,209.509","16,031.214","10,390.763","6,735.513","6,901.884","3,330.37","2,147.189","1,986.727","1,565.222",885.199,447.618,400.2,235.789,"22,057.743",,"22,057.743","22,826.491","23,366.11","22,390.245","24,530.897","19,267.858","18,961.604","20,468.533","17,808.545","16,342.913","14,209.509","15,374.539","16,182.735","18,531.674","16,031.214","13,296.24","10,328.358","9,988.541","10,390.763","7,858.385","9,744.127","8,705.153","6,735.513","7,336.202","7,779.121","8,909.531","6,901.884","5,450.132","5,238.5","4,296.684","3,330.37","3,039.74","2,411.369","2,417.229","2,147.189","4,386.577","1,666.188","4,634.884","1,986.727",-,"3,267.029",-,"1,565.222",951.295,885.199,-,447.618,400.2,235.789
  Marketable Securities,"11,481.351","7,702.782","10,037.189","5,569.981","7,271.886","5,788.56","1,744.821","3,230.762","2,215.056","2,160.619","1,763.349",777.762,58.091,91.954,54.995,"11,633.774",,"11,633.774","11,829.855","11,481.351","12,014.654","12,179.027","9,192.935","7,702.782","7,779.918","8,944.431","9,692.04","10,037.189","5,682.922","4,550.587","4,006.237","5,569.981","8,733.597","9,031.528","9,665.071","7,271.886","6,372.373","5,429.187","5,185.385","5,788.56","3,922.357","2,792.658","2,267.656","1,744.821","2,801.31","2,911.277","2,846.96","3,230.762","2,843.427","2,595.405","2,488.84","2,215.056",-,"2,673.885",-,"2,160.619",-,-,-,"1,763.349","1,088.537",777.762,-,58.091,91.954,54.995
"Cash, Cash Equivalents, Marketable Securities","34,847.461","26,664.385","24,246.699","21,601.195","17,662.649","12,524.073","8,646.705","6,561.131","4,362.245","4,147.346","3,328.571","1,662.961",505.709,492.154,290.785,"33,691.518",,"33,691.518","34,656.346","34,847.461","34,404.898","36,709.924","28,460.793","26,664.385","28,248.45","26,752.976","26,034.953","24,246.699","21,057.461","20,733.322","22,537.911","21,601.195","22,029.837","19,359.886","19,653.612","17,662.649","14,230.758","15,173.314","13,890.538","12,524.073","11,258.559","10,571.779","11,177.187","8,646.705","8,251.442","8,149.777","7,143.644","6,561.131","5,883.167","5,006.774","4,906.07","4,362.245","4,386.577","4,340.072","4,634.884","4,147.346",-,"3,267.029",-,"3,328.571","2,039.833","1,662.961",-,505.709,492.154,290.785
  Accounts Receivable,"6,878.565","5,109.856","4,129.611","2,510.01","1,467.094","1,094.881",741.363,486.516,377.679,318.326,257.968,180.071,143.489,72.681,51.054,"8,330.428",,"8,330.428","7,936.844","6,878.565","6,122.221","5,702.666","6,106.26","5,109.856","4,508.062","4,668.078","4,390.858","4,129.611","3,754.285","3,334.519","3,265.109","2,510.01","2,369.767","2,122.646","1,871.192","1,467.094","1,425.295","1,337.036","1,099.236","1,094.881","1,071.204",892.155,832.719,741.363,699.391,671.685,502.681,486.516,436.207,471.997,421.949,377.679,424.678,392.91,371.459,318.326,-,348.352,-,257.968,250.902,180.071,-,143.489,72.681,51.054
  Notes Receivable,-,-,-,-,-,-,-,-,-,-,-,-,-,-,-,-,,-,-,-,-,-,-,-,-,-,-,-,-,-,-,-,-,-,-,-,-,-,-,-,-,-,-,-,-,-,-,-,-,-,-,-,-,-,-,-,-,-,-,-,-,-,-,-,-,-
  Loans Receivable,-,-,-,-,-,-,-,-,-,-,-,-,-,-,-,-,,-,-,-,-,-,-,-,-,-,-,-,-,-,-,-,-,-,-,-,-,-,-,-,-,-,-,-,-,-,-,-,-,-,-,-,-,-,-,-,-,-,-,-,-,-,-,-,-,-
  Other Current Receivables,"6,878.565","5,109.856","4,129.611","2,510.01","1,467.094","1,094.881",741.363,486.516,377.679,318.326,257.968,180.071,143.489,72.681,51.054,"8,330.428",,"8,330.428","7,936.844","6,878.565","6,122.221","5,702.666","6,106.26","5,109.856","4,508.062","4,668.078","4,390.858","4,129.611","3,754.285","3,334.519","3,265.109","2,510.01","2,369.767","2,122.646","1,871.192","1,467.094","1,425.295","1,337.036","1,099.236","1,094.881","1,071.204",892.155,832.719,741.363,699.391,671.685,502.681,486.516,436.207,471.997,421.949,377.679,424.678,392.91,371.459,318.326,-,348.352,-,257.968,250.902,180.071,-,143.489,72.681,51.054
Total Receivables,"6,878.565","5,109.856","4,129.611","2,510.01","1,467.094","1,094.881",741.363,486.516,377.679,318.326,257.968,180.071,143.489,72.681,51.054,"8,330.428",,"8,330.428","7,936.844","6,878.565","6,122.221","5,702.666","6,106.26","5,109.856","4,508.062","4,668.078","4,390.858","4,129.611","3,754.285","3,334.519","3,265.109","2,510.01","2,369.767","2,122.646","1,871.192","1,467.094","1,425.295","1,337.036","1,099.236","1,094.881","1,071.204",892.155,832.719,741.363,699.391,671.685,502.681,486.516,436.207,471.997,421.949,377.679,424.678,392.91,371.459,318.326,-,348.352,-,257.968,250.902,180.071,-,143.489,72.681,51.054
"  Inventories, Raw Materials & Components",-,-,-,-,-,-,-,-,-,-,-,-,-,-,-,-,,-,-,-,-,-,-,-,-,-,-,-,-,-,-,-,-,-,-,-,-,-,-,-,-,-,-,-,-,-,-,-,-,-,-,-,-,-,-,-,-,-,-,-,-,-,-,-,-,-
"  Inventories, Work In Process",-,-,-,-,-,-,-,-,-,-,-,-,-,-,-,-,,-,-,-,-,-,-,-,-,-,-,-,-,-,-,-,-,-,-,-,-,-,-,-,-,-,-,-,-,-,-,-,-,-,-,-,-,-,-,-,-,-,-,-,-,-,-,-,-,-
"  Inventories, Inventories Adjustments",-,-,-,-,-,-,-,-,-,-,-,-,-,-,-,-,,-,-,-,-,-,-,-,-,-,-,-,-,-,-,-,-,-,-,-,-,-,-,-,-,-,-,-,-,-,-,-,-,-,-,-,-,-,-,-,-,-,-,-,-,-,-,-,-,-
"  Inventories, Finished Goods",-,-,-,-,-,-,-,-,-,-,-,-,-,-,-,-,,-,-,-,-,-,-,-,-,-,-,-,-,-,-,-,-,-,-,-,-,-,-,-,-,-,-,-,-,-,-,-,-,-,-,-,-,-,-,-,-,-,-,-,-,-,-,-,-,-
"  Inventories, Other",124.478,102.371,47.068,44.743,38.007,34.423,39.427,227.864,91.131,-,-,-,0.8,0.231,0.315,158.755,,158.755,125.328,124.478,170.91,139.516,85.606,102.371,57.916,45.232,44.697,47.068,66.52,47.331,45.113,44.743,47.496,43.634,38.149,38.007,34.632,32.781,34.755,34.423,37.691,38.355,44.722,39.427,25.089,105.287,152.117,227.864,160.914,116.688,101.246,91.131,67.132,31.761,30.408,-,-,-,-,-,-,-,-,0.8,0.231,0.315
Total Inventories,124.478,102.371,47.068,44.743,38.007,34.423,39.427,227.864,91.131,-,-,-,0.8,0.231,0.315,158.755,,158.755,125.328,124.478,170.91,139.516,85.606,102.371,57.916,45.232,44.697,47.068,66.52,47.331,45.113,44.743,47.496,43.634,38.149,38.007,34.632,32.781,34.755,34.423,37.691,38.355,44.722,39.427,25.089,105.287,152.117,227.864,160.914,116.688,101.246,91.131,67.132,31.761,30.408,-,-,-,-,-,-,-,-,0.8,0.231,0.315
Other Current Assets,"6,724.57","4,333.66","3,111.99","2,909.21","2,386.92","10,439.6","2,743.43","1,563.44","1,026.5","1,127.01",229.23,84.02,297.76,91.15,135.28,"9,381.17",,"9,381.17","8,035.76","6,724.57","6,186.97","5,662","5,344.21","4,333.66","3,729.85","3,803.01","3,958.04","3,111.99","4,220.07","4,012.93","3,879.6","2,909.21","3,199.42","3,131.37","2,987.38","2,386.92","2,332.01","21,085.26","15,296.26","10,439.6","7,949.46","4,803.39","3,684.32","2,743.43","2,338.8","2,217.12","2,139.03","1,563.44","1,456.55","1,370.34","1,221.8","1,026.5",874.12,879.01,847.87,"1,127.01",-,846.73,-,229.23,239.63,84.02,-,297.76,91.15,135.28
Total Current Assets,"48,575.077","36,210.274","31,535.366","27,065.158","21,554.669","24,092.974","12,170.927","8,838.948","5,857.56","5,592.686","3,815.772","1,927.051",947.761,656.216,477.433,"51,561.868",,"51,561.868","50,754.274","48,575.077","46,885.003","48,214.104","39,996.866","36,210.274","36,544.274","35,269.293","34,428.552","31,535.366","29,098.336","28,128.103","29,727.736","27,065.158","27,646.522","24,657.538","24,550.334","21,554.669","18,022.698","37,628.392","30,320.79","24,092.974","20,316.917","16,305.679","15,738.948","12,170.927","11,314.718","11,143.871","9,937.469","8,838.948","7,936.84","6,965.8","6,651.068","5,857.56","5,752.503","5,643.753","5,884.624","5,592.686",-,"4,462.114",-,"3,815.772","2,530.364","1,927.051",-,947.761,656.216,477.433
,,,,,,,,,,,,,,,,,,,,,,,,,,,,,,,,,,,,,,,,,,,,,,,,,,,,,,,,,,,,,,,,,,
Investments And Advances,-,-,-,-,-,-,-,-,-,-,-,-,-,-,-,-,,-,-,-,-,-,-,-,-,-,-,-,-,-,-,-,-,-,-,-,-,-,-,-,-,-,-,-,-,-,-,-,-,-,-,-,-,-,-,-,-,-,-,-,-,-,-,-,-,-
  Land And Improvements,-,-,-,-,-,-,-,-,-,-,19.596,13.236,5.259,-,-,-,,-,-,-,-,-,-,-,-,-,-,-,-,-,-,-,-,-,-,-,-,-,-,-,-,-,-,-,-,-,-,-,-,-,-,-,-,-,-,-,-,-,-,19.596,-,13.236,-,5.259,-,-
  Buildings And Improvements,"3,679.293","3,051.884","1,719.279","1,666.869",918.524,777.473,569.757,604.564,472.34,333.562,205.793,190.27,42.054,38.134,21.697,-,,-,-,"3,679.293",-,-,-,"3,051.884",-,852.313,-,"1,719.279",-,-,-,"1,666.869",-,-,-,918.524,-,-,-,777.473,-,-,-,569.757,-,-,-,604.564,-,-,-,472.34,-,-,-,333.562,-,-,-,205.793,-,190.27,-,42.054,38.134,21.697
"  Machinery, Furniture, Equipment","14,672.518","9,882.516","6,726.76","4,500.243","3,082.459","2,474.764","2,084.478","1,817.643","1,391.509","1,012.344",499.169,297.655,211.895,122.374,75.988,-,,-,-,"14,672.518",-,-,-,"9,882.516",-,712.991,-,"6,726.76",-,-,-,"4,500.243",-,-,-,"3,082.459",-,-,-,"2,474.764",-,-,-,"2,084.478",-,-,-,"1,817.643",-,-,-,"1,391.509",-,-,-,"1,012.344",-,-,-,499.169,-,297.655,-,211.895,122.374,75.988
  Construction In Progress,755.28,561.045,708.776,479.737,675.453,658.697,618.88,336.033,85.676,24.992,58.19,-,127.795,15.232,1.849,903.502,,903.502,786.066,755.28,634.012,736.698,622.605,561.045,379.83,336.054,294.253,708.776,639.816,578.491,526.324,479.737,940.021,785.414,699.014,675.453,666.996,617.07,795.977,658.697,696.338,645.426,705.607,618.88,457.137,402.85,358.664,336.033,214.093,149.779,98.716,85.676,-,50.883,-,24.992,-,-,-,58.19,26.352,-,-,127.795,15.232,1.849
  Other Gross PPE,6.423,2.852,-,-,-,-,-,-,-,-,-,15.492,-,-,-,"11,659.144",,"11,659.144","11,478.751",6.423,"9,808.093","8,922.701","8,437.291",2.852,"7,580.303","5,824.55","7,348.441",-,"4,921.883","4,766.206","4,097.255",-,"2,612.118","2,332.148","2,133.449",-,"1,876.855","1,740.575","1,584.111",-,"1,394.403","1,374.331","1,246.113",-,"1,340.947","1,337.913","1,397.722",-,"1,393.74","1,333.857","1,238.296",-,"1,132.63",974.522,976.242,-,-,740.342,-,-,413.889,15.492,-,-,-,-
"Gross Property, Plant and Equipment","19,113.514","13,498.296","9,154.815","6,646.848","4,676.436","3,910.933","3,273.115","2,758.24","1,949.525","1,370.898",782.747,516.653,387.004,175.741,99.535,"12,562.646",,"12,562.646","12,264.817","19,113.514","10,442.105","9,659.399","9,059.896","13,498.296","7,960.133","7,725.909","7,642.694","9,154.815","5,561.699","5,344.697","4,623.579","6,646.848","3,552.139","3,117.562","2,832.463","4,676.436","2,543.852","2,357.646","2,380.088","3,910.933","2,090.741","2,019.758","1,951.72","3,273.115","1,798.084","1,740.763","1,756.387","2,758.24","1,607.833","1,483.636","1,337.012","1,949.525","1,132.63","1,025.406",976.242,"1,370.898",-,740.342,-,782.747,440.241,516.653,-,387.004,175.741,99.535
  Accumulated Depreciation,"-7,229.826","-4,714.63","-3,348.345","-2,588.121","-1,992.254","-1,705.819","-1,374.786",-990.978,-676.101,-418.879,-229.373,-132.475,-83.966,-46.606,-26.203,-,,-,-,"-7,229.826",-,-,-,"-4,714.63",-,-,-,"-3,348.345",-,-,-,"-2,588.121",-,-,-,"-1,992.254",-,-,-,"-1,705.819",-,-,-,"-1,374.786",-,-,-,-990.978,-,-,-,-676.101,-,-,-,-418.879,-,-,-,-229.373,-,-132.475,-,-83.966,-46.606,-26.203
"Property, Plant and Equipment","11,883.688","8,783.666","5,806.47","4,058.727","2,684.182","2,205.114","1,898.329","1,767.263","1,273.424",952.019,553.374,384.178,303.038,129.134,73.331,"12,562.646",,"12,562.646","12,264.817","11,883.688","10,442.105","9,659.399","9,059.896","8,783.666","7,960.133","7,725.909","7,642.694","5,806.47","5,561.699","5,344.697","4,623.579","4,058.727","3,552.139","3,117.562","2,832.463","2,684.182","2,543.852","2,357.646","2,380.088","2,205.114","2,090.741","2,019.758","1,951.72","1,898.329","1,798.084","1,740.763","1,756.387","1,767.263","1,607.833","1,483.636","1,337.012","1,273.424","1,132.63","1,025.406",976.242,952.019,-,740.342,-,553.374,440.241,384.178,-,303.038,129.134,73.331
Intangible Assets,"29,199.303","22,841.011","11,245.115","7,948.796","6,587.329","2,919.942","1,730.763",957.226,976.768,744.642,120.738,44.527,54.03,58.195,19.891,"30,139.922",,"30,139.922","26,547.021","29,199.303","22,455.584","23,476.615","20,426.323","22,841.011","8,653.443","11,472.52","9,434.586","11,245.115","8,124.754","9,668.992","7,617.374","7,948.796","6,748.668","7,133.077","6,017.551","6,587.329","5,756.049","2,770.594","2,749.627","2,919.942","2,427.602","2,025.882","1,793.511","1,730.763",839.497,799.762,838.342,957.226,940.207,916.566,907.374,976.768,804.774,713.926,697.309,744.642,-,572.781,-,120.738,73.068,44.527,-,54.03,58.195,19.891
  Goodwill,"16,610.799","13,324.779","4,736.552","3,580.659","3,313.246","1,109.457","1,027.05",420.165,469.933,412.051,-,-,9.08,-,3.512,-,,-,-,"16,610.799",-,-,-,"13,324.779",-,-,-,"4,736.552",-,-,-,"3,580.659",-,-,-,"3,313.246",-,-,-,"1,109.457",-,-,-,"1,027.05",-,-,-,420.165,-,-,-,469.933,-,-,-,412.051,-,-,-,-,-,-,-,9.08,-,3.512
Other Long Term Assets,"114,251.372","68,182.557","56,519.459","45,055.208","26,386.312","18,357.29","11,858.256","6,091.903","3,966.436","1,658.759",898.346,208.252,133.12,96.365,23.902,"141,964.669",,"141,964.669","129,010.889","114,251.372","94,949.197","82,390.279","75,085.678","68,182.557","67,204.549","63,957.841","64,816.967","56,519.459","58,005.281","56,904.302","55,252.002","45,055.208","40,240.828","33,483.237","29,805.048","26,386.312","26,563.671","22,647.211","19,756.87","18,357.29","16,291.224","14,790.498","12,981.438","11,858.256","11,445.212","10,491.927","8,027.831","6,091.903","5,761.21","4,678.893","4,311.165","3,966.436","3,702.454","2,318.143","1,898.087","1,658.759",-,"1,491.652",-,898.346,564.494,208.252,-,133.12,96.365,23.902
Total Long-Term Assets,"155,334.363","99,807.234","73,571.045","57,062.731","35,657.822","23,482.346","15,487.348","8,816.392","6,216.628","3,355.42","1,572.458",636.957,490.187,283.694,117.125,"184,667.237",,"184,667.237","167,822.728","155,334.363","127,846.886","115,526.293","104,571.897","99,807.234","83,818.126","83,156.269","81,894.248","73,571.045","71,691.733","71,917.99","67,492.956","57,062.731","50,541.635","43,733.876","38,655.062","35,657.822","34,863.572","27,775.451","24,886.586","23,482.346","20,809.567","18,836.137","16,726.669","15,487.348","14,082.793","13,032.453","10,622.56","8,816.392","8,309.25","7,079.094","6,555.551","6,216.628","5,639.858","4,057.475","3,571.638","3,355.42",-,"2,804.776",-,"1,572.458","1,077.803",636.957,-,490.187,283.694,117.125
Total Assets,"203,909.44","136,017.509","105,106.411","84,127.889","57,212.492","47,575.321","27,658.275","17,655.339","12,074.188","8,948.106","5,388.23","2,564.008","1,437.949",939.91,594.558,"236,229.105",,"236,229.105","218,577.002","203,909.44","174,731.889","163,740.398","144,568.763","136,017.509","120,362.399","118,425.562","116,322.8","105,106.411","100,790.069","100,046.094","97,220.692","84,127.889","78,188.156","68,391.414","63,205.396","57,212.492","52,886.27","65,403.843","55,207.375","47,575.321","41,126.484","35,141.817","32,465.617","27,658.275","25,397.511","24,176.323","20,560.029","17,655.339","16,246.091","14,044.895","13,206.619","12,074.188","11,392.361","9,701.228","9,456.262","8,948.106",-,"7,266.89",-,"5,388.23","3,608.167","2,564.008",-,"1,437.949",939.91,594.558
,,,,,,,,,,,,,,,,,,,,,,,,,,,,,,,,,,,,,,,,,,,,,,,,,,,,,,,,,,,,,,,,,,
  Accounts Payable,"14,379.215","11,504.627","10,711.536","7,596.463","3,961.531","2,434.448","1,403.064","1,099.806",675.78,353.504,207.598,102.016,35.695,15.887,4.978,"15,451.984",,"15,451.984","15,762.03","14,379.215","12,775.38","12,205.293","12,559.789","11,504.627","10,010.543","9,824.144","11,396.773","10,711.536","10,129.539","9,410.218","8,530.408","7,596.463","6,370.833","5,433.256","4,758.341","3,961.531","3,583.101","3,212.53","3,036.892","2,434.448","1,950.185","1,661.671","1,612.702","1,403.064","1,212.245","1,342.086","1,296.959","1,099.806","1,072.445","1,045.041",980.901,675.78,626.621,529.354,465.063,353.504,-,313.369,-,207.598,150.875,102.016,-,35.695,15.887,4.978
  Total Tax Payable,"2,184.179","1,565.222","1,635.603","1,462.416",861.875,320.975,165.95,314.63,154.024,139.917,85.16,44.261,22.066,9.654,8.334,"1,556.887",,"1,556.887","2,938.15","2,184.179","2,262.796","1,686.907","1,988.32","1,565.222","1,610.133","1,588.79","1,729.764","1,635.603","1,525.434","1,285.363","1,630.418","1,462.416","1,550.464","1,083.213","1,204.671",861.875,795.478,597.796,418.903,320.975,390.885,315.542,373.642,165.95,271.089,238.821,186.784,314.63,285.423,236.265,200.351,154.024,236.995,197.272,193.299,139.917,-,116.214,-,85.16,78.03,44.261,-,22.066,9.654,8.334
  Other Current Payables,"2,640.038","1,597.16","1,610.762","1,295.274",858.984,488.75,377.953,145.049,108.298,102.128,450.819,238.162,147.878,90.822,56.813,-,,"2,804.202","6,614.293","2,640.038","7,156.198","1,818.233","5,785.77","1,597.16","5,266.458","1,668.672","3,804.586","1,610.762","4,446.616","1,358.989","4,342.451","1,295.274","3,981.58",984.045,"2,610.676",858.984,"2,673.383","21,058.55","15,154.628",488.75,"8,082.637","5,170.663","3,706.761",377.953,"2,438.174","2,169.454","1,964.555",145.049,"1,341.665","1,230.154",954.327,108.298,854.931,765.737,676.97,102.128,-,561.858,-,450.819,292.49,238.162,-,147.878,90.822,56.813
  Current Accrued Expense,-,-,-,-,-,-,-,-,-,-,-,-,-,-,-,-,,-,-,-,-,-,-,-,-,-,-,-,-,-,-,-,-,-,-,-,-,-,-,-,-,-,-,-,-,-,-,-,-,-,-,-,-,-,-,-,-,-,-,-,-,-,-,-,-,-
Accounts Payable & Accrued Expense,"19,203.432","14,667.009","13,957.901","10,354.153","5,682.39","3,244.174","1,946.967","1,559.485",938.102,595.549,743.577,384.439,205.639,116.363,70.125,"19,813.074",,"19,813.074","25,314.473","19,203.432","22,194.373","15,710.433","20,333.879","14,667.009","16,887.133","13,081.607","16,931.122","13,957.901","16,101.589","12,054.57","14,503.277","10,354.153","11,902.877","7,500.514","8,573.687","5,682.39","7,051.962","24,868.876","18,610.423","3,244.174","10,423.708","7,147.876","5,693.104","1,946.967","3,921.508","3,750.361","3,448.298","1,559.485","2,699.533","2,511.46","2,135.579",938.102,"1,718.546","1,492.363","1,335.332",595.549,-,991.44,-,743.577,521.395,384.439,-,205.639,116.363,70.125
  Short-Term Debt,"2,177.909","4,737.728","5,891.308","3,101.377","2,275.21","2,465.925",815.855,426.257,172.796,"1,260.112",-,29.633,-,39.655,-,"2,285.759",,"2,285.759","1,968.699","2,177.909","2,072.798","2,132.428","2,497.685","4,737.728","4,609.697","5,227.54","7,575.5","5,891.308","5,793.059","6,522.405","2,981.606","3,101.377","3,156.188","2,179.943","2,824.195","2,275.21","2,982.369","2,634.918","2,497.732","2,465.925","1,053.929",985.303,861.572,815.855,741.748,768.786,621.426,426.257,418.984,60.144,124.034,172.796,476.578,567.209,899.22,"1,260.112",-,"1,258.775",-,-,404.071,29.633,-,-,39.655,-
  Short-Term Capital Lease Obligation,584.466,467.514,-,-,-,-,-,-,-,-,-,-,-,-,-,624.591,,624.591,597.613,584.466,507.151,490.567,481.875,467.514,420.175,402.743,343.42,-,-,-,-,-,-,-,-,-,-,-,-,-,-,-,-,-,-,-,-,-,-,-,-,-,-,-,-,-,-,-,-,-,-,-,-,-,-,-
Short-Term Debt & Capital Lease Obligation,"2,762.375","5,205.241","5,891.308","3,101.377","2,275.21","2,465.925",815.855,426.257,172.796,"1,260.112",-,29.633,-,39.655,-,"2,910.35",,"2,910.35","2,566.312","2,762.375","2,579.949","2,622.995","2,979.56","5,205.241","5,029.872","5,630.283","7,918.92","5,891.308","5,793.059","6,522.405","2,981.606","3,101.377","3,156.188","2,179.943","2,824.195","2,275.21","2,982.369","2,634.918","2,497.732","2,465.925","1,053.929",985.303,861.572,815.855,741.748,768.786,621.426,426.257,418.984,60.144,124.034,172.796,476.578,567.209,899.22,"1,260.112",-,"1,258.775",-,-,404.071,29.633,-,-,39.655,-
  Current Deferred Revenue,-,-,-,-,-,-,-,-,-,-,-,-,-,-,-,-,,-,-,-,-,-,-,-,-,-,-,-,-,-,-,-,-,-,-,-,-,-,-,-,-,-,-,-,-,-,-,-,-,-,-,-,-,-,-,-,-,-,-,-,-,-,-,-,-,-
  Current Deferred Taxes Liabilities,-,-,-,-,-,-,-,-,-,-,-,-,-,-,-,-,,-,-,-,-,-,-,-,-,-,-,-,-,-,-,-,-,-,-,-,-,-,-,-,-,-,-,-,-,-,-,-,-,-,-,-,-,-,-,-,-,-,-,-,-,-,-,-,-,-
Deferred Tax And Revenue,-,-,-,-,-,-,-,-,-,-,-,-,-,-,-,-,,-,-,-,-,-,-,-,-,-,-,-,-,-,-,-,-,-,-,-,-,-,-,-,-,-,-,-,-,-,-,-,-,-,-,-,-,-,-,-,-,-,-,-,-,-,-,-,-,-
Other Current Liabilities,"19,182.175","14,368.735","9,558.668","9,559.091","6,666.667","13,580.345","5,322.205","3,491.389","2,204.627","1,481.246","1,214.714",254.266,99.53,67.865,40.826,"20,483.58",,"20,483.58","15,889.355","19,182.175","13,301.618","17,617.77","12,780.001","14,368.735","7,817.732","10,565.696","7,544.213","9,558.668","6,125.221","9,090.656","7,156.109","9,559.091","6,680.926","8,445.626","6,166.667","6,666.667","4,365.386","4,215.079","4,146.124","13,580.345","3,050.914","2,905.628","3,074.728","5,322.205","2,436.056","2,354.348","2,445.366","3,491.389","1,773.27","1,652.329","1,585.607","2,204.627","1,183.042","1,080.486","1,049.611","1,481.246",-,607.571,-,"1,214.714",318.207,254.266,-,99.53,67.865,40.826
Total Current Liabilities,"41,147.982","34,240.985","29,407.877","23,014.621","14,624.267","19,290.444","8,085.027","5,477.131","3,315.524","3,336.906","1,958.291",668.338,305.169,223.883,110.951,"43,207.004",,"43,207.004","43,770.139","41,147.982","38,075.94","35,951.197","36,093.441","34,240.985","29,734.737","29,277.585","32,394.255","29,407.877","28,019.868","27,667.631","24,640.992","23,014.621","21,739.991","18,126.084","17,564.549","14,624.267","14,399.718","31,718.873","25,254.279","19,290.444","14,528.551","11,038.806","9,629.404","8,085.027","7,099.313","6,873.495","6,515.09","5,477.131","4,891.787","4,223.933","3,845.221","3,315.524","3,378.167","3,140.058","3,284.163","3,336.906",-,"2,857.787",-,"1,958.291","1,243.674",668.338,-,305.169,223.883,110.951
,,,,,,,,,,,,,,,,,,,,,,,,,,,,,,,,,,,,,,,,,,,,,,,,,,,,,,,,,,,,,,,,,,
  Long-Term Debt,"35,814.537","26,745.37","20,154.132","16,904.841","13,548.513","7,755.191","4,934.072","2,052.093","1,543.929",588.093,-,-,-,-,-,"40,698.521",,"40,698.521","36,925.617","35,814.537","36,033.83","36,541.601","29,736.486","26,745.37","24,528.305","23,795.468","19,879.021","20,154.132","19,545.74","19,691.729","21,879.729","16,904.841","16,928.3","14,949.314","13,753.119","13,548.513","10,805.523","10,261.488","8,563.827","7,755.191","7,446.134","6,678.592","6,917.738","4,934.072","4,845.72","4,850.576","2,337.799","2,052.093","2,068.576","1,608.706","1,546.576","1,543.929","1,552.301",149.095,591.136,588.093,-,-,-,-,-,-,-,-,-,-
  Long-Term Capital Lease Obligation,"1,559.494","1,201.648",-,-,-,-,-,-,-,-,-,-,-,-,-,"1,706.148",,"1,706.148","1,558.156","1,559.494","1,190.057","1,149.881","1,178.549","1,201.648","1,199.657","1,255.781","1,218.731",-,-,-,-,-,-,-,-,-,-,-,-,-,-,-,-,-,-,-,-,-,-,-,-,-,-,-,-,-,-,-,-,-,-,-,-,-,-,-
Long-Term Debt & Capital Lease Obligation,"37,374.031","27,947.018","20,154.132","16,904.841","13,548.513","7,755.191","4,934.072","2,052.093","1,543.929",588.093,-,-,-,-,-,"42,404.669",,"42,404.669","38,483.773","37,374.031","37,223.886","37,691.482","30,915.035","27,947.018","25,727.962","25,051.249","21,097.752","20,154.132","19,545.74","19,691.729","21,879.729","16,904.841","16,928.3","14,949.314","13,753.119","13,548.513","10,805.523","10,261.488","8,563.827","7,755.191","7,446.134","6,678.592","6,917.738","4,934.072","4,845.72","4,850.576","2,337.799","2,052.093","2,068.576","1,608.706","1,546.576","1,543.929","1,552.301",149.095,591.136,588.093,-,-,-,-,-,-,-,-,-,-
Debt-to-Equity,0.373,0.537,0.554,0.515,0.627,0.549,0.445,0.26,0.259,0.412,-,0.017,-,0.057,-,0.344,,0.344,0.351,0.373,0.47,0.533,0.52,0.537,0.542,0.548,0.535,0.554,0.553,0.575,0.566,0.515,0.566,0.543,0.588,0.627,0.561,0.602,0.567,0.549,0.5,0.487,0.55,0.445,0.459,0.5,0.283,0.26,0.288,0.22,0.232,0.259,0.343,0.134,0.291,0.412,-,0.324,-,-,0.177,0.017,-,-,0.057,-
Pension And Retirement Benefit,-,-,-,-,-,-,-,-,-,-,-,-,-,-,-,-,,-,-,-,-,-,-,-,-,-,-,-,-,-,-,-,-,-,-,-,-,-,-,-,-,-,-,-,-,-,-,-,-,-,-,-,-,-,-,-,-,-,-,-,-,-,-,-,-,-
NonCurrent Deferred Liabilities,-,-,-,-,-,-,-,-,-,-,-,-,-,-,-,-,,-,-,-,-,-,-,-,-,-,-,-,-,-,-,-,-,-,-,-,-,-,-,-,-,-,-,-,-,-,-,-,-,-,-,-,-,-,-,-,-,-,-,-,-,-,-,-,-,-
Other Long-Term Liabilities,"6,407.872","4,133.909","3,797.957","2,181.338","2,124.628","1,596.812","1,368.969",500.675,452.445,440.966,145.452,94.329,94.053,5.533,8.306,"6,341.79",,"6,341.79","6,518.3","6,407.872","4,506.945","4,485.286","4,411.224","4,133.909","2,831.157","3,057.251","3,487.984","3,797.957","3,223.439","3,075.436","3,045.082","2,181.338","2,237.936","2,054.477","2,052.074","2,124.628","1,602.501","1,551.175","1,534.593","1,596.812","1,719.329","1,272.803","1,384.766","1,368.969","1,169.724","1,141.142","1,176.27",500.675,513.084,476.646,481.064,452.445,402.933,956.67,360.029,440.966,-,494.961,-,145.452,70.62,94.329,-,94.053,5.533,8.306
Total Long-Term Liabilities,"43,781.903","32,080.927","23,952.09","19,086.18","15,673.141","9,352.003","6,303.041","2,552.768","1,996.374","1,029.059",145.452,94.329,94.053,5.533,8.306,"48,746.459",,"48,746.459","45,002.073","43,781.903","41,730.831","42,176.768","35,326.259","32,080.927","28,559.118","28,108.5","24,585.736","23,952.09","22,769.179","22,767.165","24,924.811","19,086.18","19,166.235","17,003.79","15,805.193","15,673.141","12,408.024","11,812.663","10,098.421","9,352.003","9,165.463","7,951.396","8,302.504","6,303.041","6,015.444","5,991.718","3,514.07","2,552.768","2,581.66","2,085.352","2,027.64","1,996.374","1,955.234","1,105.765",951.165,"1,029.059",-,494.961,-,145.452,70.62,94.329,-,94.053,5.533,8.306
Total Liabilities,"84,929.885","66,321.913","53,359.966","42,100.801","30,297.407","28,642.446","14,388.068","8,029.899","5,311.898","4,365.965","2,103.742",762.667,399.222,229.417,119.257,"91,953.463",,"91,953.463","88,772.213","84,929.885","79,806.772","78,127.965","71,419.699","66,321.913","58,293.856","57,386.085","56,979.991","53,359.966","50,789.048","50,434.796","49,565.802","42,100.801","40,906.226","35,129.874","33,369.742","30,297.407","26,807.742","43,531.536","35,352.7","28,642.446","23,694.013","18,990.202","17,931.908","14,388.068","13,114.757","12,865.214","10,029.16","8,029.899","7,473.447","6,309.285","5,872.861","5,311.898","5,333.4","4,245.824","4,235.328","4,365.965",-,"3,352.748",-,"2,103.742","1,314.294",762.667,-,399.222,229.417,119.257
,,,,,,,,,,,,,,,,,,,,,,,,,,,,,,,,,,,,,,,,,,,,,,,,,,,,,,,,,,,,,,,,,,
Common Stock,-,-,-,-,-,-,-,-,-,0.031,0.03,0.029,0.028,0.026,0.025,-,,-,-,-,-,-,-,-,-,-,-,-,-,-,-,-,-,-,-,-,-,-,-,-,-,-,-,-,-,-,-,-,0.033,0.032,0.032,-,0.031,0.031,0.031,0.031,-,0.031,-,0.03,0.029,0.029,-,0.028,0.026,0.025
Preferred Stock,-,-,-,-,-,-,-,-,-,-,-,-,-,-,-,-,,-,-,-,-,-,-,-,-,-,-,-,-,-,-,-,-,-,-,-,-,-,-,-,-,-,-,-,-,-,-,-,-,-,-,-,-,-,-,-,-,-,-,-,-,-,-,-,-,-
Retained Earnings,"82,342.758","54,842.808","43,531.822","30,741.067","19,761.12","15,507.9","11,967.489","8,598.242","6,139.937","4,207.55","2,676.094","1,540.894",866.504,463.318,263.304,"96,529.494",,"96,529.494","90,650.908","82,342.758","69,874.46","61,654.287","58,953.208","54,842.808","51,048.962","49,681.343","48,698.431","43,531.822","41,713.761","39,682.449","38,330.642","30,741.067","27,766.936","24,152.734","21,934.871","19,761.12","19,018.17","17,633.704","16,790.718","15,507.9","14,614.454","13,797.138","12,974.065","11,967.489","11,145.45","10,072.224","9,506.229","8,598.242","7,907.389","7,258.507","6,807.752","6,139.937","5,517.529","4,974.163","4,698.599","4,207.55",-,"3,423.618",-,"2,676.094","1,972.548","1,540.894",-,866.504,463.318,263.304
Accumulated other comprehensive income (loss),-,-,-,-,-,-,-,-,-,-,-,-,-,-,-,-,,-,-,-,-,-,-,-,-,-,-,-,-,-,-,-,-,-,-,-,-,-,-,-,-,-,-,-,-,-,-,-,-,-,-,-,-,-,-,-,-,-,-,-,-,-,-,-,-,-
Additional Paid-In Capital,"7,461.502","5,028.872","3,965.019","3,367.712","2,503.541","1,886.62",829.105,468.57,462.072,307.312,165.466,182.267,168.548,197.586,186.53,"9,029.261",,"9,029.261","7,964.03","7,461.502","6,578.569","5,888.641","5,510.576","5,028.872","4,612.368","4,590.951","4,379.237","3,965.019","3,758.807","3,900.172","3,727.958","3,367.712","3,145.228","2,907.913","2,686.974","2,503.541","2,331.864","2,218.63","2,102.204","1,886.62","1,069.477",991.91,897.477,829.105,661.758,577.954,515.965,468.57,413.996,357.551,457.154,462.072,419.589,391.115,363.352,307.312,-,162.764,-,165.466,198.304,182.267,-,168.548,197.586,186.53
Treasury Stock,-674.69,-570.598,-606.215,-602.136,-453.192,-281.745,-211.518,-143.403,-107.015,-95.598,-38.819,-18.128,-3.182,-,-,-727.471,,-727.471,-729.085,-674.69,-638.857,-559.054,-551.67,-570.598,-569.886,-570.625,-610.259,-606.215,-642.004,-647.167,-648.21,-602.136,-594.154,-516.117,-483.319,-453.192,-437.468,-368.026,-347.087,-281.745,-293.203,-226.423,-218.479,-211.518,-213.743,-144.127,-142.721,-143.403,-140.352,-109.986,-107.792,-107.015,-99.044,-95.808,-96.022,-95.598,-,-73.571,-,-38.819,-,-18.128,-,-3.182,-,-
Other Stockholders Equity,"18,524.766","2,393.316",105.902,"5,332.464","3,423.943","1,499.899",344.02,616.747,130.92,64.47,469.098,78.682,-7.528,40.787,25.442,"26,874.086",,"26,874.086","19,119.784","18,524.766","8,921.828","8,621.78","1,300.335","2,393.316","1,697.851","2,325.123","1,758.965",105.902,"1,030.328","2,661.057","2,522.715","5,332.464","5,156.797","4,994.564","4,045.837","3,423.943","3,644.119","1,955.321",963.907,"1,499.899","1,615.365","1,166.441",492.098,344.02,590.238,725.933,571.854,616.747,459.721,95.216,36.139,130.92,82.098,83.646,156.966,64.47,-,366.962,-,469.098,114.167,78.682,-,-7.528,40.787,25.442
Total Stockholders Equity,"107,654.336","61,694.398","46,996.528","38,839.107","25,235.411","18,612.675","12,929.095","9,540.156","6,625.915","4,483.765","3,271.869","1,783.743","1,024.369",701.718,475.301,"131,705.37",,"131,705.37","117,005.637","107,654.336","84,736","75,605.654","65,212.449","61,694.398","56,789.294","56,026.792","54,226.374","46,996.528","45,860.892","45,596.51","43,933.105","38,839.107","35,474.806","31,539.094","28,184.363","25,235.411","24,556.685","21,439.628","19,509.742","18,612.675","17,006.093","15,729.066","14,145.161","12,929.095","12,183.702","11,231.984","10,451.328","9,540.156","8,640.788","7,601.32","7,193.285","6,625.915","5,920.203","5,353.146","5,122.926","4,483.765",-,"3,879.803",-,"3,271.869","2,285.048","1,783.743",-,"1,024.369",701.718,475.301
Minority Interest,"11,325.218","8,001.198","4,749.916","3,187.982","1,679.673",320.2,341.111,85.284,136.375,98.376,12.619,17.597,14.358,8.776,-,"12,570.272",,"12,570.272","12,799.152","11,325.218","10,189.117","10,006.778","7,936.614","8,001.198","5,279.25","5,012.685","5,116.435","4,749.916","4,140.129","4,014.787","3,721.784","3,187.982","1,807.124","1,722.446","1,651.291","1,679.673","1,521.843",432.678,344.934,320.2,426.377,422.549,388.549,341.111,99.052,79.126,79.541,85.284,131.856,134.289,140.472,136.375,138.758,102.258,98.008,98.376,-,34.339,-,12.619,8.825,17.597,-,14.358,8.776,-
Total Equity,"118,979.554","69,695.596","51,746.444","42,027.089","26,915.084","18,932.874","13,270.207","9,625.44","6,762.29","4,582.14","3,284.488","1,801.341","1,038.727",710.493,475.301,"144,275.642",,"144,275.642","129,804.789","118,979.554","94,925.117","85,612.432","73,149.063","69,695.596","62,068.544","61,039.477","59,342.809","51,746.444","50,001.021","49,611.298","47,654.89","42,027.089","37,281.93","33,261.54","29,835.654","26,915.084","26,078.528","21,872.306","19,854.676","18,932.874","17,432.471","16,151.615","14,533.709","13,270.207","12,282.754","11,311.11","10,530.869","9,625.44","8,772.644","7,735.61","7,333.758","6,762.29","6,058.961","5,455.404","5,220.934","4,582.14",-,"3,914.142",-,"3,284.488","2,293.873","1,801.341",-,"1,038.727",710.493,475.301
Equity-to-Asset,0.528,0.454,0.447,0.462,0.441,0.391,0.467,0.54,0.549,0.501,0.607,0.696,0.712,0.747,0.799,0.558,,0.558,0.535,0.528,0.485,0.462,0.451,0.454,0.472,0.473,0.466,0.447,0.455,0.456,0.452,0.462,0.454,0.461,0.446,0.441,0.464,0.328,0.353,0.391,0.414,0.448,0.436,0.467,0.48,0.465,0.508,0.54,0.532,0.541,0.545,0.549,0.52,0.552,0.542,0.501,-,0.534,-,0.607,0.633,0.696,-,0.712,0.747,0.799
,,,,,,,,,,,,,,,,,,,,,,,,,,,,,,,,,,,,,,,,,,,,,,,,,,,,,,,,,,,,,,,,,,
Cashflow Statement:,,,,,,,,,,,,,,,,,,,,,,,,,,,,,,,,,,,,,,,,,,,,,,,,,,,,,,,,,,,,,,,,,,
Net Income From Continuing Operations,"24,486.566","13,671.529","11,619.333","10,991.779","5,989.624","4,513.498","3,860.001","2,562.317","2,051.245","1,610.666","1,220.387",764.791,410.81,212.807,136.003,"29,013.44",,"6,696.031","7,527.07","9,078.8","5,711.538","4,582.863","4,188.163","3,189.757","2,948.676","3,578.584","4,150.241","2,037.567","3,414.246","2,873.892","3,794.757","3,279.439","2,747.298","2,681.809","2,110.241","1,520.709","1,615.544","1,651.187","1,425.254","1,116.125","1,191.03","1,191.904","1,110.826",962.092,924.701,935.062,"1,041.974",647.206,633.517,600.567,654.986,556.885,512.839,488.83,469.28,401.878,382.899,361.918,439.364,-,283.233,-,175.864,-,-,-
"Cash Flow Depreciation, Depletion and Amortization","7,764.44","6,369.391","4,975.231","3,581.114","1,841.238","1,034.873",778.528,593.698,420.517,305.505,117.749,78.834,52.551,26.141,17.178,-,,-,-,-,-,-,-,-,-,-,-,-,-,-,-,-,-,-,-,-,-,-,-,-,-,-,-,-,-,-,-,-,-,-,-,-,-,-,-,-,-,-,-,-,-,-,-,-,-,-
  Change In Receivables,"-1,151.499",-860.744,"-1,496.579",-970.697,-423.423,-382.844,-229.131,-99.773,-42.838,-39.49,-72.742,-36.027,-65.352,-15.627,-20.206,-,,-,-,-,-,-,-,-,-,-,-,-,-,-,-,-,-,-,-,-,-,-,-,-,-,-,-,-,-,-,-,-,-,-,-,-,-,-,-,-,-,-,-,-,-,-,-,-,-,-
  Change In Inventory,-14.528,-56.176,-4.213,-5.915,-5.491,-2.636,210.064,-134.183,-48.293,-,-,0.803,-0.552,0.104,0.023,-,,-,-,-,-,-,-,-,-,-,-,-,-,-,-,-,-,-,-,-,-,-,-,-,-,-,-,-,-,-,-,-,-,-,-,-,-,-,-,-,-,-,-,-,-,-,-,-,-,-
  Change In Prepaid Assets,17.892,-563.611,-588.346,-570.285,-593.659,-787.862,-282.94,-154.763,-361.796,-414.349,-7.81,5.403,-6.605,-2.05,-7.73,-,,-,-,-,-,-,-,-,-,-,-,-,-,-,-,-,-,-,-,-,-,-,-,-,-,-,-,-,-,-,-,-,-,-,-,-,-,-,-,-,-,-,-,-,-,-,-,-,-,-
  Change In Payables And Accrued Expense,-,-,-,-,-,-,-,-,-,-,-,-,-,-,-,-,,-,-,-,-,-,-,-,-,-,-,-,-,-,-,-,-,-,-,-,-,-,-,-,-,-,-,-,-,-,-,-,-,-,-,-,-,-,-,-,-,-,-,-,-,-,-,-,-,-
Change In Other Working Capital,"5,341.703","3,666.253","2,741.549","5,135.898","2,607.445","2,164.023","1,199.787","1,362.574","1,015.595",639.285,433.743,338.278,101.914,24.644,64.392,-,,-,-,-,-,-,-,-,-,-,-,-,-,-,-,-,-,-,-,-,-,-,-,-,-,-,-,-,-,-,-,-,-,-,-,-,-,-,-,-,-,-,-,-,-,-,-,-,-,-
Change In Working Capital,"4,193.568","2,185.722",652.411,"3,589.001","1,584.872",990.681,897.78,973.855,562.668,185.446,353.191,308.457,29.406,7.071,36.48,-,,-,-,-,-,-,-,-,-,-,-,-,-,-,-,-,-,-,-,-,-,-,-,-,-,-,-,-,-,-,-,-,-,-,-,-,-,-,-,-,-,-,-,-,-,-,-,-,-,-
Deferred Tax,"3,042.68","1,926.515","2,103.81","2,387.915","1,473.019","1,102.169",828.136,612.137,363.561,295.239,-,-,-,-,-,-,,-,-,-,-,-,-,-,-,-,-,-,-,-,-,-,-,-,-,-,-,-,-,-,-,-,-,-,-,-,-,-,-,-,-,-,-,-,-,-,-,-,-,-,-,-,-,-,-,-
Stock Based Compensation,"1,932.011","1,443.888","1,143.135",930.807,623.284,427.346,291.181,192.301,145.2,115.417,74.555,47.077,23.419,13.982,9.939,-,,-,-,-,-,-,-,-,-,-,-,-,-,-,-,-,-,-,-,-,-,-,-,-,-,-,-,-,-,-,-,-,-,-,-,-,-,-,-,-,-,-,-,-,-,-,-,-,-,-
Asset Impairment Charge,-,-,-,-,-,-,-,-,-,-,-,-,-,-,-,-,,-,-,-,-,-,-,-,-,-,-,-,-,-,-,-,-,-,-,-,-,-,-,-,-,-,-,-,-,-,-,-,-,-,-,-,-,-,-,-,-,-,-,-,-,-,-,-,-,-
Cash from Discontinued Operating Activities,-,-,-,-,-,-,-,-,-,-,-,-,-,-,-,-,,-,-,-,-,-,-,-,-,-,-,-,-,-,-,-,-,-,-,-,-,-,-,-,-,-,-,-,-,-,-,-,-,-,-,-,-,-,-,-,-,-,-,-,-,-,-,-,-,-
Cash Flow from Others,"-11,734.283","-4,411.366","-4,378.169","-5,382.212","-2,043.845","-1,024.019","-1,369.938",-921.334,-425.972,-408.038,86.726,30.92,6.09,-10.863,-6.876,"-1,902.36",,"-1,722.957",306.563,"-1,606.135","1,120.166","1,639.46","3,597.749","4,025.265","3,262.156",46.537,140.497,"2,958.438","1,440.533",608.189,-509.703,"1,057.453","1,890.242",325.273,"1,750.218","1,369.548",883.482,159.807,"1,176.127","1,704.579",370.783,34.004,442.086,763.501,414.291,226.784,23.004,482.894,274.682,210.296,467.709,295.245,305.513,152.676,301.217,270.11,189.705,-11.486,42.806,-,-,-,-,-,-,-
Cash Flow from Operations,"29,684.982","21,185.679","16,115.752","16,098.404","9,468.193","7,044.549","5,285.687","4,012.974","3,117.219","2,104.235","1,852.609","1,230.079",522.276,249.139,192.723,"27,111.08",,"4,973.074","7,833.633","7,472.665","6,831.704","6,222.323","7,785.913","7,215.022","6,210.833","3,625.121","4,290.737","4,996.005","4,854.78","3,482.081","3,285.054","4,336.893","4,637.54","3,007.081","3,860.458","2,890.257","2,499.026","1,810.994","2,601.381","2,820.704","1,561.813","1,225.907","1,552.913","1,725.592","1,338.992","1,161.846","1,064.978","1,130.1",908.2,810.864,"1,122.695",852.13,818.352,641.506,770.497,671.988,572.603,350.432,482.17,-,-,-,-,-,-,-
,,,,,,,,,,,,,,,,,,,,,,,,,,,,,,,,,,,,,,,,,,,,,,,,,,,,,,,,,,,,,,,,,,
"Purchase Of Property, Plant, Equipment","-5,210.038","-3,245.933","-2,868.08","-1,836.438","-1,213.763",-843.529,-694.18,-788.304,-586.735,-639.507,-223.803,-115.536,-194.489,-80.628,-41.412,-,,-,-,-,-,-,-,-,-,-,-,-,-,-,-,-,-,-,-,-,-,-,-,-,-,-,-,-,-,-,-,-,-,-,-,-,-,-,-,-,-,-,-,-,-,-,-,-,-,-
"Sale Of Property, Plant, Equipment",-,0.57,4.794,4.247,4.48,10.854,26.985,2.799,0.642,0.094,0.237,0.087,0.356,1.525,-,-,,-,-,-,-,-,-,-,-,-,-,-,-,-,-,-,-,-,-,-,-,-,-,-,-,-,-,-,-,-,-,-,-,-,-,-,-,-,-,-,-,-,-,-,-,-,-,-,-,-
Purchase Of Business,"-7,015.583","-2,288.664","-6,324.36","-6,222.623","-1,780.398","-2,429.176","-5,876.289",-735.125,-658.292,-814.1,-145.905,-0.021,-46.633,-24.447,-7.041,-,,-,-,-,-,-,-,-,-,-,-,-,-,-,-,-,-,-,-,-,-,-,-,-,-,-,-,-,-,-,-,-,-,-,-,-,-,-,-,-,-,-,-,-,-,-,-,-,-,-
Sale Of Business,339.945,95.1,62.321,170.479,474.002,184.212,227.354,59.6,17.809,-,8.226,-,-,-,-,-,,-,-,-,-,-,-,-,-,-,-,-,-,-,-,-,-,-,-,-,-,-,-,-,-,-,-,-,-,-,-,-,-,-,-,-,-,-,-,-,-,-,-,-,-,-,-,-,-,-
Purchase Of Investment,"-20,178.612","-19,227.084","-20,173.017","-18,387.278","-13,093.587","-15,535.036","-2,755.066","-4,271.79","-4,824.477","-1,525.841","-1,309.733",-81.874,-6.018,-73.683,-2.604,-,,-,-,-,-,-,-,-,-,-,-,-,-,-,-,-,-,-,-,-,-,-,-,-,-,-,-,-,-,-,-,-,-,-,-,-,-,-,-,-,-,-,-,-,-,-,-,-,-,-
Sale Of Investment,"8,352.423","14,196.929","11,578.802","13,933.447","6,352.207","9,618.862","4,560.644","2,626.033","2,973.303",943.464,68.585,92.724,-,131.712,-,-,,-,-,-,-,-,-,-,-,-,-,-,-,-,-,-,-,-,-,-,-,-,-,-,-,-,-,-,-,-,-,-,-,-,-,-,-,-,-,-,-,-,-,-,-,-,-,-,-,-
Net Intangibles Purchase And Sale,"-4,974.386","-4,879.308","-4,985.4","-3,017.655","-1,496.431","-1,170.706",-370.843,-212.882,-189.642,-125.126,-114.048,-4.68,-10.413,-26.759,-3.032,-,,-,-,-,-,-,-,-,-,-,-,-,-,-,-,-,-,-,-,-,-,-,-,-,-,-,-,-,-,-,-,-,-,-,-,-,-,-,-,-,-,-,-,-,-,-,-,-,-,-
Cash From Discontinued Investing Activities,-,-,-,-,-,-,-,-,-,-,-,-,-,-,-,-,,-,-,-,-,-,-,-,-,-,-,-,-,-,-,-,-,-,-,-,-,-,-,-,-,-,-,-,-,-,-,-,-,-,-,-,-,-,-,-,-,-,-,-,-,-,-,-,-,-
Cash From Other Investing Activities,861.407,"-1,214.908",636.431,735.91,504.205,301.903,294.251,169.416,657.008,-257.742,-90.407,-626.665,-109.679,-27.37,-56.207,-,,-,-,-,-,-,-,-,-,-,-,-,-,-,-,-,-,-,-,-,-,-,-,-,-,-,-,-,-,-,-,-,-,-,-,-,-,-,-,-,-,-,-,-,-,-,-,-,-,-
Cash Flow from Investing,"-27,824.844","-16,563.298","-22,068.51","-14,619.911","-10,249.285","-9,862.616","-4,587.144","-3,150.252","-2,610.384","-2,418.758","-1,806.848",-735.964,-366.876,-99.651,-110.297,"-29,077.15",,"-7,299.922","-8,452.902","-6,334.929","-6,989.399","-5,743.617","-7,442.917","-8,524.459","-2,823.004","-2,163.62","-3,184.791","-7,218.356","-4,278.275","-5,196.053","-6,221.389","-2,624.371","-4,377.531","-2,384.891","-4,946.33","-2,132.143","-5,168.811","-1,788.381","-1,523.675","-4,120.11","-2,514.919","-1,850.061","-1,529.189",-446.789,"-1,010.068","-2,575.193",-547.231,-847.904,"-1,064.25",-453.197,-754.738,-522.36,"-1,037.73",-727.339,-289.505,-400.83,-510.707,-803.238,-662.185,-,-,-,-,-,-,-
,,,,,,,,,,,,,,,,,,,,,,,,,,,,,,,,,,,,,,,,,,,,,,,,,,,,,,,,,,,,,,,,,,
Issuance of Stock,-22.785,-161.684,-209.48,-312.595,-247.261,-74.894,-37.165,4.939,18.772,-43.947,29.964,24.233,12.685,14.127,4.354,-,,-,-,-,-,-,-,-,-,-,-,-,-,-,-,-,-,-,-,-,-,-,-,-,-,-,-,-,-,-,-,-,-,-,-,-,-,-,-,-,-,-,-,-,-,-,-,-,-,-
Repurchase of Stock,-,-149.137,-113.747,-,-279.777,-,-9.857,-218.15,-3.209,-164.934,-71.844,-26.099,-59.732,-14.556,-30.821,-,,-,-,-,-,-,-,-,-,-,-,-,-,-,-,-,-,-,-,-,-,-,-,-,-,-,-,-,-,-,-,-,-,-,-,-,-,-,-,-,-,-,-,-,-,-,-,-,-,-
Net Issuance of Preferred Stock,-,-,-,-,-,-,-,-,-,-,-,-,-,-,-,-,,-,-,-,-,-,-,-,-,-,-,-,-,-,-,-,-,-,-,-,-,-,-,-,-,-,-,-,-,-,-,-,-,-,-,-,-,-,-,-,-,-,-,-,-,-,-,-,-,-
Issuance of Debt,"12,136.008","16,204.286","9,623.749","7,612.844","8,350.097","4,770.433","3,988.624","1,154.631","1,117.475","1,645.154",796.87,29.633,-,39.655,-,-,,-,-,-,-,-,-,-,-,-,-,-,-,-,-,-,-,-,-,-,-,-,-,-,-,-,-,-,-,-,-,-,-,-,-,-,-,-,-,-,-,-,-,-,-,-,-,-,-,-
Payments of Debt,"-5,332.528","-12,930.55","-4,126.415","-3,212.552","-2,936.068",-638.384,-656.853,-380.981,"-1,287.383",-593.23,-30.426,-,-42.63,-,-,-,,-,-,-,-,-,-,-,-,-,-,-,-,-,-,-,-,-,-,-,-,-,-,-,-,-,-,-,-,-,-,-,-,-,-,-,-,-,-,-,-,-,-,-,-,-,-,-,-,-
Net Issuance of Debt,"6,803.48","3,273.736","5,497.334","4,400.291","5,414.029","4,132.049","3,331.771",773.651,-169.908,"1,051.924",766.444,29.633,-42.63,39.655,-,-,,-,-,-,-,-,-,-,-,-,-,-,-,-,-,-,-,-,-,-,-,-,-,-,-,-,-,-,-,-,-,-,-,-,-,-,-,-,-,-,-,-,-,-,-,-,-,-,-,-
Cash Flow for Dividends,"-1,581.056","-1,185.537",-984.354,-766.244,-534.553,-409.359,-284.555,-241.694,-177.769,-132.052,-96.134,-81.231,-37.614,-28.529,-18.589,-,,-,-,-,-,-,-,-,-,-,-,-,-,-,-,-,-,-,-,-,-,-,-,-,-,-,-,-,-,-,-,-,-,-,-,-,-,-,-,-,-,-,-,-,-,-,-,-,-,-
Other Financing,"-3,112.718","-1,538.988",297.224,712.704,191.48,-774.837,-35.064,-37.538,-50.7,-22.131,-10.034,-4.7,0.365,-,-,-,,-,-,-,-,-,-,-,-,-,-,-,-,-,-,-,-,-,-,-,-,-,-,-,-,-,-,-,-,-,-,-,-,-,-,-,-,-,-,-,-,-,-,-,-,-,-,-,-,-
Cash Flow from Financing,"2,086.921",238.391,"4,486.976","4,034.156","4,543.917","2,872.959","2,965.129",281.208,-382.814,688.86,618.396,-58.163,-126.926,10.696,-45.056,"-1,592.93",,"1,567.471",-74.798,-603.887,"-2,481.72","4,978.96",-108.397,-361.435,-428.047,242.4,831.359,"1,144.297",-765.999,-600.609,"5,088.169","1,148.911","2,501.598",-291.041,663.04,"1,862.915",876.735,986.007,954.527,767.239,656.605,-545.994,"2,049.659",228.323,-156.561,"2,384.201",492.961,-23.708,786.627,-383.424,-98.143,-332.225,663.148,-346.968,-364.126,625.596,-209.73,7.488,257.902,-,-,-,-,-,-,-
,,,,,,,,,,,,,,,,,,,,,,,,,,,,,,,,,,,,,,,,,,,,,,,,,,,,,,,,,,,,,,,,,,
Effect of Exchange Rate Changes,-918.141,154.697,320.612,-386.912,350.588,57.527,-30.378,-16.958,-0.319,-27.171,-7.802,-0.101,-11.086,-10.291,-3.07,"-1,226.27",,-314.551,52.527,-486.902,-477.344,-28.383,90.022,-127.891,240.944,201.951,-167.611,-23.098,301.965,389.012,-351.252,-77.654,-167.299,-119.588,-18.275,194.803,25.636,144.631,-7.072,24.189,51.982,-8.217,-10.419,-10.986,-39.588,10.753,9.072,9.055,-7.843,-12.062,-5.792,-6.951,5.488,1.228,-0.186,-9.365,-6.234,-5.652,-5.574,-,-,-,-,-,-,-
Net Change in Cash,"3,028.917","5,015.47","-1,145.169","5,125.736","4,113.414",112.419,"3,633.293","1,126.972",123.7,347.167,656.355,435.85,17.387,149.892,34.298,"-4,785.28",,"-1,073.93",-641.54,46.947,"-3,116.759","5,429.282",324.621,"-1,798.765","3,200.725","1,905.853","1,769.693","-1,101.152",112.471,"-1,925.57","1,800.583","2,783.777","2,594.307",211.559,-441.108,"2,815.833","-1,767.413","1,153.251","2,025.159",-507.978,-244.519,"-1,178.367","2,062.963","1,496.138",132.775,981.607,"1,019.78",267.543,622.733,-37.821,264.022,-9.406,449.259,-431.573,116.679,887.388,-154.068,-450.972,72.313,-,-,-,-,-,-,-
Capital Expenditure,"-10,184.423","-8,125.241","-7,853.48","-4,854.092","-2,710.194","-2,032.066","-1,072.779","-1,001.185",-776.377,-764.633,-337.851,-120.216,-204.902,-107.387,-44.444,-,,-,-,-,-,-,-,-,-,-,-,-,-,-,-,-,-,-,-,-,-,-,-,-,-,-,-,-,-,-,-,-,-,-,-,-,-,-,-,-,-,-,-,-,-,-,-,-,-,-
Free Cash Flow,"19,500.558","13,060.439","8,262.272","11,244.312","6,757.999","5,012.482","4,212.908","3,011.788","2,340.842","1,339.603","1,514.758","1,109.863",317.374,141.752,148.279,"27,111.076",,"4,973.074","7,833.633","7,472.665","6,831.704","6,222.323","7,785.913","7,215.022","6,210.833","3,625.121","4,290.737","4,996.005","4,854.78","3,482.081","3,285.054","4,336.893","4,637.54","3,007.081","3,860.458","2,890.257","2,499.026","1,810.994","2,601.381","2,820.704","1,561.813","1,225.907","1,552.913","1,725.592","1,338.992","1,161.846","1,064.978","1,130.1",908.2,810.864,"1,122.695",852.13,818.352,641.506,770.497,671.988,572.603,350.432,482.17,-,-,-,-,-,-,-
,,,,,,,,,,,,,,,,,,,,,,,,,,,,,,,,,,,,,,,,,,,,,,,,,,,,,,,,,,,,,,,,,,
Valuation Ratios:,,,,,,,,,,,,,,,,,,,,,,,,,,,,,,,,,,,,,,,,,,,,,,,,,,,,,,,,,,,,,,,,,,
PE Ratio,28.9,35,33.6,45.69,39.08,41.53,35.28,46.68,29.31,23.21,33.38,53.14,29.24,66.3,-,19.62,,25.47,28.52,28.9,36.56,42.18,34.82,35,32.32,33.07,35.85,33.6,30.33,38.94,40.8,45.69,45.48,43.27,39.83,39.08,45.25,40.33,39.56,41.53,35.58,45.05,45.47,35.28,39.27,43.75,44.46,46.68,40.12,31.57,26.93,29.31,33.94,31.09,32.07,23.21,16.4,25.13,23.48,33.38,29.93,53.14,36.92,29.24,66.3,-
PE Ratio without NRI,28.9,35,33.6,45.69,39.08,41.53,35.28,46.68,29.31,23.21,33.38,53.14,29.24,66.3,-,19.62,,25.47,28.52,28.9,36.56,42.18,34.82,35,32.32,33.07,35.85,33.6,30.33,38.94,40.8,45.69,45.48,43.27,39.83,39.08,45.25,40.33,39.56,41.53,35.58,45.05,45.47,35.28,39.27,43.75,44.46,46.68,40.12,31.57,26.93,29.31,33.94,31.09,32.07,23.21,16.36,25.05,23.41,33.38,29.93,53.14,37.22,29.24,66.3,-
Price-to-Owner-Earnings,20.54,23.42,23.49,26.36,23.51,26.88,22.67,26.83,18.66,16.79,25.53,-,-,-,-,16.34,,-,-,20.54,-,-,-,23.42,-,-,-,23.49,-,-,-,26.36,-,-,-,23.51,-,-,-,26.88,-,-,-,22.67,-,-,-,26.83,30.03,32.46,-,18.66,-,-,-,16.79,-,-,-,25.53,-,-,-,-,-,-
PB Ratio,6.41,7.43,8,12.7,9.1,9.91,10.52,12.57,9.13,8.27,10.74,-,-,-,-,4.22,,5.49,6.54,6.41,7.66,8.09,7.19,7.43,7,7.69,8.07,8,8.48,10.47,11.53,12.7,11.45,10.81,9.7,9.1,10.76,10.08,9.85,9.91,9.33,11.94,12.57,10.52,11.4,12.66,12.31,12.57,11.32,9.5,8.23,9.13,10.56,10.13,10,8.27,-,12.92,-,10.74,13.29,-,-,-,-,-
Price-to-Tangible-Book,8.79,11.8,10.51,15.97,12.31,11.76,12.14,13.97,10.71,9.91,11.16,-,-,-,-,5.48,,7.11,8.46,8.79,10.42,11.73,10.47,11.8,8.26,9.67,9.77,10.51,10.3,13.29,13.95,15.97,14.14,13.97,12.34,12.31,14.05,11.57,11.47,11.76,10.89,13.71,14.39,12.14,12.24,13.63,13.39,13.97,12.71,10.8,9.42,10.71,12.22,11.69,11.58,9.91,-,15.16,-,11.16,13.73,-,-,-,-,-
Price-to-Free-Cash-Flow,36.13,35.39,46.5,44.07,34.35,37.01,32.23,39.57,25.56,27.85,26.7,36.27,37.31,100,-,28.73,,-,-,36.13,-,-,-,35.39,-,-,-,46.5,-,-,-,44.07,-,-,-,34.35,-,-,-,37.01,-,-,-,32.23,-,-,-,39.57,-,-,-,25.56,-,-,-,27.85,-,-,-,26.7,-,36.27,-,37.31,100,-
Price-to-Operating-Cash-Flow,23.74,21.81,23.84,30.78,24.52,26.34,25.68,29.7,19.2,17.73,21.82,32.75,22.73,56.6,-,20.72,,26.89,26.82,23.74,22.61,22.45,18.86,21.81,21.11,24.25,25,23.84,24.72,30.55,32.78,30.78,28.57,27.89,24.67,24.52,26.73,24.41,23.49,26.34,25.78,31.98,30.74,25.68,29.68,33.43,33.2,29.7,26.49,20.29,17.28,19.2,21.78,20.32,21.86,17.73,27.95,60.69,94.04,21.82,-,32.75,-,22.73,56.6,-
PS Ratio,9.56,8.59,8.46,13.74,10.57,11.63,10.64,11.98,8.5,8.31,13.69,22.11,11.36,27.27,-,6.92,,8.98,10.02,9.56,9.75,10.2,8.21,8.59,7.82,8.67,9.14,8.46,8.79,11.17,12.52,13.74,12.94,12.25,10.91,10.57,12.33,11.16,10.96,11.63,10.48,13.37,13.29,10.64,11.45,12.42,12.19,11.98,10.86,8.8,7.79,8.5,10.1,9.64,10.36,8.31,12.36,25.2,27.44,13.69,45.47,22.11,50.96,11.36,27.27,-
PEG Ratio,1,1.06,0.86,1.23,1.15,0.78,-,-,-,-,-,-,-,-,-,0.53,,0.87,0.97,1,1.26,1.41,1.1,1.06,0.94,0.92,0.96,0.86,0.76,0.98,1.05,1.23,1.28,1.25,1.16,1.15,1.26,1.01,0.91,0.78,0.58,0.61,0.54,-,-,-,-,-,-,-,-,-,-,-,-,-,-,-,-,-,-,-,-,-,-,-
EV-to-Revenue,9.73,8.82,8.56,13.73,10.55,11.48,10.46,11.54,8.1,7.74,12.38,20.61,10.63,25.68,-,7,,9.2,10.2,9.73,9.94,10.36,8.39,8.82,7.95,8.8,9.26,8.56,8.94,11.33,12.61,13.73,12.9,12.19,10.83,10.55,12.38,11,10.78,11.48,10.35,13.19,13.07,10.46,11.26,12.15,11.77,11.54,10.47,8.37,7.34,8.1,9.67,8.94,9.66,7.74,12.13,23.75,27.06,12.38,42.4,20.61,49.77,10.63,25.68,-
EV-to-EBITDA,19.68,20.56,20.03,28.42,24.08,26.59,23.79,29.95,19.75,15.62,23.46,39.91,21.1,56.76,-,17.13,,22.5,24.89,19.68,30.13,34.16,27.94,20.56,26.4,27.36,29.18,20.03,24.42,30.64,32.14,28.42,35.11,33.46,30.3,24.08,34.46,30.16,29.56,26.59,27.54,34.82,34.86,23.79,30.02,33.56,35.04,29.95,32.54,25.21,20.79,19.75,25.46,23,24.41,15.62,28.31,52.13,52.51,23.46,83,39.91,102.16,21.1,56.76,-
EV-to-EBIT,25.01,28.41,26.94,35.77,29.78,31.29,27.63,35.44,23.12,18.11,25.38,43.56,23.44,63.88,-,17.13,,22.5,24.89,25.01,30.13,34.16,27.94,28.41,26.4,27.36,29.18,26.94,24.42,30.64,32.14,35.77,35.11,33.46,30.3,29.78,34.46,30.16,29.56,31.29,27.54,34.82,34.86,27.63,30.02,33.56,35.04,35.44,32.54,25.21,20.79,23.12,25.46,23,24.41,18.11,28.31,52.13,52.51,25.38,83,43.56,102.16,23.44,63.88,-
Earnings Yield (Joel Greenblatt) %,4,3.52,3.71,2.8,3.36,3.2,3.62,2.82,4.33,5.52,3.94,2.3,4.27,1.57,-,5.84,,4.44,4.02,4,3.32,2.93,3.58,3.52,3.79,3.65,3.43,3.71,4.1,3.26,3.11,2.8,2.85,2.99,3.3,3.36,2.9,3.32,3.38,3.2,3.63,2.87,2.87,3.62,3.33,2.98,2.85,2.82,3.07,3.97,4.81,4.33,3.93,4.35,4.1,5.52,3.53,1.92,1.9,3.94,1.2,2.3,0.98,4.27,1.57,-
Forward Rate of Return (Yacktman) %,21.53,21.76,21.68,21.1,21.64,21.58,21.67,21.35,21.89,22.05,21.38,20.73,21,-,-,21.92,,-,-,21.53,-,-,-,21.76,20,20,20,21.68,20,20,20,21.1,20,20,20,21.64,20,20,20,21.58,20,20,20,21.67,48.51,61.28,0.54,21.35,-,-,-,21.89,-,-,-,22.05,-,-,-,21.38,-,20.73,-,21,-,-
Shiller PE Ratio,82.01,71.38,77.36,-,-,-,-,-,-,-,-,-,-,-,-,56.35,,73.13,81.17,82.01,81.01,85.6,67.58,71.38,65.99,74.99,81.49,77.36,82.84,110.3,-,-,-,-,-,-,-,-,-,-,-,-,-,-,-,-,-,-,-,-,-,-,-,-,-,-,-,-,-,-,-,-,-,-,-,-
Dividend Yield %,0.22,0.27,0.29,0.15,0.25,0.24,0.19,0.18,0.26,0.35,-,-,-,-,-,0.35,,0.27,0.19,0.22,0.23,0.24,0.26,0.27,0.31,0.29,0.24,0.29,0.27,0.22,0.15,0.15,0.18,0.22,0.21,0.25,0.22,0.26,0.23,0.24,0.27,0.23,0.15,0.19,0.19,0.18,0.17,0.18,0.22,0.3,0.27,0.26,0.25,0.29,0.26,0.35,0.34,0.26,-,-,-,-,-,-,-,-
,,,,,,,,,,,,,,,,,,,,,,,,,,,,,,,,,,,,,,,,,,,,,,,,,,,,,,,,,,,,,,,,,,
Valuation and Quality:,,,,,,,,,,,,,,,,,,,,,,,,,,,,,,,,,,,,,,,,,,,,,,,,,,,,,,,,,,,,,,,,,,
Market Cap,"689,706.406","458,621.046","375,766.517","493,191.039","229,534.95","184,504.989","135,968.552","119,919.948","60,511.329","37,072.252","35,154.233",-,-,-,-,"557,560.717",,"722,571.27","765,688.182","689,706.406","648,876.273","611,530.56","468,966.637","458,621.046","397,685.27","430,919.147","437,749.187","375,766.517","388,840.295","477,612.582","506,425.155","493,191.039","406,066.39","340,893.716","273,508.615","229,534.95","264,221.074","216,008.134","192,216.207","184,504.989","158,738.237","187,882.114","177,761.781","135,968.552","138,873.463","142,172.175","128,671.87","119,919.948","97,853.933","72,187.328","59,213.996","60,511.329","62,514.651","54,216.246","51,238.82","37,072.252","37,970.251","50,139.03","35,154.233","35,154.233","30,376.201",-,-,-,-,-
Enterprise Value ($M),"706,320.569","473,110.118","382,315.176","494,784.044","229,375.697","182,522.232","133,412.885","115,922.451","58,002.184","34,871.487","31,838.281",-,-,-,-,"571,639.981",,"746,765.044","784,881.074","706,320.569","664,464.326","625,141.891","482,337.052","473,110.118","405,473.904","439,860.389","445,847.342","382,315.176","397,261.762","487,108.181","512,470.363","494,784.044","405,928.165","340,385.533","272,083.608","229,375.697","265,300.052","214,163.904","189,732.161","182,522.232","156,406.118","185,396.779","174,752.452","133,412.885","136,308.541","139,720.886","124,566.992","115,922.451","94,590.182","68,983.693","56,119.009","58,002.184","60,295.711","50,694.736","48,192.3","34,871.487","37,970.251","48,165.115","35,154.233","31,838.281","28,749.264",-,-,-,-,-
Month End Stock Price,71.89,48.01,39.47,51.92,24.22,19.62,14.51,12.88,6.53,4.03,3.83,-,-,-,-,58.1,,75.3,79.8,71.89,67.65,64,49.09,48.01,41.63,45.26,45.98,39.47,40.84,50.25,53.29,51.92,42.75,35.96,28.86,24.22,27.88,22.97,20.44,19.62,16.88,20.05,18.97,14.51,14.82,15.27,13.82,12.88,10.51,7.79,6.39,6.53,6.78,5.88,5.57,4.03,4.15,5.48,3.83,3.83,3.32,-,-,-,-,-
Net Cash per Share,-6.4,-4.99,-3.56,-2.49,-1.51,-1.75,-0.65,-0.17,-0.12,-0.03,0.13,0.1,0.01,0.03,0.02,-7.38,,-7.38,-6.97,-6.4,-5.8,-5.38,-5.33,-4.99,-3.7,-3.74,-3.79,-3.56,-3.56,-3.55,-3.24,-2.49,-2.18,-1.85,-1.62,-1.51,-1.49,-3.06,-2.32,-1.75,-1.37,-0.94,-0.76,-0.65,-0.53,-0.51,-0.32,-0.17,-0.18,-0.16,-0.12,-0.12,-0.12,-,0.03,-0.03,-,-0.01,-,0.13,0.08,0.1,-,0.01,0.03,0.02
Net Current Asset Value,-4.97,-3.99,-2.79,-1.92,-1.1,-0.52,-0.27,0.08,0.04,0.12,0.19,0.13,0.06,0.05,0.04,-5.52,,-5.52,-5.3,-4.97,-4.49,-4.18,-4.12,-3.99,-2.83,-2.85,-2.91,-2.79,-2.71,-2.77,-2.48,-1.92,-1.59,-1.29,-1.1,-1.1,-1.09,-0.67,-0.57,-0.52,-0.4,-0.33,-0.28,-0.27,-0.2,-0.19,-0.02,0.08,0.04,0.06,0.07,0.04,0.03,0.14,0.17,0.12,-,0.12,-,0.19,0.13,0.13,-,0.06,0.05,0.04
Net-Net Working Capital,-5.86,-4.58,-3.23,-2.29,-1.39,-1.66,-0.59,-0.12,-0.08,-0.01,0.15,0.11,0.02,0.03,0.02,-6.72,,-6.72,-6.35,-5.86,-5.31,-4.93,-4.84,-4.58,-3.34,-3.37,-3.44,-3.23,-3.26,-3.28,-2.98,-2.29,-1.99,-1.67,-1.47,-1.39,-1.37,-2.95,-2.23,-1.66,-1.28,-0.87,-0.69,-0.59,-0.47,-0.46,-0.27,-0.12,-0.14,-0.11,-0.08,-0.08,-0.08,0.03,0.06,-0.01,-,0.02,-,0.15,0.1,0.11,-,0.02,0.03,0.02
Intrinsic Value: Projected FCF,23.59,16.48,12.73,10.76,7.46,5.74,4.25,3.07,2.18,1.46,0.91,-,-,-,-,-,,-,-,23.59,-,-,-,16.48,-,-,-,12.73,-,-,-,10.76,-,-,-,7.46,-,-,-,5.74,-,-,-,4.25,-,-,-,3.07,-,-,-,2.18,-,-,-,1.46,-,-,-,0.91,-,-,-,-,-,-
Median PS Value,85.23,69.82,-,-,-,-,-,-,-,-,-,-,-,-,-,97.09,,96.96,93.4,85.23,82.97,75.83,73.12,69.82,66.72,66.25,64.36,-,-,-,-,-,-,-,-,-,-,-,-,-,-,-,-,-,-,-,-,-,-,-,-,-,-,-,-,-,-,-,-,-,-,-,-,-,-,-
Peter Lynch Fair Value,59.84,34.92,30.69,27.91,16.08,12.09,-,-,-,-,-,-,-,-,-,74.01,,73.91,69.96,59.84,46.25,37.93,35.25,34.92,32.2,34.22,32.07,30.69,33.67,32.26,32.65,27.91,23.5,20.77,18.12,16.08,15.4,14.24,12.92,12.09,11.86,11.13,10.43,-,-,-,-,-,-,-,-,-,-,-,-,-,-,-,-,-,-,-,-,-,-,-
Graham Number,21.56,11.22,10.05,9.12,5.26,4.22,3.33,2.38,1.73,1.26,1,0.6,0.33,0.19,0.13,26.53,,26.53,24.19,21.15,16.23,13.66,12.15,11.3,12.16,11.97,11.66,10.26,11.01,10.48,10.51,9.05,8.04,6.93,6.16,5.36,5.2,5.01,4.55,4.27,4.04,3.82,3.52,3.33,3.21,2.96,2.69,2.37,2.21,2.01,1.9,1.72,1.58,1.46,1.37,1.25,-,1.42,-,1.42,0.98,0.85,-,0.46,0.29,-
Earnings Power Value (EPV),-,-,-,-,-,-,-,-,-,-,-,-,-,-,-,-,,-,-,-,-,-,-,-,-,-,-,-,-,-,-,-,-,-,-,-,-,-,-,-,-,-,-,-,-,-,-,-,-,-,-,-,-,-,-,-,-,-,-,-,-,-,-,-,-,-
Altman Z-Score,6.35,5.55,5.83,8.56,6.08,5.21,7.49,10.94,8.93,7.23,13.03,32.67,18.8,37.23,-,5.05,,6.13,6.53,6.35,6.16,6.08,5.32,5.55,5.66,6,6.07,5.83,6.21,7.19,7.56,8.56,7.48,7.3,6.37,6.08,7.28,4.07,4.5,5.21,5.45,7.53,7.66,7.49,8.27,8.46,9.69,10.94,9.91,9.12,8.25,8.93,9.22,9.93,9.51,7.23,8.91,10.77,14.71,13.03,16,32.67,33.65,18.8,37.23,-
Piotroski F-Score,7,3,4,6,4,4,6,5,4,5,5,-,-,-,-,4,,4,8,7,7,6,5,3,4,4,4,4,4,6,5,6,6,4,4,4,4,4,4,4,5,5,5,6,5,4,4,5,-,5,-,4,-,5,-,5,4,5,3,5,5,-,-,-,-,-
Beneish M-Score,-2.25,-2.5,-2.12,-2.04,-2.25,-2.41,-2.31,-2.57,-2.31,-0.62,-,-,-,-,-,-1.95,,-1.95,-2.16,-2.25,-2.46,-2.67,-2.52,-2.5,-2.52,-2.28,-2.34,-2.12,-2.04,-2.02,-1.86,-2.04,-2.19,-1.93,-1.96,-2.25,-2.3,-2.42,-2.54,-2.41,-2.3,-2.46,-2.33,-2.31,-2.22,-2.31,-2.45,-2.57,-2.65,-2.56,-2.44,-2.31,-2.02,-2.29,-0.23,-0.62,-0.67,2.46,-0.19,-,-,-,-,-,-,-
Scaled Net Operating Assets,0.914,0.725,0.636,0.707,0.527,0.601,0.588,0.459,0.46,0.424,-0.017,0.117,0.567,0.434,0.435,0.713,,0.713,0.668,0.711,0.613,0.617,0.578,0.633,0.545,0.559,0.593,0.531,0.543,0.567,0.594,0.517,0.517,0.491,0.468,0.474,0.392,0.355,0.358,0.404,0.418,0.408,0.403,0.408,0.398,0.427,0.359,0.341,0.383,0.333,0.339,0.361,0.382,0.194,0.232,-,-,-,-,-0.012,0.257,-,-,0.567,0.434,0.435
Sloan Ratio %,11.08,6.38,16.54,11.13,11.75,15.31,11.38,9.57,12.72,21.48,21.63,10.18,17.45,6.71,9.01,12.98,,12.98,11.85,10.65,10.4,7.23,6.69,6.51,7.27,10.22,12.5,17.33,15.25,15.02,12.96,10.89,10.85,15.02,15.54,12.18,16.29,9.9,12.08,15.59,11.36,8.94,11.37,11.35,15.09,16.66,9.34,9.48,9.47,10.53,13.71,12.54,12.42,10.39,13.22,21.02,-,-,-,-,-,-,-,-,-,-
Current Ratio,1.18,1.06,1.07,1.18,1.47,1.25,1.51,1.61,1.77,1.68,1.95,2.88,3.11,2.93,4.3,1.19,,1.19,1.16,1.18,1.23,1.34,1.11,1.06,1.23,1.2,1.06,1.07,1.04,1.02,1.21,1.18,1.27,1.36,1.4,1.47,1.25,1.19,1.2,1.25,1.4,1.48,1.63,1.51,1.59,1.62,1.53,1.61,1.62,1.65,1.73,1.77,1.7,1.8,1.79,1.68,-,1.56,-,1.95,2.03,2.88,-,3.11,2.93,4.3
Quick Ratio,1.18,1.05,1.07,1.17,1.47,1.25,1.5,1.57,1.74,1.68,1.95,2.88,3.1,2.93,4.3,1.19,,1.19,1.16,1.18,1.23,1.34,1.11,1.05,1.23,1.2,1.06,1.07,1.04,1.01,1.2,1.17,1.27,1.36,1.4,1.47,1.25,1.19,1.2,1.25,1.4,1.47,1.63,1.5,1.59,1.61,1.5,1.57,1.59,1.62,1.7,1.74,1.68,1.79,1.78,1.68,-,1.56,-,1.95,2.03,2.88,-,3.1,2.93,4.3
Interest Coverage,17.19,12.61,15.93,23.02,23.39,24.24,30.41,43.95,46.08,158.54,"76,037.42","3,013.04",22.59,"1,028.97",199.89,19.02,,16.9,27.56,17.11,16.81,16.8,20.01,8.64,13.99,12.95,22.72,10.59,12.76,16.01,35.17,17.91,35.87,22.97,23.32,17.88,21.17,26.55,25.16,40.08,18.92,25.89,19.5,-,22.37,18.97,23.79,13.7,203.32,-,54.49,87.85,40.73,32.36,51.34,150.14,-,-,"5,575.06",-,425.2,-,"2,100.16",-,-,-
Highest Stock Price,79.38,50.57,59.66,54.99,27.86,22,17.22,12.91,7.3,5.81,4.25,-,-,-,-,99.4,,84.33,100.27,79.38,74.59,64,53.79,49.08,47.05,50.78,47.13,41.28,50.04,54.77,61.75,54.99,44.15,37.09,29.64,27.76,28.56,23.1,20.61,20.12,20.44,22.16,18.97,17.01,17.13,15.3,16.27,12.91,10.88,7.92,7.36,7.3,6.78,6.42,5.74,4.83,5.46,5.84,4.53,4.25,4.21,-,-,-,-,-
Lowest Stock Price,42.42,38.99,31.7,24.17,16.99,14.51,12.22,6.18,4.05,3.75,1.33,-,-,-,-,53.47,,73.95,74.37,65.92,66.39,48.06,43.12,40.42,40.22,41.33,38.85,31.7,38.92,48.16,53,44.27,34.21,28.98,24.48,22.94,22.81,19.98,17.18,17.43,16.32,19.18,14.54,13.58,14.82,12.24,12.54,10.22,7.72,6.07,6.23,6.42,5.66,5.42,3.97,3.75,3.94,4.9,3.52,3.77,3.18,-,-,-,-,-
Shares Buyback Ratio %,-0.43,-0.34,-0.22,-0.23,-0.78,-0.35,-0.65,-0.47,-0.73,-0.22,-2.18,-,-0.44,-1.14,0.04,-0.426,,-0.01,-0.01,-0.02,-0.38,-0.02,-0.01,-,-0.33,-0.01,-,0.01,-0.17,-0.02,-0.04,-,-0.2,-0.03,-,-,-0.78,-,-,-,-0.35,-,-,-,-0.65,-,-,-,-0.47,-,-,-0.5,-,-0.23,-,-0.54,-,0.32,-,-0.32,-1.86,-,-,-0.44,-1.14,0.04
Buyback Yield %,-,0.07,0.09,0.06,0.23,0.04,0.03,0.18,-0.03,0.56,0.12,-,-,-,-,-,,-,-,-,-,-,-,-,-,-,-,-,-,-,-,-,-,-,-,-,-,-,-,-,-,-,-,-,-,-,-,-,-,-,-,-,-,-,-,-,-,-,-,-,-,-,-,-,-,-
YoY Rev. per Sh. Growth,36.37,17.99,25.55,63.51,36.73,24.09,27.96,40.9,56.51,52.14,60.96,73.75,101.1,43.39,102.74,33.44,,31.59,33.85,35.06,33.79,25.45,20.43,21.04,16.01,12.83,9.36,22.33,18.16,36.47,61.05,58.16,63.17,52.83,45.42,33.48,43.5,42.17,35.82,37.55,28.8,18.71,20.13,21.47,26.93,34.47,36.38,42.81,38.39,41.63,42,54.32,55.84,59.16,58.7,-,71.06,-,126.5,-,-,-,-,-,-,-
YoY EPS Growth,83.78,15.03,5.09,81.81,32.06,15.19,50.47,24.65,26.77,32.87,58.7,85.66,90.81,54.79,126.2,94.74,,40.68,76.79,204.31,94.66,32.85,0.81,42.37,-16,26.44,9.93,-34.55,23.84,2.75,74.59,106.3,71.02,63.54,48,36.29,35.12,37.14,26.96,15.86,26.19,25.39,5.11,47.22,45.7,55.28,60.38,15.56,23.78,23.05,38.62,37.28,32.86,34.45,7.17,-66.69,36.03,-52.55,147.77,194.59,30.31,448.34,188.53,541.91,100.06,-
YoY EBITDA Growth (%),57.2,18.39,11.02,80.39,38.75,21.85,46.02,32.36,29.6,42.79,64.48,77.99,124.01,44.59,162.47,80.53,,36.85,66.58,153.54,85.37,26.96,4.25,51.57,-10.9,18.81,4.65,-34.87,14.11,6.61,74.45,97.6,72.06,56.47,44.15,33.49,35.82,37.83,29.16,31.69,25.24,21.9,14.15,32.55,51.27,83.07,51.81,40.76,22.07,10.91,42.27,9.81,44.44,49.69,16.87,-,27.99,-,141.01,-,-,-,-,-,-,-
5-Year EBITDA Growth Rate (Per Share),29,33.15,38.94,37.24,34.1,53.22,-,-,-,-,-,-,-,-,-,36.7,,29.42,29.29,29,28.92,29.97,31.62,33.15,34.3,35.83,37.28,38.94,40.17,39.9,38.79,37.24,35.66,34.69,34.32,34.1,35.9,39.83,43.45,53.22,61.84,73.74,83.94,-,-,-,-,-,-,-,-,-,-,-,-,-,-,-,-,-,-,-,-,-,-,-
Shares Outstanding (Basic Average),"9,490","9,468","9,444","9,411","9,376","9,300","9,231","9,158","9,140","9,094.83","9,094.83","9,008.23","8,968.885","8,899.53","8,821.685","9,523",,"9,523","9,514","9,505","9,496","9,482","9,476","9,477","9,475","9,464","9,457","9,456","9,452","9,438","9,429","9,426","9,418","9,403","9,398","9,400","9,384","9,369","9,357","9,315","9,307","9,292","9,287","9,276","9,243","9,237","9,225","9,113","9,186","9,159","9,175","9,168.485","9,146.72","9,130.355","9,115.01","9,024.75","9,125.95","9,115.255","9,113.63","9,094.83","9,088.385","9,008.23","9,004.795","8,968.885","8,899.53","8,821.685"
Shares Outstanding (EOP),"9,593.913","9,552.615","9,520.307","9,499.057","9,477.083","9,403.924","9,370.679","9,310.555","9,266.666","9,199.07","9,178.651","8,982.565","8,982.565","8,942.873","8,842.259","9,596.57",,"9,595.9","9,595.09","9,593.913","9,591.667","9,555.165","9,553.201","9,552.615","9,552.853","9,520.971","9,520.426","9,520.307","9,521.065","9,504.728","9,503.193","9,499.057","9,498.629","9,479.803","9,477.083","9,477.083","9,477.083","9,403.924","9,403.924","9,403.924","9,403.924","9,370.679","9,370.679","9,370.679","9,370.679","9,310.555","9,310.555","9,310.555","9,310.555","9,266.666","9,266.666","9,266.666","9,220.45","9,220.45","9,199.07","9,199.07","9,149.458","9,149.458","9,178.651","9,178.651","9,149.458","8,982.565","8,982.565","8,982.565","8,942.873","8,842.259"
Beta,0.59,1.43,1.16,0.78,0.82,0.9,1.56,1.71,-,-,-,-,-,-,-,0.4,,0.38,0.41,0.59,0.81,0.86,0.95,1.43,1.35,1.26,1.12,1.16,1.15,1.38,1.34,0.78,0.77,0.73,0.78,0.82,0.91,1.05,1.1,0.9,0.83,0.68,0.91,1.56,1.42,1.6,1.62,1.71,1.58,1.68,1.62,-,-,-,-,-,-,-,-,-,-,-,-,-,-,-
Restated Filing Date,04/08/21,04/08/21,04/02/20,04/01/19,04/10/18,04/10/17,03/30/16,03/30/15,03/31/14,03/28/13,03/25/12,03/28/11,03/29/10,03/28/09,12/31/07,08/31/21,,08/31/21,05/20/21,04/08/21,11/12/20,08/31/21,05/20/21,04/08/21,11/12/20,08/26/20,05/13/20,04/02/20,11/13/19,08/26/19,05/15/19,04/01/19,11/14/18,09/20/18,05/16/18,04/10/18,11/15/17,08/28/17,05/17/17,04/10/17,11/16/16,08/17/16,05/18/16,03/30/16,11/10/15,08/12/15,05/13/15,03/30/15,11/12/14,08/13/14,05/14/14,03/31/14,11/13/13,08/14/13,05/15/13,03/28/13,11/14/12,08/23/12,05/16/12,03/25/12,08/24/11,03/28/11,08/20/10,03/29/10,03/28/09,12/31/07
Filing Date,03/24/21,04/02/20,04/01/19,04/10/18,04/10/17,03/30/16,03/30/15,03/31/14,03/28/13,03/25/12,03/28/11,03/29/10,03/28/09,03/28/09,12/31/07,08/31/21,,08/31/21,05/20/21,03/24/21,11/12/20,08/26/20,05/13/20,04/02/20,11/13/19,08/26/19,05/15/19,04/01/19,11/14/18,09/20/18,05/16/18,04/10/18,11/15/17,08/28/17,05/17/17,04/10/17,11/16/16,08/17/16,05/18/16,03/30/16,11/10/15,08/12/15,05/13/15,03/30/15,11/12/14,08/13/14,05/14/14,03/31/14,11/13/13,08/14/13,05/15/13,03/28/13,11/14/12,08/23/12,05/16/12,03/25/12,11/14/12,08/24/11,05/16/12,03/28/11,08/20/10,03/29/10,08/20/10,03/28/09,03/28/09,12/31/07
Earnings Release Date,03/24/21,03/18/20,03/21/19,03/21/18,02/22/17,03/17/16,03/18/15,03/19/14,03/20/13,03/14/12,-,-,-,-,-,08/18/21,,08/18/21,05/20/21,03/24/21,11/12/20,08/13/20,05/14/20,03/18/20,11/13/19,08/14/19,05/15/19,03/21/19,11/14/18,08/15/18,05/16/18,03/21/18,11/15/17,08/16/17,05/17/17,02/22/17,11/16/16,08/17/16,05/18/16,03/17/16,-,08/12/15,05/13/15,03/18/15,11/12/14,08/13/14,04/14/14,03/19/14,11/13/13,08/14/13,05/15/13,03/20/13,11/14/12,08/15/12,05/16/12,03/14/12,11/09/11,08/10/11,05/11/11,-,-,-,-,-,-,-
Number of Shareholders,-,-,-,-,-,-,-,-,-,-,-,-,-,-,-,-,,-,-,-,-,-,-,-,-,-,-,-,-,-,-,-,-,-,-,-,-,-,-,-,-,-,-,-,-,-,-,-,-,-,-,-,-,-,-,-,-,-,-,-,-,-,-,-,-,-
Number of Employees,"85,858","62,885","54,309","44,796","38,775","30,641","27,690","27,492","24,160","17,446","10,692","7,515","6,194","4,344","3,017","94,182",,"94,182","89,228","85,858","77,592","70,756","64,238","62,885","60,860","56,310","54,623","54,309","52,612","48,684","46,049","44,796","43,472","40,678","39,258","38,775","38,072","31,557","31,047","30,641","30,164","28,072","27,948","27,690","26,284","24,993","26,941","27,492","26,962","25,517","24,649","24,160","23,542",-,-,"17,446",-,"12,904",-,"10,692","8,687","7,515",-,"6,194","4,344","3,017"
,,,,,,,,,,,,,,,,,,,,,,,,,,,,,,,,,,,,,,,,,,,,,,,,,,,,,,,,,,,,,,,,,,
Forex Rate,6.539,7.014,6.884,6.593,6.92,6.449,6.189,6.074,6.233,6.348,6.65,6.828,6.854,7.368,7.822,-,,6.425,6.511,6.539,6.811,7.082,7.021,7.014,7.114,6.898,6.712,6.884,6.855,6.465,6.317,6.593,6.569,6.807,6.894,6.92,6.67,6.589,6.503,6.449,6.368,6.205,6.239,6.189,6.138,6.231,6.173,6.074,6.12,6.134,6.215,6.233,6.32,6.363,6.313,6.348,6.389,6.475,6.565,6.65,6.818,6.828,6.833,6.854,7.368,7.822
,,,,,,,,,,,,,,,,,,,,,,,,,,,,,,,,,,,,,,,,,,,,,,,,,,,,,,,,,,,,,,,,,,
