0,1,2,3,4,5,6,7,8,9,10,11,12,13,14,15,16,17,18,19,20,21,22,23,24,25,26,27,28,29,30,31,32,33,34,35,36,37,38,39,40,41,42,43,44,45,46,47,48,49,50,51,52,53,54,55,56,57,58,59,60,61,62,63,64,65,66,67,68
"Downloaded from http://www.GuruFocus.com on Wed Sep 22 2021 15:52:30 GMT+0300 (>A:20, AB0=40@B=>5 2@5<O)",,,,,,,,,,,,,,,,,,,,,,,,,,,,,,,,,,,,,,,,,,,,,,,,,,,,,,,,,,,,,,,,,,,,
GuruFocus_NAS:TSLA_Financial_2021-9-22 at 15:52.csv,,,,,,,,,,,,,,,,,,,,,,,,,,,,,,,,,,,,,,,,,,,,,,,,,,,,,,,,,,,,,,,,,,,,
,,,,,,,,,,,,,,,,,,,,,,,,,,,,,,,,,,,,,,,,,,,,,,,,,,,,,,,,,,,,,,,,,,,,
NAS:TSLA,"Tesla Inc, USA, Consumer Cyclical, Vehicles & Parts, Auto Manufacturers",,,,,,,,,,,,,,,,,,,,,,,,,,,,,,,,,,,,,,,,,,,,,,,,,,,,,,,,,,,,,,,,,,,
Key Statistics: ,,,,,,,,,,,,,,,,,,,,,,,,,,,,,,,,,,,,,,,,,,,,,,,,,,,,,,,,,,,,,,,,,,,,
Price,739.38,,,,,,,,,,,,,,,,,,,,,,,,,,,,,,,,,,,,,,,,,,,,,,,,,,,,,,,,,,,,,,,,,,,
Market Cap (Million),740686.731,,,,,,,,,,,,,,,,,,,,,,,,,,,,,,,,,,,,,,,,,,,,,,,,,,,,,,,,,,,,,,,,,,,
Shares Outstanding (Million),1001.77,,,,,,,,,,,,,,,,,,,,,,,,,,,,,,,,,,,,,,,,,,,,,,,,,,,,,,,,,,,,,,,,,,,
PE Ratio,385.09,,,,,,,,,,,,,,,,,,,,,,,,,,,,,,,,,,,,,,,,,,,,,,,,,,,,,,,,,,,,,,,,,,,
PB Ratio,29.33,,,,,,,,,,,,,,,,,,,,,,,,,,,,,,,,,,,,,,,,,,,,,,,,,,,,,,,,,,,,,,,,,,,
PS Ratio,19.93,,,,,,,,,,,,,,,,,,,,,,,,,,,,,,,,,,,,,,,,,,,,,,,,,,,,,,,,,,,,,,,,,,,
,,,,,,,,,,,,,,,,,,,,,,,,,,,,,,,,,,,,,,,,,,,,,,,,,,,,,,,,,,,,,,,,,,,,
Growth Rate: ,,,,,,,,,,,,,,,,,,,,,,,,,,,,,,,,,,,,,,,,,,,,,,,,,,,,,,,,,,,,,,,,,,,,
Annual Rates (per share),10 Years,5 Years,12 Months,,,,,,,,,,,,,,,,,,,,,,,,,,,,,,,,,,,,,,,,,,,,,,,,,,,,,,,,,,,,,,,,,
Revenue Growth (%),59.8,38.4,38.1,,,,,,,,,,,,,,,,,,,,,,,,,,,,,,,,,,,,,,,,,,,,,,,,,,,,,,,,,,,,,,,,,
EBITDA  Growth (%),0,0,42.6,,,,,,,,,,,,,,,,,,,,,,,,,,,,,,,,,,,,,,,,,,,,,,,,,,,,,,,,,,,,,,,,,
Free Cash Flow Growth (%),0,153.1,0,,,,,,,,,,,,,,,,,,,,,,,,,,,,,,,,,,,,,,,,,,,,,,,,,,,,,,,,,,,,,,,,,
Book Value Growth (%),51.2,49.1,138.3,,,,,,,,,,,,,,,,,,,,,,,,,,,,,,,,,,,,,,,,,,,,,,,,,,,,,,,,,,,,,,,,,
,,,,,,,,,,,,,,,,,,,,,,,,,,,,,,,,,,,,,,,,,,,,,,,,,,,,,,,,,,,,,,,,,,,,
30 Year Financials of NAS:TSLA - Tesla Inc,,,,,,,,,,,,,,,,,,,,,,,,,,,,,,,,,,,,,,,,,,,,,,,,,,,,,,,,,,,,,,,,,,,,
,,,,,,,,,,,,,,,,,,,,,,,,,,,,,,,,,,,,,,,,,,,,,,,,,,,,,,,,,,,,,,,,,,,,
"All Numbers are in Millions except per share data, ratios, and percentage data; All shares outstanding data and per share data are split adjusted",,,,,,,,,,,,,,,,,,,,,,,,,,,,,,,,,,,,,,,,,,,,,,,,,,,,,,,,,,,,,,,,,,,,
,,,,,,,,,,,,,,,,,,,,,,,,,,,,,,,,,,,,,,,,,,,,,,,,,,,,,,,,,,,,,,,,,,,,
Annual Data:,,,,,,,,,,,,,,,,,Quarterly Data:,,,,,,,,,,,,,,,,,,,,,,,,,,,,,,,,,,,,,,,,,,,,,,,,,,,
Fiscal Period:,2020-12,2019-12,2018-12,2017-12,2016-12,2015-12,2014-12,2013-12,2012-12,2011-12,2010-12,2009-12,2008-12,2007-12,TTM/current,,2021-06,2021-03,2020-12,2020-09,2020-06,2020-03,2019-12,2019-09,2019-06,2019-03,2018-12,2018-09,2018-06,2018-03,2017-12,2017-09,2017-06,2017-03,2016-12,2016-09,2016-06,2016-03,2015-12,2015-09,2015-06,2015-03,2014-12,2014-09,2014-06,2014-03,2013-12,2013-09,2013-06,2013-03,2012-12,2012-09,2012-06,2012-03,2011-12,2011-09,2011-06,2011-03,2010-12,2010-09,2010-06,2010-03,2009-12,2009-09,2009-06,2009-03,2008-12,2007-12
Per Share Data:,,,,,,,,,,,,,,,,,,,,,,,,,,,,,,,,,,,,,,,,,,,,,,,,,,,,,,,,,,,,,,,,,,,,
Revenue per Share,29.119,27.709,25.159,14.167,9.708,6.312,5.136,3.372,0.77,0.407,0.46,0.287,0.038,-,37.1,,10.686,9.169,9.302,7.938,5.826,6.021,8.186,6.836,7.175,5.25,8.383,7.667,4.709,4.031,3.885,3.568,3.377,3.326,2.946,2.929,1.815,1.729,1.852,1.452,1.508,1.493,1.524,1.364,1.238,1.005,1.002,0.708,0.686,0.904,0.538,0.095,0.051,0.058,0.075,0.111,0.119,0.103,0.076,0.068,0.743,0.045,0.048,0.117,0.069,0.054,0.036,-
EBITDA per Share,3.9,2.451,1.828,-0.123,0.554,-0.521,0.077,0.113,-0.684,-0.472,-0.562,-0.119,-0.192,-0.193,5.19,,1.831,1.106,1.076,1.178,0.856,0.797,1.021,0.966,0.431,-0.022,1.049,1.066,-0.094,-0.252,-0.194,-0.184,0.135,0.128,0.237,0.455,-0.086,-0.123,-0.203,-0.137,-0.103,-0.075,-0.012,0.037,0.041,0.012,0.047,-0.005,0.02,0.047,-0.136,-0.195,-0.192,-0.163,-0.147,-0.117,-0.111,-0.095,-0.102,-0.068,-0.931,-0.058,-0.057,-0.007,-0.021,-0.034,-0.059,-
EBIT per Share,1.756,0.023,-0.401,-2.094,-0.759,-1.181,-0.295,-0.064,-0.737,-0.506,-0.604,-0.136,-0.202,-0.2,2.97,,1.223,0.558,0.541,0.65,0.309,0.24,0.381,0.392,-0.224,-0.563,0.472,0.501,-0.665,-0.744,-0.749,-0.663,-0.336,-0.336,-0.185,0.098,-0.347,-0.358,-0.422,-0.308,-0.247,-0.198,-0.12,-0.067,-0.048,-0.06,-0.014,-0.051,-0.017,0.019,-0.158,-0.21,-0.2,-0.171,-0.156,-0.125,-0.12,-0.103,-0.108,-0.075,-0.995,-0.063,-0.062,-0.012,-0.025,-0.037,-0.063,-
Earnings per Share (Diluted),0.64,-0.98,-1.14,-2.366,-0.936,-1.386,-0.472,-0.124,-0.738,-0.506,-0.608,-0.143,-0.212,-0.2,1.92,,1.02,0.39,0.24,0.27,0.1,0.02,0.112,0.16,-0.462,-0.82,0.156,0.35,-0.844,-0.838,-0.802,-0.74,-0.408,-0.408,-0.156,0.028,-0.418,-0.426,-0.488,-0.356,-0.29,-0.244,-0.172,-0.12,-0.1,-0.08,-0.026,-0.064,-0.052,0.018,-0.158,-0.21,-0.2,-0.172,-0.156,-0.126,-0.12,-0.102,-0.108,-0.076,-1.008,-0.063,-0.062,-0.012,-0.028,-0.041,-0.065,-
EPS without NRI,0.64,-0.98,-1.14,-2.366,-0.936,-1.386,-0.472,-0.124,-0.738,-0.506,-0.608,-0.14,-0.212,-0.2,1.92,,1.02,0.39,0.24,0.27,0.1,0.02,0.112,0.16,-0.462,-0.82,0.156,0.35,-0.844,-0.838,-0.802,-0.74,-0.408,-0.408,-0.156,0.028,-0.418,-0.426,-0.488,-0.356,-0.29,-0.244,-0.172,-0.12,-0.1,-0.08,-0.026,-0.064,-0.052,0.018,-0.158,-0.21,-0.2,-0.172,-0.156,-0.126,-0.12,-0.102,-0.108,-0.076,-1.008,-0.063,-0.062,-0.012,-0.028,-0.041,-0.065,-
Owner Earnings per Share (TTM),0.851,-0.987,-0.813,-2.516,-1.509,-2.268,-0.978,0.048,-,-,-,-,-,-,3.03,,3.026,2.1,0.851,0.011,-0.898,-0.875,-0.987,-1.005,-0.232,-1.185,-0.813,-1.341,-3.209,-3.109,-2.516,-3.226,-2.176,-1.399,-1.509,-1.139,-2.052,-2.553,-2.268,-2.252,-1.844,-1.494,-0.978,-0.458,-0.1,-0.073,0.048,-0.202,-0.521,-,-,-,-,-,-,-,-,-,-,-,-,-,-,-,-,-,-,-
Free Cash Flow per Share,2.494,1.091,-0.259,-4.99,-2.169,-3.369,-1.65,0.001,-0.937,-0.622,-0.92,-0.238,-0.162,-0.162,2.314,,0.544,-1.076,1.602,1.243,0.384,-0.927,1.082,0.375,0.668,-1.092,1.022,0.935,-0.949,-1.333,-0.468,-1.847,-1.644,-1.039,-1.456,0.224,-0.206,-0.703,-0.673,-0.924,-0.891,-0.886,-0.725,-0.5,-0.285,-0.134,0.073,0.042,-0.128,0.01,-0.174,-0.31,-0.232,-0.225,-0.156,-0.174,-0.157,-0.134,-0.246,-0.116,-0.787,-0.07,-0.09,-0.066,-0.038,-0.044,-,-
Operating Cash Flow per Share,5.488,2.711,2.46,-0.073,-0.172,-0.818,-0.092,0.443,-0.492,-0.255,-0.504,-0.207,-0.134,-0.137,8.13,,1.898,1.448,2.614,2.172,0.931,-0.443,1.58,0.82,0.976,-0.74,1.433,1.563,-0.153,-0.471,0.602,-0.359,-0.242,-0.086,-0.578,0.54,0.215,-0.376,-0.046,-0.315,-0.252,-0.209,-0.138,-0.045,-0.003,0.095,0.218,0.167,-0.06,0.103,-0.062,-0.191,-0.122,-0.121,-0.078,-0.041,-0.046,-0.091,-0.072,-0.1,-0.53,-0.059,-0.074,-0.06,-0.031,-0.041,-,-
Cash per Share,20.192,6.924,4.271,3.99,4.201,1.821,3.032,1.374,0.354,0.536,0.21,0.15,0.024,0.044,16.493,,16.493,17.8,20.192,15.33,9.248,8.735,6.924,5.931,5.532,2.531,4.271,3.459,2.623,3.141,3.99,4.202,3.639,4.881,4.201,4.117,4.386,2.154,1.821,2.179,1.811,2.39,3.032,3.782,4.294,4.165,1.374,1.297,1.229,0.372,0.354,0.162,0.4,0.463,0.536,0.534,0.614,0.211,0.21,0.207,0.102,0.132,0.15,0.273,-,-,0.024,0.044
Dividends per Share,-,-,-,-,-,-,-,-,-,-,-,-,-,-,-,,-,-,-,-,-,-,-,-,-,-,-,-,-,-,-,-,-,-,-,-,-,-,-,-,-,-,-,-,-,-,-,-,-,-,-,-,-,-,-,-,-,-,-,-,-,-,-,-,-,-,-,-
Book Value per Share,23.151,7.31,5.704,5.021,5.884,1.649,1.451,1.084,0.218,0.429,0.436,-0.545,-0.512,-0.302,25.207,,25.207,23.901,23.151,16.913,10.579,9.917,7.31,6.711,6.382,5.303,5.704,5.256,4.582,5.244,5.021,5.608,6.12,6.077,5.884,3.578,3.405,1.45,1.649,2.009,1.127,1.307,1.451,1.528,1.529,1.471,1.084,0.921,1.037,0.293,0.218,-0.053,0.118,0.293,0.429,0.565,0.67,0.351,0.436,0.472,-0.665,0.095,-0.545,-0.592,-,-,-0.512,-0.302
Tangible Book per Share,22.609,6.717,5.299,4.521,5.418,1.63,1.451,1.084,0.193,0.401,0.436,-0.545,-0.512,-0.302,24.713,,24.713,23.377,22.609,16.363,10.033,9.359,6.717,6.114,5.845,4.903,5.299,4.84,4.154,4.763,4.521,5.111,5.611,5.553,5.418,3.578,3.405,1.45,1.63,2.009,1.127,1.307,1.451,1.507,1.507,1.449,1.084,0.898,1.014,0.268,0.193,-0.053,0.118,0.293,0.401,0.565,0.67,0.351,0.436,0.472,-0.665,0.095,-0.545,-0.592,-,-,-0.512,-0.302
Total Debt per Share,13.832,16.13,16.023,14.373,10.631,4.41,3.959,0.986,0.817,0.536,0.153,0.002,0.143,-,11.314,,11.314,12.992,13.832,15.997,16.613,16.432,16.13,16.014,15.745,14.44,16.023,15.684,15.624,14.708,14.373,13.93,11.441,11.765,10.631,3.625,4.437,4.725,4.41,4.094,4.23,4.091,3.959,3.971,3.965,3.548,0.986,1.105,0.978,0.791,0.817,0.897,0.834,0.696,0.536,0.434,0.259,0.216,0.153,0.123,0.1,0.066,0.002,0.002,-,-,0.143,-
Month End Stock Price,705.67,83.67,66.56,62.27,42.74,48,44.48,30.09,6.77,5.71,5.33,-,-,-,739.38,,679.7,667.93,705.67,429.01,215.962,104.8,83.67,48.17,44.69,55.97,66.56,52.95,68.59,53.23,62.27,68.22,72.32,55.66,42.74,40.81,42.46,45.95,48,49.68,53.65,37.75,44.48,48.54,48.01,41.69,30.09,38.67,21.47,7.58,6.77,5.86,6.26,7.45,5.71,4.88,5.83,5.55,5.33,4.08,4.77,-,-,-,-,-,-,-
,,,,,,,,,,,,,,,,,,,,,,,,,,,,,,,,,,,,,,,,,,,,,,,,,,,,,,,,,,,,,,,,,,,,
Ratios:,,,,,,,,,,,,,,,,,,,,,,,,,,,,,,,,,,,,,,,,,,,,,,,,,,,,,,,,,,,,,,,,,,,,
ROE %,4.785,-15.077,-21.309,-43.648,-23.127,-89.071,-37.248,-18.695,-227.222,-118.031,-,-,-,-,10.73,,19.105,7.745,4.998,10.229,4.373,0.811,6.131,9.732,-31.625,-58.938,11.875,29.565,-68.688,-65.337,-60.429,-50.473,-26.663,-27.126,-13.059,3.365,-67.194,-109.935,-106.872,-90.558,-95.582,-70.981,-46.049,-31.284,-26.561,-25.228,-10.567,-25.802,-30.578,30.682,-743.04,"-2,581.34",-390.961,-190.248,-125.812,-81.022,-91.289,-104.467,-96.228,-,-,-,-,-,-,-,-,-
ROE % Adjusted to Book Value,0.16,-1.32,-1.83,-3.52,-3.18,-3.06,-1.21,-0.67,-7.33,-8.86,-,-,-,-,0.38,,0.71,0.28,0.16,0.4,0.21,0.08,0.54,1.36,-4.52,-5.58,1.02,2.93,-4.59,-6.44,-4.87,-4.15,-2.26,-2.96,-1.8,0.3,-5.39,-3.47,-3.67,-3.66,-2.01,-2.46,-1.5,-0.99,-0.85,-0.89,-0.38,-0.61,-1.48,1.19,-23.97,-,-7.38,-7.47,-9.45,-9.37,-10.49,-6.61,-7.88,-,-,-,-,-,-,-,-,-
ROA %,1.596,-2.715,-3.341,-7.646,-4.392,-12.786,-7.13,-4.192,-43.356,-46.276,-59.757,-61.211,-191.322,-224.349,4.4,,8.45,3.333,1.954,3.159,1.104,0.179,1.156,1.769,-5.368,-9.575,1.898,4.352,-10.401,-10.148,-9.525,-9.15,-5.265,-5.537,-2.753,0.716,-11.135,-13.083,-16.414,-13.12,-11.706,-10.321,-7.641,-5.696,-5.181,-5.759,-2.837,-7.595,-8.049,3.985,-37.404,-55.889,-54.931,-48.758,-46.114,-38.666,-44.73,-49.348,-54.95,-54.842,-105.059,-85.64,-67.729,-11.838,-,-123.917,-235.72,-
Return-on-Tangible-Equity,4.967,-16.33,-23.268,-47.897,-24.778,-89.646,-37.246,-19.036,-247.656,-122.141,-,-,-,-,11.51,,19.509,7.925,5.138,10.653,4.621,0.869,6.699,10.654,-34.384,-63.596,12.837,32.337,-75.681,-72.231,-66.682,-55.208,-29.126,-29.57,-13.753,3.365,-67.192,-110.625,-107.446,-90.558,-95.581,-70.981,-46.382,-31.732,-26.954,-25.447,-10.687,-26.417,-31.697,33.973,-871.444,"-2,581.338",-390.961,-197.843,-129.436,-81.022,-91.287,-104.467,-96.226,-,-,-,-,-,-,-,-,-
Return-on-Tangible-Asset,1.616,-2.753,-3.386,-7.767,-4.447,-12.798,-7.13,-4.209,-44.05,-46.895,-59.757,-61.211,-191.322,-224.349,4.45,,8.528,3.366,1.975,3.198,1.119,0.182,1.175,1.797,-5.444,-9.69,1.921,4.407,-10.55,-10.301,-9.668,-9.293,-5.356,-5.632,-2.781,0.716,-11.135,-13.093,-16.426,-13.12,-11.706,-10.321,-7.65,-5.711,-5.196,-5.769,-2.846,-7.649,-8.123,4.036,-37.685,-55.889,-54.931,-49.244,-46.592,-38.666,-44.73,-49.348,-54.95,-54.842,-105.059,-85.64,-67.729,-11.838,-,-123.917,-235.72,-
ROC (Joel Greenblatt) %,8.73,0.1,-1.7,-9.78,-5.41,-19.43,-9.89,-4.57,-90.74,-104.95,-155.36,-251.29,-512.73,-650.5,13.84,,20.07,10.2,11.02,13.4,6.19,4.7,6.87,7.32,-4.07,-9.99,8.26,9.07,-11.67,-12.69,-12.67,-11.75,-6.38,-6.9,-5.14,4.45,-15.73,-17.24,-22.92,-19.32,-18.16,-17.38,-13.03,-9.34,-8.23,-12.26,-3.4,-15.14,-6.12,7.99,-67.94,-94.98,-104.13,-104.61,-114.16,-113.03,-128.36,-114.9,-140.77,-182.36,-507.07,-463.02,-446.21,-98.93,-,-310.88,-633.3,-
ROCE %,-,-,-,-,-,-,-,-,-,-,-,-,-,-,-,,-,-,-,-,-,-,-,-,-,-,-,-,-,-,-,-,-,-,-,-,-,-,-,-,-,-,-,-,-,-,-,-,-,-,-,-,-,-,-,-,-,-,-,-,-,-,-,-,-,-,-,-
ROIC %,5.19,0.35,-1.02,-7.33,-5.31,-13.89,-7.52,-5.77,-64.18,-73.37,-97.01,-72.72,-118.35,-160.27,8.46,,14.12,5.35,5.92,7.28,3.92,4,4,3.45,-0.83,-7.69,5.83,6.51,-8.35,-9.45,-9.56,-9.31,-4.65,-5.5,-7.88,2.78,-11.72,-13.94,-16.71,-13.45,-14.72,-10.43,-9.14,-5.82,-4.84,-9.74,-3.69,-9.35,-5.49,-2.77,-47.9,-63.15,-71.21,-71.61,-80.45,-79.04,-88.3,-78.3,-87.01,-92.66,-144.42,-151.71,-158.97,-28.98,-,-80.13,-140.01,-
WACC %,13.95,4.92,6.24,6.16,9.18,5.6,10.7,10.16,7.21,7.59,9.24,-,-,-,13.65,,13.36,13.7,13.95,11.88,8.15,5.05,4.92,3.98,4.42,1.68,6.24,7.6,8.22,8.09,6.16,6.68,8.8,8.95,9.18,6.78,6.15,8.14,5.6,10.09,9.14,10.97,10.7,10.71,10.42,10.51,10.16,7.71,5.76,7.28,7.21,7.06,7.22,7.91,7.59,7.67,9.02,9.36,9.24,8.48,8.94,-,-,-,-,-,-,-
Effective Interest Rate on Debt %,5.37,4.82,5.11,4.55,3.46,4.41,6.52,6.14,0.07,0.02,2.69,8.9,13.42,-,4.31,,2.54,3.07,6.92,4.26,4.43,4.54,4.69,5.19,5.16,4.79,5.13,5.23,5.07,4.86,4.9,4.41,4.52,4.36,4.61,6.23,5.75,5.36,5.54,4.37,3.69,4.19,4.61,4.69,5.35,3.39,3.88,4.09,15.34,0.1,0.02,0.07,0.08,0.08,0.07,-,-,-,-,2.3,4.8,5.75,9.78,7.55,-,10.06,15.74,-
,,,,,,,,,,,,,,,,,,,,,,,,,,,,,,,,,,,,,,,,,,,,,,,,,,,,,,,,,,,,,,,,,,,,
Gross Margin %,21.02,16.56,18.83,18.9,22.85,22.82,27.57,22.66,7.28,30.16,26.32,8.52,-7.74,87.67,22.04,,24.12,21.32,19.23,23.52,20.99,20.62,18.84,18.9,14.5,12.46,19.97,22.33,15.46,13.39,13.36,15.05,23.9,24.77,19.05,27.7,21.64,22.01,18,24.71,22.34,27.67,27.36,29.57,27.69,25,25.45,23.85,24.8,17.15,7.79,-17.49,17.87,33.84,19.9,29.87,31.82,36.77,31.2,29.76,22.04,18.51,9.58,16.91,7.8,-9.8,-12.02,-
Operating Margin %,6.323,0.326,-1.177,-13.877,-9.533,-17.71,-5.837,-3.042,-95.407,-123.132,-125.776,-46.36,-532.519,"-109,497.26",7.67,,11.164,4.745,5.352,9.224,5.418,4.729,4.699,4.141,-0.787,-10.526,5.799,6.492,-12.94,-17.513,-18.186,-17.941,-8.636,-9.552,-11.672,3.725,-18.743,-21.64,-21.436,-19.604,-17.821,-10.898,-7.821,-4.592,-3.737,-7.085,-2.17,-7.083,-2.909,-0.994,-29.668,-216.468,-398.36,-294.237,-205.527,-111.811,-100.976,-96.565,-142.326,-121.102,-110.41,-124.918,-123.352,-9.425,-30.013,-79.45,-163.988,-
Net Margin %,2.188,-3.538,-4.546,-16.685,-9.641,-21.962,-9.192,-3.674,-95.874,-124.562,-132.192,-49.793,-561.537,"-107,064.382",5.14,,9.55,4.216,2.225,3.774,1.723,0.267,1.314,2.269,-6.425,-15.459,1.937,4.557,-17.927,-20.814,-20.555,-20.75,-12.059,-12.249,-5.311,0.952,-23.085,-24.608,-26.382,-24.535,-19.291,-16.404,-11.249,-8.769,-8.044,-8.025,-2.642,-8.923,-7.527,2.002,-29.357,-221.148,-396.214,-297.918,-206.956,-112.853,-101.258,-99.817,-141.535,-111.824,-135.599,-141.836,-130.437,-10.135,-40.33,-76.681,-180.045,-
FCF Margin %,8.565,3.939,-1.028,-35.224,-22.345,-53.368,-32.117,0.029,-121.725,-152.887,-199.779,-82.818,-427.635,"-86,672.601",6.24,,5.093,-11.732,17.219,15.665,6.594,-15.387,13.218,5.489,9.307,-20.81,12.192,12.191,-20.159,-33.062,-12.049,-51.774,-48.683,-31.241,-49.437,7.659,-11.367,-40.665,-36.319,-63.594,-59.13,-59.352,-47.566,-36.648,-23.05,-13.316,7.242,5.909,-18.711,1.131,-32.407,-326.168,-458.736,-391.401,-206.603,-156.652,-132.028,-130.069,-321.45,-171.968,-105.832,-157.606,-189.432,-56.547,-54.528,-81.705,-,-
,,,,,,,,,,,,,,,,,,,,,,,,,,,,,,,,,,,,,,,,,,,,,,,,,,,,,,,,,,,,,,,,,,,,
Debt-to-Equity,0.597,2.207,2.809,2.863,1.807,2.674,2.729,0.91,3.742,1.25,0.351,-0.004,-0.279,-0.001,0.449,,0.449,0.544,0.597,0.946,1.57,1.657,2.207,2.386,2.467,2.723,2.809,2.984,3.41,2.805,2.863,2.484,1.87,1.936,1.807,1.013,1.303,3.259,2.674,2.038,3.754,3.129,2.729,2.598,2.593,2.413,0.91,1.2,0.943,2.702,3.742,-17.023,7.056,2.378,1.25,0.769,0.387,0.615,0.351,0.261,-0.15,0.7,-0.004,-0.004,-,-,-0.279,-0.001
Equity-to-Asset,0.426,0.193,0.166,0.148,0.21,0.134,0.156,0.276,0.112,0.314,0.536,-1.944,-3.863,-3.383,0.45,,0.45,0.435,0.426,0.351,0.258,0.246,0.193,0.184,0.179,0.159,0.166,0.154,0.14,0.163,0.148,0.168,0.196,0.199,0.21,0.213,0.212,0.106,0.134,0.174,0.111,0.135,0.156,0.176,0.188,0.203,0.276,0.26,0.333,0.147,0.112,-0.034,0.08,0.202,0.314,0.42,0.539,0.412,0.536,0.608,-2.093,0.304,-1.944,-1.479,-,-,-3.863,-3.383
Debt-to-Asset,0.255,0.426,0.465,0.423,0.379,0.359,0.427,0.251,0.419,0.393,0.188,0.008,1.078,0.003,0.202,,0.202,0.236,0.255,0.332,0.406,0.408,0.426,0.439,0.442,0.434,0.465,0.46,0.477,0.458,0.423,0.416,0.367,0.385,0.379,0.216,0.277,0.344,0.359,0.355,0.416,0.422,0.427,0.458,0.489,0.489,0.251,0.312,0.314,0.398,0.419,0.586,0.565,0.481,0.393,0.323,0.209,0.253,0.188,0.159,0.313,0.213,0.008,0.006,-,-,1.078,-
Gross-Profit-to-Asset %,15.337,12.706,13.844,8.663,10.408,13.289,21.38,25.842,3.29,11.204,11.9,10.471,-2.637,0.184,18.9,,21.34,16.857,16.893,19.688,13.446,13.796,16.583,14.734,12.121,7.72,19.565,21.325,8.973,6.53,6.191,6.635,10.437,11.198,9.877,20.824,10.438,11.702,11.197,13.214,13.56,17.41,18.58,19.203,17.833,17.941,27.333,20.299,26.516,34.126,9.923,-4.419,2.477,5.539,4.434,10.234,14.055,18.179,12.113,14.594,17.078,11.176,4.976,19.752,-,-15.83,-15.734,-
,,,,,,,,,,,,,,,,,,,,,,,,,,,,,,,,,,,,,,,,,,,,,,,,,,,,,,,,,,,,,,,,,,,,
Asset Turnover,0.73,0.767,0.735,0.458,0.456,0.582,0.776,1.14,0.452,0.372,0.452,1.229,0.341,0.002,0.86,,0.221,0.198,0.22,0.209,0.16,0.167,0.22,0.195,0.209,0.155,0.245,0.239,0.145,0.122,0.116,0.11,0.109,0.113,0.13,0.188,0.121,0.133,0.156,0.134,0.152,0.157,0.17,0.162,0.161,0.179,0.268,0.213,0.267,0.498,0.319,0.063,0.035,0.041,0.056,0.086,0.11,0.124,0.097,0.123,0.194,0.151,0.13,0.292,-,0.404,0.327,-
Dividend Payout Ratio,-,-,-,-,-,-,-,-,-,-,-,-,-,-,-,,-,-,-,-,-,-,-,-,-,-,-,-,-,-,-,-,-,-,-,-,-,-,-,-,-,-,-,-,-,-,-,-,-,-,-,-,-,-,-,-,-,-,-,-,-,-,-,-,-,-,-,-
,,,,,,,,,,,,,,,,,,,,,,,,,,,,,,,,,,,,,,,,,,,,,,,,,,,,,,,,,,,,,,,,,,,,
Days Sales Outstanding,18.58,16.88,12.45,15.75,17.42,17.84,15.73,6.88,16.07,14.52,15.94,11.1,41.83,295,15.95,,15.33,16.58,15.47,16.86,20.85,19.81,15.15,16.47,15.76,20.05,13.28,11.53,13.94,15.64,15.58,16.22,14.62,15.9,16.5,10.03,17.84,19.37,10.86,12.6,16.18,20.71,18.29,13.58,10.02,8.93,7.17,17.04,17.98,5.93,5.36,18.38,42.13,34.98,32.2,32.88,34.17,25.1,18.57,21.22,19.91,20.65,11.97,2.78,-,14.5,10.89,-
Days Payable,71.97,63.86,60.72,81.35,93.82,99.01,85.23,71.18,171.23,108.87,93.44,52.16,224.67,"217,742.78",64.54,,71.43,70.88,57.88,58.47,72.79,74.34,55.11,58.92,53.64,76.37,55.24,57.05,75.98,77.18,76.48,85.38,95.31,88.53,85.52,74.71,97.57,98.41,79.77,103.28,92.53,101.36,93.7,83.11,67.19,66.64,60.33,78.43,84.83,59.55,75.17,186.5,297.9,275.42,158.79,125.03,122.92,115.69,102.24,109.41,90.29,89.52,88.09,41.87,-,56.44,56.23,-
Days Inventory,56.08,59.31,56.33,82.89,113.04,130.42,101.94,71.36,151.73,121.88,145.14,71.06,215.53,"85,491.11",47.43,,44.57,45.95,43.74,56.02,81.43,77.27,54.3,62.15,60.67,79.77,50.71,57.15,79.44,74.64,75.82,88.34,100.12,96.45,90.59,88.25,133.48,131.57,117.82,162.11,139.48,134.8,112.01,102.62,85.92,77.55,68.43,83.68,73.76,49.61,69.06,174.95,254.47,241.21,143.64,116.8,120.94,141.29,154.78,143.51,119.72,139.38,116.41,47.41,-,66.25,53.95,-
Cash Conversion Cycle,2.68,12.33,8.07,17.28,36.64,49.25,32.44,7.06,-3.43,27.53,67.64,29.99,32.7,"-131,956.67",-1.16,,-11.52,-8.35,1.33,14.42,29.5,22.73,14.34,19.7,22.8,23.45,8.75,11.63,17.4,13.1,14.92,19.18,19.43,23.82,21.56,23.57,53.75,52.53,48.91,71.43,63.13,54.15,36.6,33.08,28.75,19.85,15.28,22.29,6.91,-4.02,-0.75,6.83,-1.3,0.77,17.05,24.65,32.19,50.7,71.11,55.32,49.34,70.51,40.29,8.32,-,24.32,8.6,-
,,,,,,,,,,,,,,,,,,,,,,,,,,,,,,,,,,,,,,,,,,,,,,,,,,,,,,,,,,,,,,,,,,,,
Inventory Turnover,6.51,6.15,6.48,4.4,3.23,2.8,3.58,5.12,2.41,2.99,2.51,5.14,1.69,-,7.7,,2.05,1.99,2.09,1.63,1.12,1.18,1.68,1.47,1.5,1.14,1.8,1.6,1.15,1.22,1.2,1.03,0.91,0.95,1.01,1.03,0.68,0.69,0.77,0.56,0.65,0.68,0.81,0.89,1.06,1.18,1.33,1.09,1.24,1.84,1.32,0.52,0.36,0.38,0.64,0.78,0.75,0.65,0.59,0.64,0.76,0.65,0.78,1.92,-,1.38,1.69,-
COGS-to-Revenue,0.79,0.83,0.81,0.81,0.77,0.77,0.72,0.77,0.93,0.7,0.74,0.91,1.08,0.12,0.78,,0.76,0.79,0.81,0.76,0.79,0.79,0.81,0.81,0.85,0.88,0.8,0.78,0.85,0.87,0.87,0.85,0.76,0.75,0.81,0.72,0.78,0.78,0.82,0.75,0.78,0.72,0.73,0.7,0.72,0.75,0.75,0.76,0.75,0.83,0.92,1.17,0.82,0.66,0.8,0.7,0.68,0.63,0.69,0.7,0.78,0.81,0.9,0.83,0.92,1.1,1.12,-
Inventory-to-Revenue,0.121,0.136,0.125,0.184,0.239,0.276,0.202,0.151,0.385,0.233,0.293,0.178,0.636,28.877,0.101,,0.371,0.396,0.387,0.47,0.705,0.672,0.483,0.552,0.568,0.765,0.445,0.486,0.736,0.708,0.72,0.822,0.835,0.795,0.804,0.699,1.146,1.125,1.059,1.338,1.187,1.068,0.892,0.792,0.681,0.637,0.559,0.698,0.608,0.45,0.698,2.252,2.29,1.749,1.261,0.898,0.904,0.979,1.167,1.105,1.023,1.245,1.153,0.432,-,0.797,0.662,-
Capex-to-Revenue,0.1,0.06,0.11,0.35,0.21,0.4,0.3,0.13,0.58,0.9,0.9,0.11,0.72,134.27,0.157,,0.13,0.28,0.11,0.12,0.09,0.08,0.06,0.07,0.04,0.07,0.05,0.08,0.17,0.21,0.28,0.42,0.42,0.29,0.3,0.11,0.23,0.19,0.34,0.42,0.42,0.45,0.39,0.33,0.23,0.23,0.15,0.18,0.1,0.1,0.21,1.25,2.18,1.82,1.03,1.19,0.93,0.42,2.27,0.25,0.35,0.26,0.33,0.05,0.09,0.04,-,-
,,,,,,,,,,,,,,,,,,,,,,,,,,,,,,,,,,,,,,,,,,,,,,,,,,,,,,,,,,,,,,,,,,,,
Income Statement:,,,,,,,,,,,,,,,,,,,,,,,,,,,,,,,,,,,,,,,,,,,,,,,,,,,,,,,,,,,,,,,,,,,,
Revenue,"31,536","24,578","21,461","11,759","7,000.132","4,046.025","3,198.356","2,013.496",413.256,204.242,116.744,111.943,14.742,0.073,"41,862",,"11,958","10,389","10,744","8,771","6,036","5,985","7,384","6,303","6,350","4,541","7,226","6,824","4,002.231","3,408.751","3,288.498","2,984.675","2,789.557","2,696.27","2,284.631","2,298.436","1,270.017","1,147.048","1,214.38",936.789,954.976,939.88,956.661,851.804,769.349,620.542,615.219,431.346,405.139,561.792,306.332,50.104,26.653,30.167,39.375,57.666,58.171,49.03,36.286,31.241,28.405,20.812,18.585,45.527,26.945,20.886,14.162,-
Cost of Goods Sold,"24,906","20,509","17,419","9,536","5,400.875","3,122.522","2,316.685","1,557.234",383.189,142.647,86.013,102.408,15.883,0.009,"32,634",,"9,074","8,174","8,678","6,708","4,769","4,751","5,993","5,112","5,429","3,975","5,783","5,300","3,383.301","2,952.225","2,849.199","2,535.535","2,122.942","2,028.324","1,849.353","1,661.701",995.241,894.58,995.816,705.293,741.606,679.807,694.964,599.953,556.354,465.414,458.63,328.478,304.656,465.472,282.475,58.865,21.891,19.957,31.54,40.442,39.663,31.002,24.965,21.945,22.144,16.96,16.804,37.828,24.844,22.932,15.864,-
Gross Profit,"6,630","4,069","4,042","2,223","1,599.257",923.503,881.671,456.262,30.067,61.595,30.731,9.535,-1.141,0.064,"9,228",,"2,884","2,215","2,066","2,063","1,267","1,234","1,391","1,191",921,566,"1,443","1,524",618.93,456.526,439.299,449.14,666.615,667.946,435.278,636.735,274.776,252.468,218.564,231.496,213.37,260.073,261.697,251.851,212.995,155.128,156.589,102.868,100.483,96.32,23.857,-8.761,4.762,10.21,7.835,17.224,18.508,18.028,11.321,9.296,6.261,3.852,1.781,7.699,2.101,-2.046,-1.702,-
Gross Margin %,21.02,16.56,18.83,18.9,22.85,22.82,27.57,22.66,7.28,30.16,26.32,8.52,-7.74,87.67,22.04,,24.12,21.32,19.23,23.52,20.99,20.62,18.84,18.9,14.5,12.46,19.97,22.33,15.46,13.39,13.36,15.05,23.9,24.77,19.05,27.7,21.64,22.01,18,24.71,22.34,27.67,27.36,29.57,27.69,25,25.45,23.85,24.8,17.15,7.79,-17.49,17.87,33.84,19.9,29.87,31.82,36.77,31.2,29.76,22.04,18.51,9.58,16.91,7.8,-9.8,-12.02,-
,,,,,,,,,,,,,,,,,,,,,,,,,,,,,,,,,,,,,,,,,,,,,,,,,,,,,,,,,,,,,,,,,,,,
"Selling, General, & Admin. Expense","3,145","2,646","2,835","2,477","1,432.189",922.232,603.66,285.569,150.372,104.102,84.573,42.15,23.649,17.244,"3,886",,973,"1,056",969,888,661,627,699,596,647,704,668,730,750.759,686.404,682.79,652.998,537.757,603.455,456.016,336.811,321.152,318.21,288.654,236.367,201.846,195.365,196.97,155.107,134.031,117.551,101.489,77.071,59.963,47.045,45.908,37.798,36.083,30.582,27.557,27.618,24.716,24.212,25.349,20.432,22.207,16.585,16.563,10.733,8.247,6.607,9.696,-
Research & Development,"1,491","1,343","1,460","1,378",834.408,717.9,464.7,231.976,273.978,208.981,92.996,19.282,53.714,62.753,"2,130",,576,666,522,366,279,324,345,334,324,340,356,351,386.129,367.096,354.564,331.622,369.774,322.04,245.96,214.302,191.664,182.482,190.243,178.791,181.712,167.154,139.565,135.873,107.717,81.544,68.453,56.351,52.312,54.859,68.832,61.901,74.854,68.391,61.205,54.083,52.531,41.162,37.617,26.698,15.416,13.265,8.143,1.257,1.941,7.941,11.826,-
Other Operating Expense,-,-,-,-,-,-,-,-,-,-,-,-,-,-,-,,-,-,-,-,-,-,-,-,-,-,-,-,-,-,-,-,-,-,-,-,-,-,-,-,-,-,-,-,-,-,-,-,-,-,-,-,-,-,-,-,-,-,-,-,-,-,-,-,-,-,-,-
Total Operating Expense,"4,636","3,989","4,295","3,855","2,266.597","1,640.132","1,068.36",517.545,424.35,313.083,177.569,61.432,77.363,79.997,"6,016",,"1,549","1,722","1,491","1,254",940,951,"1,044",930,971,"1,044","1,024","1,081","1,136.888","1,053.5","1,037.354",984.62,907.531,925.495,701.976,551.113,512.816,500.692,478.897,415.158,383.558,362.519,336.535,290.98,241.748,199.095,169.942,133.422,112.275,101.904,114.74,99.699,110.937,98.973,88.762,81.701,77.247,65.374,62.966,47.13,37.623,29.85,24.706,11.99,10.188,14.548,21.522,-
Operating Income,"1,994",80,-253,"-1,632",-667.34,-716.629,-186.689,-61.283,-394.283,-251.488,-146.838,-51.897,-78.504,-79.933,"3,212",,"1,335",493,575,809,327,283,347,261,-50,-478,419,443,-517.958,-596.974,-598.055,-535.48,-240.916,-257.549,-266.698,85.622,-238.04,-248.224,-260.333,-183.662,-170.188,-102.446,-74.838,-39.129,-28.753,-43.967,-13.353,-30.554,-11.792,-5.584,-90.883,-108.46,-106.175,-88.763,-80.927,-64.477,-58.739,-47.346,-51.645,-37.834,-31.362,-25.998,-22.925,-4.291,-8.087,-16.594,-23.224,-
Operating Margin %,6.323,0.326,-1.177,-13.877,-9.533,-17.71,-5.837,-3.042,-95.407,-123.132,-125.776,-46.36,-532.519,"-109,497.26",7.67,,11.164,4.745,5.352,9.224,5.418,4.729,4.699,4.141,-0.787,-10.526,5.799,6.492,-12.94,-17.513,-18.186,-17.941,-8.636,-9.552,-11.672,3.725,-18.743,-21.64,-21.436,-19.604,-17.821,-10.898,-7.821,-4.592,-3.737,-7.085,-2.17,-7.083,-2.909,-0.994,-29.668,-216.468,-398.36,-294.237,-205.527,-111.811,-100.976,-96.565,-142.326,-121.102,-110.41,-124.918,-123.352,-9.425,-30.013,-79.45,-163.988,-
,,,,,,,,,,,,,,,,,,,,,,,,,,,,,,,,,,,,,,,,,,,,,,,,,,,,,,,,,,,,,,,,,,,,
  Interest Income,30,44,24,19,8.53,1.508,1.126,0.189,0.288,0.255,0.258,0.159,0.529,1.749,33,,11,10,6,6,8,10,10,15,10,9,7,7,5.064,5.214,5.594,5.531,4.785,3.09,2.179,2.858,2.242,1.251,0.75,0.327,0.247,0.184,0.219,0.3,0.467,0.141,0.092,0.068,0.039,0.01,0.085,0.038,0.074,0.09,0.089,0.08,0.046,0.04,0.063,0.1,0.047,0.048,0.062,0.052,0.029,0.016,0.043,-
  Interest Expense,-748,-685,-663,-471,-198.81,-118.851,-100.886,-32.934,-0.254,-0.043,-0.992,-2.531,-3.747,-,-583,,-75,-99,-246,-163,-170,-169,-170,-185,-172,-158,-175,-175,-163.582,-149.546,-146.104,-117.109,-108.441,-99.346,-65.104,-46.713,-46.368,-40.625,-38.617,-29.308,-24.352,-26.574,-28.703,-29.062,-31.238,-11.883,-6.229,-6.492,-20.116,-0.118,-0.026,-0.078,-0.084,-0.065,-0.043,-,-,-,-,-0.298,-0.464,-0.23,-0.025,-0.018,-1.086,-1.402,-1.099,-
Net Interest Income,-718,-641,-639,-452,-190.28,-117.343,-99.76,-32.745,0.034,0.212,-0.734,-2.372,-3.218,1.749,-550,,-64,-89,-240,-157,-162,-159,-160,-170,-162,-149,-168,-168,-158.518,-144.332,-140.51,-111.578,-103.656,-96.256,-62.925,-43.855,-44.126,-39.374,-37.867,-28.981,-24.105,-26.39,-28.484,-28.762,-30.771,-11.742,-6.137,-6.424,-20.077,-0.108,0.059,-0.04,-0.01,0.025,0.046,0.08,0.046,0.04,0.063,-0.198,-0.417,-0.182,0.037,0.034,-1.057,-1.386,-1.056,-
Other Income (Expense),-122,-104,-113,-125,111.272,-41.652,1.813,22.602,-1.828,-2.646,-6.583,-1.445,-0.963,0.137,98,,22,129,44,-97,-15,-54,-13,85,-158,-18,-19,-4,-52.523,-37.716,-41.304,-24.39,-41.208,-18.098,121.224,-11.756,-7.373,9.177,-17.149,-15.431,13.233,-22.305,-0.588,-3.09,-1.226,6.718,4.584,-0.74,1.668,17.091,0.745,-2.188,0.691,-1.076,-0.496,-0.594,-0.071,-1.485,0.187,3.18,-6.729,-3.221,-1.125,-0.577,-1.715,1.972,-1.194,-
Pretax Income,"1,154",-665,"-1,005","-2,209",-746.348,-875.624,-284.636,-71.426,-396.077,-253.922,-154.155,-55.714,-82.685,-78.047,"2,760",,"1,293",533,379,555,150,70,174,176,-370,-645,232,271,-728.999,-779.022,-779.869,-671.448,-385.78,-371.903,-208.399,30.011,-289.539,-278.421,-315.349,-228.074,-181.06,-151.141,-103.91,-70.981,-60.75,-48.991,-14.906,-37.718,-30.201,11.399,-90.079,-110.688,-105.494,-89.814,-81.377,-64.991,-58.764,-48.791,-51.395,-34.852,-38.508,-29.401,-24.013,-4.834,-10.859,-16.008,-25.474,-
Tax Provision,-292,-110,-58,-32,-26.698,-13.039,-9.404,-2.588,-0.136,-0.489,-0.173,-0.026,-0.097,-0.11,-453,,-115,-69,-83,-186,-21,-2,-42,-26,-19,-23,-22,-17,-13.707,-5.605,8.64,0.285,-15.647,-25.278,-11.07,-8.133,-3.649,-3.846,-5.048,-1.784,-3.167,-3.04,-3.719,-3.727,-1.15,-0.809,-1.358,-0.778,-0.301,-0.151,0.148,-0.116,-0.109,-0.059,-0.112,-0.087,-0.139,-0.15,0.037,-0.083,-0.009,-0.118,-0.229,0.219,-0.008,-0.008,-0.024,-
Tax Rate %,25.3,-16.54,-5.77,-1.45,-3.58,-1.49,-3.3,-3.62,-0.03,-0.19,-0.11,-0.05,-0.12,-0.14,16.41,,8.89,12.95,21.9,33.51,14,2.86,24.14,14.77,-5.14,-3.57,9.48,6.27,-1.88,-0.72,1.11,0.04,-4.06,-6.8,-5.31,27.1,-1.26,-1.38,-1.6,-0.78,-1.75,-2.01,-3.58,-5.25,-1.89,-1.65,-9.11,-2.06,-1,1.32,0.16,-0.1,-0.1,-0.07,-0.14,-0.13,-0.24,-0.31,0.07,-0.24,-0.02,-0.4,-0.95,4.53,-0.07,-0.05,-0.09,-
Net Income (Continuing Operations),862,-775,"-1,063","-2,241",-773.046,-888.663,-294.04,-74.014,-396.213,-254.411,-154.328,-55.74,-82.782,-78.157,"2,307",,"1,178",464,296,369,129,68,132,150,-389,-668,210,254,-742.706,-784.627,-771.229,-671.163,-401.427,-397.181,-219.469,21.878,-293.188,-282.267,-320.397,-229.858,-184.227,-154.181,-107.629,-74.708,-61.9,-49.8,-16.264,-38.496,-30.502,11.248,-89.931,-110.804,-105.603,-89.873,-81.489,-65.078,-58.903,-48.941,-51.358,-34.935,-38.517,-29.519,-24.242,-4.615,-10.867,-16.016,-25.498,-
Net Income (Discontinued Operations),-,-,-,-,-,-,-,-,-,-,-,-,-,-,-,,-,-,-,-,-,-,-,-,-,-,-,-,-,-,-,-,-,-,-,-,-,-,-,-,-,-,-,-,-,-,-,-,-,-,-,-,-,-,-,-,-,-,-,-,-,-,-,-,-,-,-,-
  Other Income (Minority Interest),-172,-95,87,279,98.132,-,-,-,-,-,-,-,-,-,-157,,-36,-26,-57,-38,-25,-52,-35,-7,-19,-34,-70,57,25.167,75.076,95.279,51.787,65.03,66.904,98.132,-,-,-,-,-,-,-,-,-,-,-,-,-,-,-,-,-,-,-,-,-,-,-,-,-,-,-,-,-,-,-,-,-
Net Income,690,-870,-976,"-1,962",-674.914,-888.663,-294.04,-74.014,-396.213,-254.411,-154.328,-55.74,-82.782,-78.157,"2,150",,"1,142",438,239,331,104,16,97,143,-408,-702,140,311,-717.539,-709.551,-675.95,-619.376,-336.397,-330.277,-121.337,21.878,-293.188,-282.267,-320.397,-229.858,-184.227,-154.181,-107.629,-74.708,-61.9,-49.8,-16.264,-38.496,-30.502,11.248,-89.931,-110.804,-105.603,-89.873,-81.489,-65.078,-58.903,-48.941,-51.358,-34.935,-38.517,-29.519,-24.242,-4.615,-10.867,-16.016,-25.498,-
Net Margin %,2.188,-3.538,-4.546,-16.685,-9.641,-21.962,-9.192,-3.674,-95.874,-124.562,-132.192,-49.793,-561.537,"-107,064.382",5.14,,9.55,4.216,2.225,3.774,1.723,0.267,1.314,2.269,-6.425,-15.459,1.937,4.557,-17.927,-20.814,-20.555,-20.75,-12.059,-12.249,-5.311,0.952,-23.085,-24.608,-26.382,-24.535,-19.291,-16.404,-11.249,-8.769,-8.044,-8.025,-2.642,-8.923,-7.527,2.002,-29.357,-221.148,-396.214,-297.918,-206.956,-112.853,-101.258,-99.817,-141.535,-111.824,-135.599,-141.836,-130.437,-10.135,-40.33,-76.681,-180.045,-
,,,,,,,,,,,,,,,,,,,,,,,,,,,,,,,,,,,,,,,,,,,,,,,,,,,,,,,,,,,,,,,,,,,,
Preferred Dividends,-,-,-,-,-,-,-,-,-,-,-,-,-,-,-,,-,-,-,-,-,-,-,-,-,-,-,-,-,-,-,-,-,-,-,-,-,-,-,-,-,-,-,-,-,-,-,-,-,-,-,-,-,-,-,-,-,-,-,-,-,-,-,-,-,-,-,-
EPS (Basic),0.74,-0.98,-1.14,-2.366,-0.936,-1.386,-0.472,-0.124,-0.738,-0.506,-0.608,-0.143,-0.212,-0.2,2.25,,1.18,0.46,0.29,0.32,0.11,0.02,0.116,0.16,-0.462,-0.82,0.162,0.364,-0.844,-0.838,-0.802,-0.74,-0.408,-0.408,-0.156,0.03,-0.418,-0.426,-0.488,-0.356,-0.29,-0.244,-0.172,-0.12,-0.1,-0.08,-0.026,-0.064,-0.052,0.02,-0.158,-0.21,-0.2,-0.172,-0.156,-0.126,-0.12,-0.102,-0.108,-0.076,-1.008,-0.063,-0.062,-0.012,-0.028,-0.041,-0.065,-
EPS (Diluted),0.64,-0.98,-1.14,-2.366,-0.936,-1.386,-0.472,-0.124,-0.738,-0.506,-0.608,-0.143,-0.212,-0.2,1.92,,1.02,0.39,0.24,0.27,0.1,0.02,0.112,0.16,-0.462,-0.82,0.156,0.35,-0.844,-0.838,-0.802,-0.74,-0.408,-0.408,-0.156,0.028,-0.418,-0.426,-0.488,-0.356,-0.29,-0.244,-0.172,-0.12,-0.1,-0.08,-0.026,-0.064,-0.052,0.018,-0.158,-0.21,-0.2,-0.172,-0.156,-0.126,-0.12,-0.102,-0.108,-0.076,-1.008,-0.063,-0.062,-0.012,-0.028,-0.041,-0.065,-
Shares Outstanding (Diluted Average),"1,083",887,853,830,721.06,641.01,622.695,597.105,536.746,501.944,253.592,389.869,389.869,389.869,"1,119",,"1,119","1,133","1,155","1,105","1,036",994,902,922,885,865,862,890,849.985,845.73,846.545,836.47,826.06,810.645,775.525,784.675,699.915,663.38,655.665,645.03,633.445,629.735,627.525,624.555,621.252,617.364,614.187,609.312,590.968,621.326,569.049,527.781,526.212,523.922,522.181,520.384,488.786,475.937,474.542,461.354,38.217,465.547,389.869,389.869,389.869,389.869,389.869,389.869
,,,,,,,,,,,,,,,,,,,,,,,,,,,,,,,,,,,,,,,,,,,,,,,,,,,,,,,,,,,,,,,,,,,,
EBIT,"1,902",20,-342,"-1,738",-547.538,-756.773,-183.75,-38.492,-395.823,-253.879,-153.163,-53.183,-78.938,-78.047,"3,343",,"1,368",632,625,718,320,239,344,361,-198,-487,407,446,-565.417,-629.476,-633.765,-554.339,-277.339,-272.557,-143.295,76.724,-243.171,-237.796,-276.732,-198.766,-156.708,-124.567,-75.207,-41.919,-29.512,-37.108,-8.677,-31.226,-10.085,11.517,-90.053,-110.61,-105.41,-89.749,-81.334,-64.991,-58.764,-48.791,-51.395,-34.554,-38.044,-29.171,-23.988,-4.816,-9.773,-14.606,-24.375,-
"Depreciation, Depletion and Amortization","2,322","2,154","1,901","1,636",947.099,422.59,231.931,106.083,28.825,16.919,10.623,6.94,4.157,2.895,"2,504",,681,621,618,584,567,553,577,530,579,468,497,502.512,485.255,416.233,469.603,400.624,389.171,376.602,326.939,280.468,183.232,156.46,143.723,110.366,91.389,77.112,67.976,64.972,54.715,44.268,37.585,28.45,22.198,17.85,12.792,7.522,4.348,4.163,4.804,4.28,4.318,3.517,2.89,3.109,2.483,2.141,1.935,1.948,1.685,1.372,1.294,-
EBITDA,"4,224","2,174","1,559",-102,399.561,-334.183,48.181,67.591,-366.998,-236.96,-142.54,-46.243,-74.781,-75.152,"5,847",,"2,049","1,253","1,243","1,302",887,792,921,891,381,-19,904,948.512,-80.162,-213.243,-164.162,-153.715,111.832,104.045,183.644,357.192,-59.939,-81.336,-133.009,-88.4,-65.319,-47.455,-7.231,23.053,25.203,7.16,28.908,-2.776,12.113,29.367,-77.261,-103.088,-101.062,-85.586,-76.53,-60.711,-54.446,-45.274,-48.505,-31.445,-35.561,-27.03,-22.053,-2.868,-8.088,-13.234,-23.081,-
,,,,,,,,,,,,,,,,,,,,,,,,,,,,,,,,,,,,,,,,,,,,,,,,,,,,,,,,,,,,,,,,,,,,
Balance Sheet:,,,,,,,,,,,,,,,,,,,,,,,,,,,,,,,,,,,,,,,,,,,,,,,,,,,,,,,,,,,,,,,,,,,,
  Cash And Cash Equivalents,"19,384","6,268","3,686","3,367.914","3,393.216","1,196.908","1,905.713",845.889,201.89,255.266,99.558,69.627,9.277,17.211,"16,229",,"16,229","17,141","19,384","14,531","8,615","8,080","6,268","5,338","4,954.74","2,198.169","3,686","2,967.504","2,236.424","2,665.673","3,367.914","3,530.03","3,035.924","4,006.593","3,393.216","3,084.257","3,246.301","1,441.789","1,196.908","1,426.036","1,150.673","1,510.076","1,905.713","2,370.735","2,674.91","2,393.908",845.889,795.116,746.057,214.417,201.89,85.693,210.554,218.57,255.266,213.328,319.38,100.655,99.558,96.563,47.304,61.546,69.627,106.547,-,-,9.277,17.211
  Marketable Securities,-,-,-,-,-,-,-,-,-,25.061,-,-,-,-,-,,-,-,-,-,-,-,-,-,-,-,-,-,-,-,-,-,-,-,-,-,-,-,-,-,-,-,-,-,-,189.111,-,-,-,-,-,-,-,25.009,25.061,65.06,-,-,-,-,-,-,-,-,-,-,-,-
"Cash, Cash Equivalents, Marketable Securities","19,384","6,268","3,686","3,367.914","3,393.216","1,196.908","1,905.713",845.889,201.89,280.327,99.558,69.627,9.277,17.211,"16,229",,"16,229","17,141","19,384","14,531","8,615","8,080","6,268","5,338","4,954.74","2,198.169","3,686","2,967.504","2,236.424","2,665.673","3,367.914","3,530.03","3,035.924","4,006.593","3,393.216","3,084.257","3,246.301","1,441.789","1,196.908","1,426.036","1,150.673","1,510.076","1,905.713","2,370.735","2,674.91","2,583.019",845.889,795.116,746.057,214.417,201.89,85.693,210.554,243.579,280.327,278.388,319.38,100.655,99.558,96.563,47.304,61.546,69.627,106.547,-,-,9.277,17.211
  Accounts Receivable,"1,886","1,324",949,515.381,499.142,168.965,226.604,49.109,26.842,9.539,6.71,3.488,3.32,0.059,"2,129",,"2,129","1,890","1,886","1,757","1,485","1,274","1,324","1,128","1,147.1","1,046.945",949,"1,155.001",569.874,652.848,515.381,607.734,453.539,440.349,499.142,326.895,178.594,318.056,168.965,119.964,138.648,200.052,226.604,156.889,96.607,72.38,49.109,47.58,113.544,46.139,26.842,9.164,11.023,13.589,9.539,18.25,23.308,20.26,6.71,8.062,6.467,5.931,3.488,1.386,-,-,3.32,0.059
  Notes Receivable,-,-,-,-,-,-,-,-,-,-,-,-,-,-,-,,-,-,-,-,-,-,-,-,-,-,-,-,-,-,-,-,-,-,-,-,-,-,-,-,-,-,-,-,-,-,-,-,-,-,-,-,-,-,-,-,-,-,-,-,-,-,-,-,-,-,-,-
  Loans Receivable,-,-,-,-,-,-,-,-,-,-,-,-,-,-,-,,-,-,-,-,-,-,-,-,-,-,-,-,-,-,-,-,-,-,-,-,-,-,-,-,-,-,-,-,-,-,-,-,-,-,-,-,-,-,-,-,-,-,-,-,-,-,-,-,-,-,-,-
  Other Current Receivables,"1,886","1,324",949,515.381,499.142,168.965,226.604,49.109,26.842,9.539,6.71,3.488,3.32,0.059,"2,129",,"2,129","1,890","1,886","1,757","1,485","1,274","1,324","1,128","1,147.1","1,046.945",949,"1,155.001",569.874,652.848,515.381,607.734,453.539,440.349,499.142,326.895,178.594,318.056,168.965,119.964,138.648,200.052,226.604,156.889,96.607,72.38,49.109,47.58,113.544,46.139,26.842,9.164,11.023,13.589,9.539,18.25,23.308,20.26,6.71,8.062,6.467,5.931,3.488,1.386,-,-,3.32,0.059
Total Receivables,"1,886","1,324",949,515.381,499.142,168.965,226.604,49.109,26.842,9.539,6.71,3.488,3.32,0.059,"2,129",,"2,129","1,890","1,886","1,757","1,485","1,274","1,324","1,128","1,147.1","1,046.945",949,"1,155.001",569.874,652.848,515.381,607.734,453.539,440.349,499.142,326.895,178.594,318.056,168.965,119.964,138.648,200.052,226.604,156.889,96.607,72.38,49.109,47.58,113.544,46.139,26.842,9.164,11.023,13.589,9.539,18.25,23.308,20.26,6.71,8.062,6.467,5.931,3.488,1.386,-,-,3.32,0.059
"  Inventories, Raw Materials & Components","1,508","1,428",932,821.396,680.339,528.935,392.292,184.665,163.637,12.095,20.519,10.001,4.646,2.008,"2,067",,"2,067","1,836","1,508","1,573","1,842","1,653","1,428","1,284","1,095.888","1,079.216",932,997.476,972.739,902.19,821.396,612.225,558.109,693.499,680.339,353.751,436.953,507.529,528.935,393.691,395.171,370.553,392.292,361.837,235.279,197.779,184.665,164.346,99.734,115.966,163.637,102.678,49.08,32.741,12.095,22.343,25.331,-,20.519,15.518,-,9.739,10.001,12.182,-,-,4.646,2.008
"  Inventories, Work In Process",493,362,297,243.181,233.746,163.83,56.114,42.5,24.535,3.665,4.538,3.403,4.372,0.1,858,,858,454,493,572,420,494,362,335,334.641,277.155,297,358.113,350.443,315.227,243.181,277.155,266.32,254.684,233.746,329.938,289.307,199.157,163.83,86.587,99.116,63.058,56.114,74.981,48.11,64.431,42.5,38.608,47.874,41.698,24.535,25.525,1,0.197,3.665,6.848,4.01,-,4.538,3.281,-,3.766,3.403,3.616,-,-,4.372,0.1
"  Inventories, Inventories Adjustments",-,-,-,-,-,-,-,-,-,-,-,-,-,-,-,,-,-,-,-,-,-,-,-,-,-,-,-,-,-,-,-,-,-,-,-,-,-,-,-,-,-,-,-,-,-,-,-,-,-,-,-,-,-,-,-,-,-,-,-,-,-,-,-,-,-,-,-
"  Inventories, Finished Goods","1,666","1,356","1,581","1,013.909","1,016.731",476.512,397.318,69.324,62.559,26.12,20.125,7.038,7.518,-,"1,318",,"1,318","1,341","1,666","1,674","1,379","1,961","1,356","1,583","1,600.214","2,151.012","1,581","1,657.339","1,721.86","1,125.665","1,013.909","1,418.385","1,470.359","1,141.556","1,016.731",791.6,754.828,472.834,476.512,692.437,597.329,492.645,397.318,226.023,250.03,132.234,69.324,102.387,77.86,63.255,62.559,30.845,16.589,22.489,26.12,20.025,24.971,-,20.125,16.52,-,12.644,7.038,3.855,-,-,7.518,-
"  Inventories, Other",434,406,303,185.051,136.638,108.561,107.951,43.866,17.773,8.202,-,2.78,0.114,-,490,,490,501,434,399,377,386,406,379,351.615,329.467,303,301.199,279.601,222.744,185.051,163.617,143.323,130.597,136.638,129.282,128.519,122.441,108.561,121.002,120.663,128.584,107.951,89.651,63.508,56.286,43.866,42.204,29.423,16.699,17.773,-,-,-,8.202,-,-,50.823,-,4.189,29.518,2.439,2.78,-,-,-,0.114,-
Total Inventories,"4,101","3,552","3,113","2,263.537","2,067.454","1,277.838",953.675,340.355,268.504,50.082,45.182,23.222,16.65,2.108,"4,733",,"4,733","4,132","4,101","4,218","4,018","4,494","3,552","3,581","3,382.358","3,836.85","3,113","3,314.127","3,324.643","2,565.826","2,263.537","2,471.382","2,438.111","2,220.336","2,067.454","1,604.571","1,609.607","1,301.961","1,277.838","1,293.717","1,212.279","1,054.84",953.675,752.492,596.927,450.73,340.355,347.545,254.891,237.618,268.504,159.048,66.669,55.427,50.082,49.216,54.312,50.823,45.182,39.508,29.518,28.588,23.222,19.653,-,-,16.65,2.108
Other Current Assets,"1,346",959,559,423.69,299.98,138.3,94.08,30.59,27.53,32.89,84.44,4.22,2.18,2.93,"1,602",,"1,602","1,542","1,346","1,238","1,218","1,045",959,893,697.75,595.86,559,483.86,568.86,499.57,423.69,459.59,431.87,360.61,299.98,156.69,169.2,177.74,138.3,159.08,127.02,156.45,94.08,82.8,73.25,49.92,30.59,28.52,15.05,27.82,27.53,30.64,28.88,46.3,32.89,66.27,20.76,55.17,84.44,97,6.75,4.54,4.22,4.36,-,-,2.18,2.93
Total Current Assets,"26,717","12,103","8,307","6,570.52","6,259.796","2,782.006","3,180.073","1,265.939",524.768,372.838,235.886,100.559,31.427,22.308,"24,693",,"24,693","24,705","26,717","21,744","15,336","14,893","12,103","10,940","10,181.952","7,677.822","8,307","7,920.491","6,699.797","6,383.92","6,570.52","7,068.733","6,359.444","7,027.889","6,259.796","5,172.412","5,203.705","3,239.543","2,782.006","2,998.795","2,628.621","2,921.417","3,180.073","3,362.914","3,441.694","3,156.047","1,265.939","1,218.766","1,129.542",525.993,524.768,284.541,317.126,358.897,372.838,412.121,417.758,226.906,235.886,241.133,90.034,100.602,100.559,131.95,-,-,31.427,22.308
,,,,,,,,,,,,,,,,,,,,,,,,,,,,,,,,,,,,,,,,,,,,,,,,,,,,,,,,,,,,,,,,,,,,
Investments And Advances,-,-,-,-,-,-,-,-,-,-,-,-,-,-,-,,-,-,-,-,-,-,-,-,-,-,-,-,-,-,-,-,-,-,-,-,-,-,-,-,-,-,-,-,-,-,-,-,-,-,-,-,-,-,-,-,-,-,-,-,-,-,-,-,-,-,-,-
  Land And Improvements,"3,662","3,024","4,047","2,517.247","1,079.452",521.537,49.478,45.02,26.391,26.391,26.391,-,-,-,"3,725",,"3,725","3,681","3,662","3,245","3,172","3,146","3,024","2,956","2,839.746","2,631.607","4,047","3,995.992","3,904.854","3,808.17","2,517.247","1,557.697","1,390.622","1,213.191","1,079.452",63.238,60.238,60.226,521.537,60.233,52.115,51.99,49.478,45.201,45.029,45.02,45.02,45.02,26.402,26.391,26.391,26.391,26.391,26.391,26.391,26.391,26.391,26.391,26.391,-,-,-,-,-,-,-,-,-
  Buildings And Improvements,-,-,-,-,-,-,154.362,67.707,50.574,-,-,-,-,-,-,,-,-,-,-,-,-,-,-,-,-,-,-,-,-,-,-,-,-,-,706.112,574.603,490.552,-,336.212,243.75,198.024,154.362,106.507,85.889,75.314,67.707,62.71,58.492,54.603,50.574,39.628,33.37,-,-,-,-,-,-,-,-,-,-,-,-,-,-,-
"  Machinery, Furniture, Equipment","12,440","10,209","8,906","8,763.382","5,564.102","3,661.825","1,586.46",746.892,255.941,44.056,37.328,28.321,21.738,13.403,"14,052",,"14,052","13,127","12,440","11,467","10,911","10,602","10,209","9,809","9,542.674","9,081.947","8,906","8,599.413","7,930.355","7,274.119","8,763.382","7,866.064","6,488.754","6,112.686","5,564.102","5,171.692","4,670.752","4,269.955","3,661.825","3,033.536","2,167.523","1,846.679","1,586.46","1,306.423","1,060.287",882.537,746.892,594.075,428.333,283.591,255.941,284.418,166.373,50.662,44.056,44.102,40.821,39.575,37.328,35.311,32.239,30.503,28.321,25.598,-,-,21.738,13.403
  Construction In Progress,"1,694",841,807,"2,785.435","2,608.245",693.207,572.125,76.294,75.129,227.461,58.917,2.619,-,-,"3,826",,"3,826","2,435","1,694","1,682","1,095",894,841,783,593.229,671.828,807,"1,081.678","1,516.561","1,838.158","2,785.435","3,729.974","4,171.724","3,300.214","2,608.245","1,027.159",876.207,686.705,693.207,747.046,"1,027.256",763.628,572.125,368.678,193.26,110.504,76.294,43.91,37.082,51.494,75.129,145.077,202.386,290.028,227.461,180.354,124.079,81.749,58.917,9.115,5.506,5.064,2.619,0.42,-,-,-,-
  Other Gross PPE,"11,651","10,582","16,388","8,369.456","6,802.76",889.294,526.176,325.148,211.808,44.485,21.956,5.325,3.881,1.793,"12,562",,"12,562","12,321","11,651","11,307","10,967","10,679","10,582","10,491","10,481.646","10,401.858","16,388","8,950.265","8,777.821","8,537.198","8,369.456","8,066.993","7,621.001","7,161.198","6,802.76","1,202.25","1,129.162","1,002.875",889.294,760.278,679.488,618.317,526.176,438.707,387.273,357.078,325.148,293.973,271.703,249.911,211.808,47.873,43.503,44.151,44.485,37.326,33.508,29.616,21.956,17.759,12.622,5.988,5.325,4.594,-,-,3.881,1.793
"Gross Property, Plant and Equipment","29,447","24,656","30,148","22,435.52","16,054.559","5,765.863","2,888.601","1,261.061",619.843,342.393,144.592,36.265,25.619,15.196,"34,165",,"34,165","31,564","29,447","27,701","26,145","25,321","24,656","24,039","23,457.295","22,787.24","30,148","22,627.348","22,129.591","21,457.645","22,435.52","21,220.728","19,672.101","17,787.289","16,054.559","8,170.451","7,310.962","6,510.313","5,765.863","4,937.305","4,170.132","3,478.638","2,888.601","2,265.516","1,771.738","1,470.453","1,261.061","1,039.688",822.012,665.99,619.843,543.387,472.023,411.232,342.393,288.173,224.799,177.331,144.592,62.185,50.367,41.555,36.265,30.612,-,-,25.619,15.196
  Accumulated Depreciation,"-6,072","-4,457","-10,457","-1,943.904","-1,017.642",-571.126,-292.59,-140.142,-57.543,-32.222,-21.993,-12.73,-6.826,-3.198,"-5,824",,"-5,824","-5,389","-6,072","-5,711","-5,269","-4,853","-4,457","-4,194","-3,856.316","-3,469.145","-10,457","-2,893.379","-2,538.165","-2,276.921","-1,943.904","-1,704.132","-1,453.547","-1,232.153","-1,017.642",-912.106,-783.986,-673.089,-571.126,-472.769,-403.869,-342.386,-292.59,-243.447,-204.69,-169.335,-140.142,-116.382,-94.965,-74.933,-57.543,-45.35,-38.381,-35.058,-32.222,-28.379,-24.619,-24.818,-21.993,-19.289,-17.211,-14.689,-12.73,-11.139,-,-,-6.826,-3.198
"Property, Plant and Equipment","23,375","20,199","19,691","20,491.616","15,036.917","5,194.737","2,596.011","1,120.919",562.3,310.171,122.599,23.535,18.793,11.998,"28,341",,"28,341","26,175","23,375","21,990","20,876","20,468","20,199","19,845","19,600.979","19,318.095","19,691","19,733.969","19,591.426","19,180.724","20,491.616","19,516.596","18,218.554","16,555.136","15,036.917","7,258.345","6,526.976","5,837.224","5,194.737","4,464.536","3,766.263","3,136.252","2,596.011","2,022.069","1,567.048","1,301.118","1,120.919",923.306,727.047,591.057,562.3,498.037,433.642,376.174,310.171,259.794,200.18,152.513,122.599,42.896,33.156,26.866,23.535,19.473,-,-,18.793,11.998
Intangible Assets,520,537,350,421.739,376.145,12.816,-,-,14.267,14.508,-,-,-,-,486,,486,505,520,521,508,516,537,537,480.833,347.88,350,356.702,364.69,407.712,421.739,417.474,424.613,429.592,376.145,-,-,-,12.816,-,-,-,-,13.42,13.541,13.662,-,13.837,14.029,14.15,14.267,-,-,-,14.508,-,-,-,-,-,-,-,-,-,-,-,-,-
  Goodwill,207,198,68,60.24,-,-,-,-,-,-,-,-,-,-,203,,203,206,207,203,196,193,198,186,153.48,74.31,68,65.23,64.28,61.28,60.24,45.24,43.77,40.98,-,-,-,-,-,-,-,-,-,-,-,-,-,-,-,-,-,-,-,-,-,-,-,-,-,-,-,-,-,-,-,-,-,-
Other Long Term Assets,"1,536","1,470","1,392","1,171.497",991.218,78.38,54.583,30.072,12.855,15.931,27.597,6.33,1.479,0.531,"1,626",,"1,626","1,587","1,536","1,436","1,415","1,373","1,470","1,473","1,608.833","1,568.727","1,392","1,251.551","1,254.087","1,299.073","1,171.497","1,104.271","1,041.094","1,041.109",991.218,161.64,138.271,114.935,78.38,84.166,73.301,62.361,54.583,39.13,32.18,29.583,30.072,10.3,17.226,12.578,12.855,26.599,26.101,26.029,15.931,28.335,28.217,27.87,27.597,77.592,24.784,17.852,6.33,4.493,-,-,1.479,0.531
Total Long-Term Assets,"25,431","22,206","21,433","22,084.852","16,404.28","5,285.933","2,650.594","1,150.991",589.422,340.61,150.196,29.865,20.272,12.529,"30,453",,"30,453","28,267","25,431","23,947","22,799","22,357","22,206","21,855","21,690.645","21,234.702","21,433","21,342.222","21,210.203","20,887.509","22,084.852","21,038.341","19,684.261","18,025.837","16,404.28","7,419.985","6,665.247","5,952.159","5,285.933","4,548.702","3,839.564","3,198.613","2,650.594","2,074.619","1,612.769","1,344.363","1,150.991",947.443,758.302,617.785,589.422,524.636,459.743,402.203,340.61,288.129,228.397,180.383,150.196,120.488,57.94,44.718,29.865,23.966,-,-,20.272,12.529
Total Assets,"52,148","34,309","29,740","28,655.372","22,664.076","8,067.939","5,830.667","2,416.93","1,114.19",713.448,386.082,130.424,51.699,34.837,"55,146",,"55,146","52,972","52,148","45,691","38,135","37,250","34,309","32,795","31,872.597","28,912.524","29,740","29,262.713","27,910","27,271.429","28,655.372","28,107.074","26,043.705","25,053.726","22,664.076","12,592.397","11,868.952","9,191.702","8,067.939","7,547.497","6,468.185","6,120.03","5,830.667","5,437.533","5,054.463","4,500.41","2,416.93","2,166.209","1,887.844","1,143.778","1,114.19",809.177,776.869,761.1,713.448,700.25,646.155,407.289,386.082,361.621,147.974,145.32,130.424,155.916,-,-,51.699,34.837
,,,,,,,,,,,,,,,,,,,,,,,,,,,,,,,,,,,,,,,,,,,,,,,,,,,,,,,,,,,,,,,,,,,,
  Accounts Payable,"6,051","3,771","3,405","2,390.25","1,860.341",916.148,777.946,303.969,303.382,56.141,28.951,15.086,14.184,5.369,"7,558",,"7,558","6,648","6,051","4,958","3,638","3,970","3,771","3,468","3,133.587","3,248.827","3,405","3,596.984","3,030.493","2,603.498","2,390.25","2,385.778","2,359.316","2,075.333","1,860.341","1,606.284","1,114.878","1,013.486",916.148,824.861,771.637,732.331,777.946,649.362,443.548,375.778,303.969,302.439,262.227,304.204,303.382,162.025,78.601,64.333,56.141,53.627,57.199,49.66,28.951,26.99,25.634,18.19,15.086,17.357,-,-,14.184,5.369
  Total Tax Payable,777,611,348,185.807,152.897,101.206,71.229,38.067,9.71,0.967,2.686,0.452,-,-,834,,834,828,777,635,484,399,611,-,-,-,348,-,-,-,185.807,-,-,-,152.897,129.044,71.985,93.836,101.206,64.129,49.288,83.739,71.229,40.825,28.416,27.984,38.067,18.645,16.08,14.658,9.71,1.762,0.84,0.652,0.967,1.962,1.025,0.962,2.686,2.32,1.581,-,0.452,-,-,-,-,-
  Other Current Payables,-,-,-,-,-,-,-,-,-,-,-,-,-,-,-,,-,-,-,-,-,-,-,-,-,-,-,-,-,-,-,-,-,-,-,-,-,-,-,-,-,-,-,-,-,-,-,-,-,-,-,-,-,-,-,-,-,-,-,-,-,-,-,-,-,-,-,-
  Current Accrued Expense,"2,134","1,851","1,122","1,332.766",920.608,321.592,197.654,68.053,30.088,31.142,11.743,11.888,11.145,8.512,-,,"2,945","2,233","2,134","1,684","1,822","1,671","1,851","2,497","2,622.943","2,276.951","1,122","1,990.095","1,814.979","1,898.431","1,332.766","1,477.784","1,510.744","1,460.367",920.608,565.974,486.227,344.686,321.592,309.73,296.113,270.029,197.654,147.114,130.631,98.401,68.053,55.886,39.046,26.053,30.088,16.642,21.33,24.345,31.142,24.6,17.542,13.935,11.743,4.392,3.304,7.922,11.888,11.066,-,-,11.145,8.512
Accounts Payable & Accrued Expense,"8,962","6,233","4,875","3,908.823","2,933.846","1,338.946","1,046.829",410.089,343.18,88.25,43.38,27.426,25.329,13.881,"11,337",,"11,337","9,709","8,962","7,277","5,944","6,040","6,233","5,965","5,756.53","5,525.778","4,875","5,587.079","4,845.472","4,501.929","3,908.823","3,863.562","3,870.06","3,535.7","2,933.846","2,301.302","1,673.09","1,452.008","1,338.946","1,198.72","1,117.038","1,086.099","1,046.829",837.301,602.595,502.163,410.089,376.97,317.353,344.915,343.18,180.429,100.771,89.33,88.25,80.189,75.766,64.557,43.38,33.702,30.519,26.112,27.426,28.423,-,-,25.329,13.881
  Short-Term Debt,"1,758","1,399","2,222",896.549,"1,150.147",627.927,611.099,0.182,50.841,7.916,-,-,-,-,"1,082",,"1,082","1,415","1,758","2,766","3,317","2,851","1,399","1,643","1,459.828","1,352.596","2,222","2,106.538","2,103.185","1,998.03",896.549,424.224,816.533,"1,003.311","1,150.147",260.771,626.826,635.285,627.927,638.809,632.162,620.71,611.099,597.626,593.712,589.875,0.182,582.502,-,50.841,50.841,50.841,35.637,20.194,7.916,-,-,-,-,-,-,-,-,-,-,-,-,-
  Short-Term Capital Lease Obligation,660,614,490,82.228,52.031,-,-,7.722,4.365,1.067,0.279,0.29,0.341,0.08,773,,773,713,660,659,642,648,614,387,331.257,353.115,490,-,-,-,82.228,-,-,-,52.031,-,-,-,-,13,6.113,9.622,-,9.592,9.7,8.397,7.722,5.971,5.695,5.452,4.365,3.188,2.461,1.67,1.067,0.388,0.287,0.275,0.279,0.291,0.296,0.293,0.29,0.243,-,-,0.341,0.08
Short-Term Debt & Capital Lease Obligation,"2,418","2,013","2,712",978.777,"1,202.178",627.927,611.099,7.904,55.206,8.983,0.279,0.29,0.341,0.08,"1,855",,"1,855","2,128","2,418","3,425","3,959","3,499","2,013","2,030","1,791.085","1,705.711","2,712","2,106.538","2,103.185","1,998.03",978.777,424.224,816.533,"1,003.311","1,202.178",260.771,626.826,635.285,627.927,651.809,638.275,630.332,611.099,607.218,603.412,598.272,7.904,588.473,5.695,56.293,55.206,54.029,38.098,21.864,8.983,0.388,0.287,0.275,0.279,0.291,0.296,0.293,0.29,0.243,-,-,0.341,0.08
  Current Deferred Revenue,"2,210","1,889","1,423","1,869.172","1,426.985",707.331,449.238,255.035,140.722,94.106,4.635,1.377,4.073,-,"2,505",,"2,505","2,337","2,210","1,966","1,843","1,974","1,889","1,710","1,514.4","1,531.086","1,423","1,476.758","1,518.45","1,521.288","1,869.172","1,637.818","1,516.938","1,457.892","1,426.985","1,316.263","1,238.65",907.983,707.331,617.662,561.375,475.95,449.238,388.626,367.453,310.746,255.035,204.016,163.497,134.415,140.722,2.904,136.214,115.912,94.106,2.266,56.257,43.232,4.635,3.477,8.099,6.711,1.377,3.371,-,-,4.073,-
  Current Deferred Taxes Liabilities,-,-,-,-,-,-,-,-,-,-,-,-,-,-,-,,-,-,-,-,-,-,-,-,-,-,-,-,-,-,-,-,-,-,-,-,-,-,-,-,-,-,-,-,-,-,-,-,-,-,-,-,-,-,-,-,-,-,-,-,-,-,-,-,-,-,-,-
Deferred Tax And Revenue,"2,210","1,889","1,423","1,869.172","1,426.985",707.331,449.238,255.035,140.722,94.106,4.635,1.533,14.246,-,"2,505",,"2,505","2,337","2,210","1,966","1,843","1,974","1,889","1,710","1,514.4","1,531.086","1,423","1,476.758","1,518.45","1,521.288","1,869.172","1,637.818","1,516.938","1,457.892","1,426.985","1,316.263","1,238.65",907.983,707.331,617.662,561.375,475.95,449.238,388.626,367.453,310.746,255.035,204.016,163.497,134.415,140.722,2.904,136.214,115.912,94.106,2.266,56.257,43.232,4.635,3.477,8.099,6.711,1.533,7.521,-,-,14.246,-
Other Current Liabilities,658,532,983,917.898,263.996,136.831,-,2.132,-,-,37.271,28.24,48.019,37.335,674,,674,703,658,634,524,473,532,441,526.758,480.225,983,604.949,674.255,629.112,917.898,543.336,342.824,248.536,263.996,204.054,227.838,192.423,136.831,85.58,67.7,-,-,6.632,2.39,2.289,2.132,-,-,-,-,148.444,11.443,8.616,-,71.338,6.426,4.912,37.271,31.858,29.72,25.989,28.24,24.812,-,-,48.019,37.335
Total Current Liabilities,"14,248","10,667","9,993","7,674.67","5,827.005","2,811.035","2,107.166",675.16,539.108,191.339,85.565,57.489,87.935,51.296,"16,371",,"16,371","14,877","14,248","13,302","12,270","11,986","10,667","10,146","9,588.773","9,242.8","9,993","9,775.324","9,141.362","8,650.359","7,674.67","6,468.94","6,546.355","6,245.439","5,827.005","4,082.39","3,766.404","3,187.699","2,811.035","2,553.771","2,384.388","2,192.381","2,107.166","1,839.777","1,575.85","1,413.47",675.16,"1,169.459",486.545,535.623,539.108,385.806,286.526,235.722,191.339,154.181,138.736,112.976,85.565,69.328,68.634,59.105,57.489,60.999,-,-,87.935,51.296
,,,,,,,,,,,,,,,,,,,,,,,,,,,,,,,,,,,,,,,,,,,,,,,,,,,,,,,,,,,,,,,,,,,,
  Long-Term Debt,"8,513","10,402","8,411","9,418.389","5,978.284","2,068.378","1,876.981",586.119,401.495,268.335,71.828,-,54.528,-,"6,878",,"6,878","8,019","8,513","9,476","9,291","9,539","10,402","10,096","9,905.847","8,650.023","8,411","9,672.613","9,513.39","8,763.728","9,418.389","9,584.554","7,127.094","7,166.239","5,978.284","2,454.69","2,657.148","2,526.955","2,068.378","2,027.575","2,038.362","1,942.949","1,876.981","1,848.796","1,833.107","1,589.909",586.119,77.498,578.74,388.785,401.495,414.207,396.155,340.323,268.335,225,134.177,102.484,71.828,56.557,45.419,29.92,-,-,-,-,54.528,-
  Long-Term Capital Lease Obligation,"2,348","2,188","2,705","1,733.697","1,407.653",201.389,-,12.855,9.965,2.83,0.496,0.8,0.888,0.018,"2,400",,"2,400","2,364","2,348","2,262","2,227","2,162","2,188","2,287","2,403.9","2,184.379","2,705","1,676.035","1,704.372","1,721.284","1,733.697","1,693.871","1,601.779","1,487.076","1,407.653",-,-,-,201.389,-,11.254,11.265,-,33.342,33.312,12.572,12.855,10.931,9.249,10.46,9.965,6.278,4.72,3.721,2.83,0.661,0.359,0.421,0.496,0.566,0.639,0.719,0.8,0.711,-,-,0.888,0.018
Long-Term Debt & Capital Lease Obligation,"10,861","12,590","11,116","11,152.086","7,385.937","2,269.767","1,876.981",598.974,411.46,271.165,72.324,0.8,55.416,0.018,"9,278",,"9,278","10,383","10,861","11,738","11,518","11,701","12,590","12,383","12,309.747","10,834.402","11,116","11,348.648","11,217.762","10,485.012","11,152.086","11,278.425","8,728.873","8,653.315","7,385.937","2,454.69","2,657.148","2,526.955","2,269.767","2,027.575","2,049.616","1,954.214","1,876.981","1,882.138","1,866.419","1,602.481",598.974,88.429,587.989,399.245,411.46,420.485,400.875,344.044,271.165,225.661,134.536,102.905,72.324,57.123,46.058,30.639,0.8,0.711,-,-,55.416,0.018
Debt-to-Equity,0.597,2.207,2.809,2.863,1.807,2.674,2.729,0.91,3.742,1.25,0.351,-0.004,-0.279,-0.001,0.449,,0.449,0.544,0.597,0.946,1.57,1.657,2.207,2.386,2.467,2.723,2.809,2.984,3.41,2.805,2.863,2.484,1.87,1.936,1.807,1.013,1.303,3.259,2.674,2.038,3.754,3.129,2.729,2.598,2.593,2.413,0.91,1.2,0.943,2.702,3.742,-17.023,7.056,2.378,1.25,0.769,0.387,0.615,0.351,0.261,-0.15,0.7,-0.004,-0.004,-,-,-0.279,-0.001
Pension And Retirement Benefit,-,-,-,-,-,-,-,-,-,-,-,-,-,-,-,,-,-,-,-,-,-,-,-,-,-,-,-,-,-,-,-,-,-,-,-,-,-,-,-,-,-,-,-,-,-,-,-,-,-,-,-,-,-,-,-,-,-,-,-,-,-,-,-,-,-,-,-
NonCurrent Deferred Liabilities,"1,435","1,273","1,050","1,224.619",888.756,463.447,292.271,181.18,9.465,6.985,5.702,2.387,-,-,"1,381",,"1,381","1,438","1,435","1,233","1,198","1,199","1,273","1,140","1,182.042","1,157.343","1,050","1,007.769",849.478,870.472,"1,224.619","1,126.003","1,073.199",989.332,888.756,581.202,533.253,496.997,463.447,362.261,334.628,312.85,292.271,270.997,251.003,227.287,181.18,139.828,75.278,12.091,9.465,2.477,6.783,7.008,6.985,7.159,6.534,6.319,5.702,4.95,3.987,1.427,2.387,1.028,-,-,-,-
Other Long-Term Liabilities,"2,529","2,312","1,824","3,369.409","3,024.292","1,439.986",642.539,294.496,29.457,19.914,15.443,323.271,108.062,101.369,"2,471",,"2,471","2,410","2,529","2,526","2,425","2,324","2,312","2,244","2,221.801","2,210.357","1,824","1,828.667","1,973.821","1,951.015","3,369.409","3,458.989","3,480.54","3,368.846","3,024.292","2,793.627","2,391.853","2,009.686","1,439.986","1,289.234",983.619,834.588,642.539,486.527,408.858,345.116,294.496,204.328,108.606,28.236,29.457,28.284,20.47,20.452,19.914,19.131,17.897,17.351,15.443,10.297,339.07,9.97,323.271,323.823,-,-,108.062,101.369
Total Long-Term Liabilities,"14,825","16,175","13,990","15,746.114","11,298.985","4,173.2","2,811.791","1,074.65",450.382,298.064,93.469,326.458,163.478,101.387,"13,130",,"13,130","14,231","14,825","15,497","15,141","15,224","16,175","15,767","15,713.59","14,202.102","13,990","14,185.084","14,041.061","13,306.499","15,746.114","15,863.417","13,282.612","13,011.493","11,298.985","5,829.519","5,582.254","5,033.638","4,173.2","3,679.07","3,367.863","3,101.652","2,811.791","2,639.662","2,526.28","2,174.884","1,074.65",432.585,771.873,439.572,450.382,451.246,428.128,371.504,298.064,251.951,158.967,126.575,93.469,72.37,389.115,42.036,326.458,325.562,-,-,163.478,101.387
Total Liabilities,"29,073","26,842","23,983","23,420.784","17,125.99","6,984.235","4,918.957","1,749.81",989.49,489.403,179.034,383.947,251.413,152.683,"29,501",,"29,501","29,108","29,073","28,799","27,411","27,210","26,842","25,913","25,302.363","23,444.902","23,983","23,960.408","23,182.423","21,956.858","23,420.784","22,332.357","19,828.967","19,256.932","17,125.99","9,911.909","9,348.658","8,221.337","6,984.235","6,232.841","5,752.251","5,294.033","4,918.957","4,479.439","4,102.13","3,588.354","1,749.81","1,602.044","1,258.418",975.195,989.49,837.052,714.654,607.226,489.403,406.132,297.703,239.551,179.034,141.698,457.749,101.141,383.947,386.561,-,-,251.413,152.683
,,,,,,,,,,,,,,,,,,,,,,,,,,,,,,,,,,,,,,,,,,,,,,,,,,,,,,,,,,,,,,,,,,,,
Common Stock,1,1,-,0.169,0.161,0.131,0.126,0.123,0.115,0.104,0.095,0.007,0.007,0.018,1,,1,1,1,1,-,-,1,-,0.179,0.174,-,0.171,0.17,0.17,0.169,0.168,0.163,0.161,0.161,0.15,0.148,0.134,0.131,0.131,0.127,0.126,0.126,0.125,0.125,0.124,0.123,0.123,0.121,0.115,0.115,0.106,0.105,0.105,0.104,0.104,0.104,0.096,0.095,0.093,0.008,0.078,0.007,0.021,-,-,0.007,0.018
Preferred Stock,-,-,-,-,-,-,-,-,-,-,-,-,-,-,-,,-,-,-,-,-,-,-,-,-,-,-,-,-,-,-,-,-,-,-,-,-,-,-,-,-,-,-,-,-,-,-,-,-,-,-,-,-,-,-,-,-,-,-,-,-,-,-,-,-,-,-,-
Retained Earnings,"-5,399","-6,083","-5,318","-4,974.299","-2,997.237","-2,322.323","-1,433.66","-1,139.62","-1,065.606",-669.392,-414.982,-260.654,-204.914,-122.132,"-3,608",,"-3,608","-4,750","-5,399","-5,669","-6,000","-6,104","-6,083","-6,188","-6,331.639","-5,923.305","-5,318","-5,457.315","-5,768.831","-5,051.292","-4,974.299","-4,298.96","-3,679.584","-3,343.187","-2,997.237","-2,875.9","-2,897.778","-2,604.59","-2,322.323","-2,001.926","-1,772.068","-1,587.841","-1,433.66","-1,326.041","-1,251.327","-1,189.42","-1,139.62","-1,123.355","-1,084.858","-1,054.357","-1,065.606",-975.674,-864.871,-759.265,-669.392,-587.903,-522.826,-463.922,-414.982,-363.624,-328.689,-290.173,-260.654,-236.412,-,-,-204.914,-122.132
Accumulated other comprehensive income (loss),363,-36,-8,33.348,-23.74,-3.556,-0.022,-,-,-0.003,-,-,-,-,206,,206,143,363,125,-40,-113,-36,-120,-5.605,-35.019,-8,8.271,18.545,82.921,33.348,21.25,10.961,-20.769,-23.74,25.31,34.193,13.565,-3.556,-23.985,-14.804,-15.965,-0.022,-,-,-,-,-,-,-,-,-,-,-0.006,-0.003,-0.024,-,-,-,-,-,-,-,-,-,-,-,-
Additional Paid-In Capital,"27,260","12,736","10,249","9,178.024","7,773.727","3,409.452","2,345.266","1,806.617","1,190.191",893.336,621.935,7.124,5.193,4.268,"28,205",,"28,205","27,623","27,260","21,574","15,895","15,390","12,736","12,348","12,052.458","10,563.746","10,249","9,957.711","9,656.537","9,418.896","9,178.024","8,989.022","8,774.212","8,351.514","7,773.727","5,530.928","5,383.731","3,561.256","3,409.452","3,340.436","2,502.679","2,429.677","2,345.266","2,284.01","2,203.535","2,101.352","1,806.617","1,687.397","1,714.163","1,222.825","1,190.191",947.693,926.981,913.04,893.336,881.941,871.174,631.564,621.935,583.454,18.906,334.274,7.124,5.746,-,-,5.193,4.268
Treasury Stock,-,-,-,-,-,-,-,-,-,-,-,-,-,-,-,,-,-,-,-,-,-,-,-,-,-,-,-,-,-,-,-,-,-,-,-,-,-,-,-,-,-,-,-,-,-,-,-,-,-,-,-,-,-,-,-,-,-,-,-,-,-,-,-,-,-,-,-
Other Stockholders Equity,-,-,-,-,-,-,-,-,-,-,-,-,-,-,-,,-,-,-,-,-,-,-,-,-,-,-,-,-,-,-,-,-,-,-,-,-,-,-,-,-,-,-,-,-,-,-,-,-,-,-,-,-,-,-,-,-,-,-,-,-,-,-,-,-,-,-,-
Total Stockholders Equity,"22,225","6,618","4,923","4,237.242","4,752.911","1,083.704",911.71,667.12,124.7,224.045,207.048,-253.523,-199.714,-117.846,"24,804",,"24,804","23,017","22,225","16,031","9,855","9,173","6,618","6,040","5,715.393","4,605.596","4,923","4,508.838","3,906.421","4,450.695","4,237.242","4,711.48","5,105.752","4,987.719","4,752.911","2,680.488","2,520.294",970.365,"1,083.704","1,314.656",715.934,825.997,911.71,958.094,952.333,912.056,667.12,564.165,629.426,168.583,124.7,-27.875,62.215,153.874,224.045,294.118,348.452,167.738,207.048,219.923,-309.775,44.179,-253.523,-230.645,-,-,-199.714,-117.846
Minority Interest,850,849,834,997.346,785.175,-,-,-,-,-,-,-,-,-,841,,841,847,850,861,869,867,849,842,854.841,862.026,834,793.467,821.156,863.876,997.346,"1,063.237","1,108.986",809.075,785.175,-,-,-,-,-,-,-,-,-,-,-,-,-,-,-,-,-,-,-,-,-,-,-,-,-,-,-,-,-,-,-,-,-
Total Equity,"23,075","7,467","5,757","5,234.588","5,538.086","1,083.704",911.71,667.12,124.7,224.045,207.048,-253.523,-199.714,-117.846,"25,645",,"25,645","23,864","23,075","16,892","10,724","10,040","7,467","6,882","6,570.234","5,467.622","5,757","5,302.305","4,727.577","5,314.571","5,234.588","5,774.717","6,214.738","5,796.794","5,538.086","2,680.488","2,520.294",970.365,"1,083.704","1,314.656",715.934,825.997,911.71,958.094,952.333,912.056,667.12,564.165,629.426,168.583,124.7,-27.875,62.215,153.874,224.045,294.118,348.452,167.738,207.048,219.923,-309.775,44.179,-253.523,-230.645,-,-,-199.714,-117.846
Equity-to-Asset,0.426,0.193,0.166,0.148,0.21,0.134,0.156,0.276,0.112,0.314,0.536,-1.944,-3.863,-3.383,0.45,,0.45,0.435,0.426,0.351,0.258,0.246,0.193,0.184,0.179,0.159,0.166,0.154,0.14,0.163,0.148,0.168,0.196,0.199,0.21,0.213,0.212,0.106,0.134,0.174,0.111,0.135,0.156,0.176,0.188,0.203,0.276,0.26,0.333,0.147,0.112,-0.034,0.08,0.202,0.314,0.42,0.539,0.412,0.536,0.608,-2.093,0.304,-1.944,-1.479,-,-,-3.863,-3.383
,,,,,,,,,,,,,,,,,,,,,,,,,,,,,,,,,,,,,,,,,,,,,,,,,,,,,,,,,,,,,,,,,,,,
Cashflow Statement:,,,,,,,,,,,,,,,,,,,,,,,,,,,,,,,,,,,,,,,,,,,,,,,,,,,,,,,,,,,,,,,,,,,,
Net Income From Continuing Operations,862,-775,"-1,063","-2,241",-773.046,-888.663,-294.04,-74.014,-396.213,-254.411,-154.328,-55.74,-82.782,-78.157,"2,307",,"1,178",464,296,369,129,68,132,150,-389,-668,210,254.333,-742.706,-784.627,-771.229,-671.163,-401.427,-397.181,-219.469,21.878,-293.188,-282.267,-320.397,-229.858,-184.227,-154.181,-107.629,-74.709,-61.902,-49.8,-16.264,-38.496,-30.502,11.248,-89.931,-110.806,-105.603,-89.873,-81.489,-65.078,-58.903,-48.941,-51.358,-34.934,-38.517,-29.519,-24.242,-4.615,-10.867,-16.016,-,-
"Cash Flow Depreciation, Depletion and Amortization","2,322","2,154","1,901","1,636",947.099,422.59,231.931,106.083,28.825,16.919,10.623,6.94,4.157,2.895,"2,504",,681,621,618,584,567,553,577,530,579,468,497,502.512,485.255,416.233,469.603,400.624,389.171,376.602,326.939,280.468,183.232,156.46,143.723,110.366,91.389,77.112,67.976,64.972,54.715,44.268,37.585,28.45,22.198,17.85,12.792,7.522,4.348,4.163,4.804,4.28,4.318,3.517,2.89,3.109,2.483,2.141,1.935,1.948,1.685,1.372,1.294,-
  Change In Receivables,-652,-367,-497,-25,-216.565,46.267,-183.658,-21.705,-17.303,-2.829,-3.222,-0.168,-3.261,-0.059,-699,,-259,-24,-102,-314,-222,-14,-217,18,-68,-100,189,-587.491,70.633,-169.142,80.643,-182.686,-14.498,91.541,-106.055,-109.084,157.901,-159.327,-32.106,15.541,60.657,2.175,-74.486,-61.241,-24.21,-23.721,-0.989,66.162,-67.581,-19.297,-17.678,1.858,2.567,-4.05,8.711,5.058,-3.048,-13.55,1.353,-1.597,-0.535,-2.443,-2.102,3.16,-4.015,2.789,-,-
  Change In Inventory,-422,-429,"-1,023",-179,-632.867,-369.364,"-1,050.264",-460.561,-194.726,-13.638,-28.513,-7.925,-18.839,-2.108,-574,,-581,-106,180,-67,446,-981,56,-133,457,-809,88,-55.444,-733.475,-322.081,239.97,-25.268,-269.188,-124.514,-287.536,872.6,-705.26,-512.671,722.018,-385.162,-399.011,-307.209,-377.601,-214.531,-259.538,-198.594,-102.144,-229.17,-147.467,18.22,-90.694,-85.594,-12.838,-5.6,-2.807,2.133,-6.001,-6.963,-5.644,-13.837,-3.525,-5.507,-3.893,4.731,-3.82,-4.943,-,-
  Change In Prepaid Assets,-251,-288,-82,-72,56.806,-29.595,-60.637,-17.533,1.121,-0.248,-4.977,-2.042,0.75,-1.884,-81,,12,-143,39,11,-147,-154,-52,-97,-93,-46,-51,64.194,-45.193,-50.001,51.832,-10.64,-37.688,-75.504,22.17,15.142,28.628,-9.134,6.367,-32.577,40.09,-43.475,-31.12,-5.31,-12.778,-11.429,-8.418,-5.55,-0.99,-2.575,-0.63,-0.829,0.097,2.483,0.937,-1.343,1.581,-1.423,-1.868,-2.253,-0.54,-0.316,0.142,-0.06,-1.895,-0.229,-,-
  Change In Payables And Accrued Expense,"2,102",646,"1,797",388,750.64,263.345,414.856,87.413,199.547,30.511,13.133,4.289,11.448,8.095,"4,066",,920,672,"1,337","1,137",-107,-265,503,56,128,-41,169,718.28,591.737,317.983,217.674,157.092,10.703,2.531,53.112,484.579,152.356,60.593,174.107,27.977,13.768,47.493,160.961,68.184,88.174,97.537,27.659,53.153,-19.986,26.587,128.03,65.166,12.674,-6.323,-7.488,11.881,18.376,7.742,7.271,4.378,4.991,-3.507,1.195,0.326,1.082,1.686,-,-
Change In Other Working Capital,-593,89,-137,-609,-651.875,-403.942,622.878,561.344,56.303,61.432,12.404,-31.697,26.134,15.166,"-1,171",,-416,-411,-212,-132,-216,-33,-59,-36,-136,320,-196,211.876,-50.691,-102.185,-93.478,-188.266,-170.422,-156.834,-228.286,"-1,298.958",525.859,349.51,-885.992,181.774,154.445,145.831,208.857,118.213,143.107,152.701,181.328,200.461,173.607,5.948,6.346,7.265,20.183,22.509,26.632,12.784,13.436,8.58,5.584,-1.863,2.721,5.962,-4.46,-29.805,3.746,-1.178,-,-
Change In Working Capital,184,-349,58,-497,-693.861,-493.289,-256.825,148.958,44.942,75.228,-11.175,-37.543,16.232,19.21,"1,541",,-324,-12,"1,242",635,-246,"-1,447",231,-192,288,-676,199,351.415,-166.989,-325.426,496.641,-249.768,-481.093,-262.78,-546.595,-35.721,159.484,-271.029,-15.606,-192.447,-130.051,-155.185,-113.389,-94.685,-65.245,16.494,97.436,85.056,-62.417,28.883,25.374,-12.134,22.683,9.019,25.985,30.513,24.344,-5.614,6.696,-15.172,3.112,-5.811,-9.118,-21.648,-4.902,-1.875,-,-
Deferred Tax,-,-,-,-,-,-,-,-,-,-,-,-,-,-,-,,-,-,-,-,-,-,-,-,-,-,-,-,-,-,-,-,-,-,-,-,-,-,-,-,-,-,-,-,-,-,-,-,-,-,-,-,-,-,-,-,-,-,-,-,-,-,-,-,-,-,-,-
Stock Based Compensation,"1,734",898,749,467,334.23,198,156.5,80.74,50.15,29.42,21.16,1.43,0.44,0.2,"2,264",,474,614,633,543,347,211,281,199,210,208,205,205.02,197.34,141.64,134.59,112.65,116.04,103.72,87.71,89.54,67.31,89.66,55.64,56,43.34,43.03,44.52,39.16,35.78,37.04,25.17,20.98,19.71,14.87,14.42,12.48,12.54,10.71,8.68,7.89,6.93,5.93,7.84,3.81,6.12,3.39,0.99,0.21,0.15,0.09,-,-
Asset Impairment Charge,202,193,85,132,65.52,44.94,15.609,14.476,4.929,1.828,0.951,1.353,4.297,-,202,,39,49,62,52,43,45,26,51,35,81,25,13.902,27.552,18.546,33.653,27.092,44.337,26.918,15.231,20.564,16.715,13.01,21.637,7.353,10.049,5.901,1.114,10.645,2.272,1.578,7.688,1.199,4.057,1.532,0.84,0.411,1.066,2.612,0.408,0.768,0.269,0.383,0.299,0.301,0.21,0.141,0.324,0.314,-,-,-,-
Cash from Discontinued Operating Activities,-,-,-,-,-,-,-,-,-,-,-,-,-,-,-,,-,-,-,-,-,-,-,-,-,-,-,-,-,-,-,-,-,-,-,-,-,-,-,-,-,-,-,-,-,-,-,-,-,-,-,-,-,-,-,-,-,-,-,-,-,-,-,-,-,-,-,-
Cash Flow from Others,639,284,368,442,-3.771,191.923,89.488,-11.439,3.552,2.982,4.952,2.735,5.244,2.383,366,,76,-95,168,217,124,130,178,18,141,-53,99,63.858,69.884,135.258,146.287,80.003,132.8,82.91,-112.025,46.92,16.783,44.561,85.154,45.246,9.984,51.529,21.006,26.621,32.718,9.143,-17.628,4.847,11.656,-10.304,1.28,1.501,0.702,0.069,0.854,0.136,0.554,1.428,-0.651,-3.071,6.345,2.329,1.104,0.302,1.768,0.266,-,-
Cash Flow from Operations,"5,943","2,405","2,098",-61,-123.829,-524.499,-57.337,264.804,-263.815,-128.034,-127.817,-80.825,-52.412,-53.469,"9,184",,"2,124","1,641","3,019","2,400",964,-440,"1,425",756,864,-640,"1,235","1,391.04",-129.664,-398.376,509.545,-300.562,-200.172,-69.811,-448.209,423.649,150.336,-249.605,-29.849,-203.34,-159.516,-131.794,-86.402,-27.996,-1.662,58.723,133.987,102.036,-35.298,64.079,-35.225,-101.026,-64.264,-63.3,-40.758,-21.491,-22.488,-43.297,-34.284,-45.957,-20.247,-27.329,-29.007,-23.489,-12.166,-16.163,-,-
,,,,,,,,,,,,,,,,,,,,,,,,,,,,,,,,,,,,,,,,,,,,,,,,,,,,,,,,,,,,,,,,,,,,
"Purchase Of Property, Plant, Equipment","-3,232","-1,432","-2,319","-4,081","-1,440.471","-1,634.85",-969.885,-264.224,-239.228,-184.226,-105.413,-11.884,-10.63,-9.802,"-5,060",,"-1,515","-1,360","-1,164","-1,021",-566,-481,-449,-410,-268,-305,-354,-559.15,-677.213,-728.637,-905.789,"-1,244.727","-1,157.912",-772.572,-681.281,-247.611,-294.72,-216.859,-411.222,-392.403,-405.165,-426.06,-368.661,-284.175,-175.685,-141.364,-89.434,-76.548,-40.515,-57.727,-64.053,-62.398,-58.003,-54.774,-40.592,-68.844,-54.314,-20.476,-82.358,-7.768,-9.815,-5.472,-6.199,-2.256,-2.527,-0.902,-,-
"Sale Of Property, Plant, Equipment",-,-,-,-,-,-,-,-,-,-,-,-,-,-,-,,-,-,-,-,-,-,-,-,-,-,-,-,-,-,-,-,-,-,-,-,-,-,-,-,-,-,-,-,-,-,-,-,-,-,-,-,-,-,-,-,-,-,-,-,-,-,-,-,-,-,-,-
Purchase Of Business,-13,-45,-18,-115,-,-12.26,-,-,-,-,-,-,-,-,-,,-,-,-,-,-,-,-,-,-,-,-,-,-,-,-,-,-,-109.147,-,-,-,-,-,-,-,-,-,-,-,-,-,-,-,-,-,-,-,-,-,-,-,-,-,-,-,-,-,-,-,-,-,-
Sale Of Business,-,-,-,-,-,-,-,-,-,-,-,-,-,-,-,,-,-,-,-,-,-,-,-,-,-,-,-,-,-,-,-,-,-,-,-,-,-,-,-,-,-,-,-,-,-,-,-,-,-,-,-,-,-,-,-,-,-,-,-,-,-,-,-,-,-,-,-
Purchase Of Investment,-,-,-,-,-,-,-205.841,-,-14.992,-64.952,-,-,-,-,-,,-,-,-,-,-,-,-,-,-,-,-,-,-,-,-,-,-,-,-,-,-,-,-,-,-,-,-0.01,-5.563,-11.157,-189.111,-,-,-,-,-,-,-,-14.992,-,-64.952,-,-,-,-,-,-,-,-,-,-,-,-
Sale Of Investment,-,-,-,-,16.667,-,189.131,-,40,40,-,-,-,-,-,,-,-,-,-,-,-,-,-,-,-,-,-,-,-,-,-,-,-,-,-,-,-,-,-,-,-,-,-,-,-,-,-,-,-,-,-,25,15,-,-,-,-,-,-,-,-,-,-,-,-,-,-
Net Intangibles Purchase And Sale,-10,-5,-,-,-,-,-,-,-,-,-,-,-,-,"-1,233",,-,"-1,228",-,-5,-,-,-,-,-,-,-,-,-,-,-,-,-,-,-,-,-,-,-,-,-,-,-,-,-,-,-,-,-,-,-,-,-,-,-,-,-,-,-,-,-,-,-,-,-,-,-,-
Cash From Discontinued Investing Activities,-,-,-,-,-,-,-,-,-,-,-,-,-,-,-,,-,-,-,-,-,-,-,-,-,-,-,-,-,-,-,-,-,-,-,-,-,-,-,-,-,-,-,-,-,-,-,-,-,-,-,-,-,-,-,-,-,-,-,-,-,-,-,-,-,-,-,-
Cash From Other Investing Activities,123,46,-,-,342.719,-26.441,-3.849,14.807,7.29,46.92,-74.884,-2.36,-0.96,0.04,110,,-,6,117,-13,-,1,46,-76,27,-1,-11,-1.396,-5.604,-,-5.853,-,-,-,421.875,-20.395,-25.134,-16.96,-3.058,-11.687,-17.672,-6.284,-3.56,-1.905,189.452,1.295,-0.071,-0.954,13.341,2.491,3.296,-1.616,17.071,-11.461,69.515,-44.374,31.192,30.587,73.808,-146.911,2.126,-3.907,-,-0.779,-1.581,-,-,-
Cash Flow from Investing,"-3,132","-1,436","-2,337","-4,196","-1,081.085","-1,673.551",-990.444,-249.417,-206.93,-162.258,-180.297,-14.244,-11.59,-9.762,"-6,183",,"-1,515","-2,582","-1,047","-1,039",-566,-480,-403,-486,-241,-306,-365,-560.546,-682.817,-728.637,-911.642,"-1,244.727","-1,157.912",-881.719,-259.406,-268.006,-319.854,-233.819,-414.28,-404.09,-422.837,-432.344,-372.231,-291.643,2.61,-329.18,-89.505,-77.502,-27.174,-55.236,-60.757,-64.014,-15.932,-66.227,28.923,-178.17,-23.122,10.111,-8.55,-154.679,-7.689,-9.379,-6.199,-3.035,-4.108,-0.902,-,-
,,,,,,,,,,,,,,,,,,,,,,,,,,,,,,,,,,,,,,,,,,,,,,,,,,,,,,,,,,,,,,,,,,,,
Issuance of Stock,"12,269",848,-,400,"1,701.734",750,-,415,221.496,231.468,268.842,-,-,-,"9,960",,-,-,"4,987","4,973",-,"2,309",-,-,848,-,-,-,-,-,-,-,-,400.175,-,-,"1,701.734",-,-,750,-,-,-,-,-,-,-,-,-,-,-,-,-,-,-,-0.013,-,-,-,238.842,-,-,-,-,-,-,-,-
Repurchase of Stock,-,-,-,-,-,-,-,-,-,-,-,-,-,-,-,,-,-,-,-,-,-,-,-,-,-,-,-,-,-,-,-,-,-,-,-,-,-,-,-,-,-,-,-,-,-,-,-,-,-,-,-,-,-,-,-,-,-,-,-,-,-,-,-,-,-,-,-
Net Issuance of Preferred Stock,-,-,-,-,-,-,-,-,-,-,-,131.822,-,44.941,-,,-,-,-,-,-,-,-,-,-,-,-,-,-,-,-,-,-,-,-,-,-,-,-,-,-,-,-,-,-,-,-,-,-,-,-,-,-,-,-,-,-,-,-,-,-,-,-,82.378,49.444,-,-,-
Issuance of Debt,"9,713","10,669","6,176","7,649","3,622.673",887.717,"2,303.271",660,188.796,204.423,71.828,25.468,55.782,-,"9,629",,"1,879","2,983","1,887","2,880","2,144","2,802","3,550","2,111","3,514","1,494","2,229",903.773,"1,267.746","1,775.481","1,831.415","3,073.324",719.74,"2,024.521","1,379.725",750.423,820.762,671.763,343.794,179.142,209.159,155.622,3.271,-,300,"2,000",-,-,660,-,-,33.255,71.274,84.267,51.251,90.823,31.693,30.656,15.271,11.138,15.499,29.92,-,-,5.846,19.622,15.532,-
Payments of Debt,"-12,201","-9,871","-6,087","-4,264","-1,904.483",-203.78,-11.179,-460.762,-15.542,-0.416,-0.315,-0.322,-0.191,-,"-15,265",,"-3,467","-4,145","-4,192","-3,461","-2,033","-2,515","-3,745","-2,064","-1,891","-2,171","-2,427","-1,125.084","-1,022.149","-1,512.767","-1,586.562","-1,063.295",-814.895,-799.248,-195.561,"-1,111.969",-588.825,-8.128,-130.874,-59.005,-10.175,-3.726,-2.477,-3.056,-3.101,-2.545,-2.045,-2.746,-441.752,-14.219,-13.858,-0.763,-0.492,-0.429,-0.191,-0.096,-0.05,-0.079,-0.082,-0.078,-0.078,-0.077,-0.047,-0.06,-0.094,-0.121,-0.073,-
Net Issuance of Debt,"-2,488",798,89,"3,385","1,718.19",683.937,"2,292.092",199.238,173.254,204.007,71.513,25.146,55.591,-,"-5,636",,"-1,588","-1,162","-2,305",-581,111,287,-195,47,"1,623",-677,-198,-221.311,245.597,262.714,244.853,"2,010.029",-95.155,"1,225.273","1,184.164",-361.546,231.937,663.635,212.92,120.137,198.984,151.896,0.794,-3.056,296.899,"1,997.455",-2.045,-2.746,218.248,-14.219,-13.858,32.492,70.782,83.838,51.06,90.727,31.643,30.577,15.189,11.06,15.421,29.843,-0.047,-0.06,5.752,19.501,15.459,-
Cash Flow for Dividends,-,-,-,-,-,-,-,-,-,-,-,-,-,-,-,,-,-,-,-,-,-,-,-,-,-,-,-,-,-,-,-,-,-,-,-,-,-,-,-,-,-,-,-,-,-,-,-,-,-,-,-,-,-,-,-,-,-,-,-,-,-,-,-,-,-,-,-
Other Financing,192,-117,485,630,324.052,89.586,-148.962,21.184,24.885,10.525,-2.31,-1.549,0.477,0.1,253,,39,146,10,58,12,112,116,71,-328,24,86,137.029,153.025,108.946,41.125,91.477,523.922,-26.699,188.663,40.676,42.913,51.8,12.118,23.841,19.367,34.26,10.531,36.81,-15.407,-180.896,12.561,26.961,378.759,17.903,228.303,7.687,1.398,8.993,2.713,2.895,232.692,3.706,30.64,-0.007,-1.727,-1.216,-1.667,0.053,0.033,0.032,-15.459,-
Cash Flow from Financing,"9,973","1,529",574,"4,415","3,743.976","1,523.523","2,143.13",635.422,419.635,446,338.045,155.419,56.068,45.041,"4,577",,"-1,549","-1,016","2,692","4,450",123,"2,708",-79,118,"2,143",-653,-112,-84.282,398.622,371.66,285.978,"2,101.506",428.767,"1,598.749","1,372.827",-320.87,"1,976.584",715.435,225.038,893.978,218.351,186.156,11.325,33.754,281.492,"1,816.559",10.516,24.215,597.007,3.684,214.445,40.179,72.18,92.831,53.773,93.609,264.335,34.283,45.829,249.895,13.694,28.627,-1.714,82.371,55.229,19.533,-,-
,,,,,,,,,,,,,,,,,,,,,,,,,,,,,,,,,,,,,,,,,,,,,,,,,,,,,,,,,,,,,,,,,,,,
Effect of Exchange Rate Changes,334,8,-23,40,-6.553,-34.278,-35.525,-6.81,-2.266,-,-,-,-,-,141,,42,-221,234,86,38,-24,14,-11,-,5,-4,-6.491,-22.611,10.102,4.264,7.8,16.293,11.643,-20.052,3.183,-2.554,12.87,-10.037,-11.185,4.599,-17.655,-17.714,-18.29,-1.438,1.917,-,0.31,-,-,-,-,-,-,-,-,-,-,-,-,-,-,-,-,-,-,-,-
Net Change in Cash,"13,118","2,506",312,198,"2,532.509",-708.805,"1,059.824",643.999,-53.376,155.708,29.931,60.35,-7.934,-18.19,"7,719",,-898,"-2,178","4,898","5,897",559,"1,764",957,377,"2,766","-1,594",754,739.721,-436.47,-745.251,-111.855,564.017,-913.024,658.862,645.16,-162.044,"1,804.512",244.881,-229.128,275.363,-359.403,-395.637,-465.022,-304.175,281.002,"1,548.019",54.998,49.059,534.535,12.527,118.463,-124.861,-8.016,-36.696,41.938,-106.052,218.725,1.097,2.995,49.259,-14.242,-8.081,-36.92,55.847,38.955,2.468,-,-
Capital Expenditure,"-3,242","-1,437","-2,319","-4,081","-1,440.471","-1,634.85",-969.885,-264.224,-239.228,-184.226,-105.413,-11.884,-10.63,-9.802,"-6,570",,"-1,515","-2,860","-1,169","-1,026",-566,-481,-449,-410,-273,-305,-354,-559.15,-677.213,-728.637,-905.789,"-1,244.727","-1,157.912",-772.572,-681.281,-247.611,-294.72,-216.859,-411.222,-392.403,-405.165,-426.06,-368.661,-284.175,-175.685,-141.364,-89.434,-76.548,-40.515,-57.727,-64.053,-62.398,-58.003,-54.774,-40.592,-68.844,-54.314,-20.476,-82.358,-7.768,-9.815,-5.472,-6.199,-2.256,-2.527,-0.902,-,-
Free Cash Flow,"2,701",968,-221,"-4,142","-1,564.3","-2,159.349","-1,027.222",0.58,-503.043,-312.26,-233.23,-92.709,-63.042,-63.271,"2,614",,609,"-1,219","1,850","1,374",398,-921,976,346,591,-945,881,831.89,-806.877,"-1,127.013",-396.244,"-1,545.289","-1,358.084",-842.383,"-1,129.49",176.038,-144.384,-466.464,-441.071,-595.743,-564.681,-557.854,-455.063,-312.171,-177.347,-82.641,44.553,25.488,-75.813,6.352,-99.278,-163.424,-122.267,-118.074,-81.35,-90.335,-76.802,-63.773,-116.642,-53.725,-30.062,-32.801,-35.206,-25.745,-14.693,-17.065,-,-
,,,,,,,,,,,,,,,,,,,,,,,,,,,,,,,,,,,,,,,,,,,,,,,,,,,,,,,,,,,,,,,,,,,,
Valuation Ratios:,,,,,,,,,,,,,,,,,,,,,,,,,,,,,,,,,,,,,,,,,,,,,,,,,,,,,,,,,,,,,,,,,,,,
PE Ratio,"1,102.61",-,-,-,-,-,-,-,-,-,-,-,-,-,385.09,,354.01,667.93,"1,102.61",854.6,550.92,-,-,-,-,-,-,-,-,-,-,-,-,-,-,-,-,-,-,-,-,-,-,-,-,-,-,-,-,-,-,-,-,-,-,-,-,-,-,-,-,-,-,-,-,-,-,-
PE Ratio without NRI,"1,102.61",-,-,-,-,-,-,-,-,-,-,-,-,-,385.09,,354.01,667.93,"1,102.61",854.6,550.92,-,-,-,-,-,-,-,-,-,-,-,-,-,-,-,-,-,-,-,-,-,-,-,-,-,-,-,-,-,-,-,-,-,-,-,-,-,-,-,-,-,-,-,-,-,-,-
Price-to-Owner-Earnings,829.22,-,-,-,-,-,-,626.88,-,-,-,-,-,-,244.34,,224.62,318.06,829.22,"39,000.91",-,-,-,-,-,-,-,-,-,-,-,-,-,-,-,-,-,-,-,-,-,-,-,-,-,-,626.88,-,-,-,-,-,-,-,-,-,-,-,-,-,-,-,-,-,-,-,-,-
PB Ratio,30.48,11.45,11.67,12.4,7.26,29.11,30.66,27.76,31,13.32,12.22,-,-,-,29.33,,26.96,27.95,30.48,25.37,20.41,10.57,11.45,7.18,7,10.55,11.67,10.07,14.97,10.15,12.4,12.16,11.82,9.16,7.26,11.41,12.47,31.69,29.11,24.73,47.62,28.88,30.66,31.76,31.4,28.35,27.76,42.01,20.71,25.89,31,-,52.99,25.46,13.32,8.64,8.7,15.81,12.22,8.65,-,-,-,-,-,-,-,-
Price-to-Tangible-Book,31.21,12.46,12.56,13.77,7.89,29.45,30.66,27.76,35.01,14.24,12.22,-,-,-,29.92,,27.5,28.57,31.21,26.22,21.52,11.2,12.46,7.88,7.65,11.42,12.56,10.94,16.51,11.17,13.77,13.35,12.89,10.02,7.89,11.41,12.47,31.69,29.45,24.73,47.62,28.88,30.66,32.21,31.86,28.78,27.76,43.06,21.18,28.26,35.01,-,52.99,25.46,14.24,8.64,8.7,15.81,12.22,8.65,-,-,-,-,-,-,-,-
Price-to-Free-Cash-Flow,282.95,76.69,-,-,-,-,-,"30,977.4",-,-,-,-,-,-,319.66,,293.86,310.23,282.95,240.75,236.28,87.48,76.69,49.51,29.15,-,-,-,-,-,-,-,-,-,-,-,-,-,-,-,-,-,-,-,-,-,-,-,-,-,-,-,-,-,-,-,-,-,-,-,-,-,-,-,-,-,-,-
Price-to-Operating-Cash-Flow,128.58,30.86,27.06,-,-,-,-,67.92,-,-,-,-,-,-,90.92,,83.58,93.22,128.58,101.18,74.78,35.73,30.86,19.35,13.83,26.61,27.06,34.36,-,-,-,-,-,611.65,-,122.55,-,-,-,-,-,-,-,183.17,100.65,99.26,67.92,261.28,-,-,-,-,-,-,-,-,-,-,-,-,-,-,-,-,-,-,-,-
PS Ratio,24.23,3.02,2.65,4.4,4.4,7.6,8.66,8.92,8.79,14.03,11.59,-,-,-,19.93,,18.32,20.72,24.23,15.34,8.04,3.71,3.02,1.74,1.57,2.15,2.65,2.61,4.24,3.58,4.4,5.16,5.75,5.05,4.4,4.9,6.2,7.02,7.6,8.31,9.11,6.72,8.66,10.53,12.15,12.26,8.92,13.64,9.66,4.77,8.79,21,21.22,20.52,14.03,11.93,15.93,5.61,11.59,4.51,5.01,-,-,-,-,-,-,-
PEG Ratio,-,-,-,-,-,-,-,-,-,-,-,-,-,-,-,,-,-,-,-,-,-,-,-,-,-,-,-,-,-,-,-,-,-,-,-,-,-,-,-,-,-,-,-,-,-,-,-,-,-,-,-,-,-,-,-,-,-,-,-,-,-,-,-,-,-,-,-
EV-to-Revenue,21.31,3.46,3.19,5.3,5.79,8.22,8.92,9.08,10,14.61,21.43,-,-,-,17.57,,15.88,17.79,21.31,14.49,8.13,4.03,3.46,2.18,2.01,2.65,3.19,3.24,5.14,4.48,5.3,6.19,6.75,6.1,5.79,5.09,6.89,7.64,8.22,8.91,9.62,7.09,8.92,10.69,12.19,12.29,9.08,13.83,9.74,4.87,10,23.84,22.91,21.79,14.61,12.38,16.29,18.31,21.43,18.81,19.59,-,-,-,-,-,-,-
EV-to-EBITDA,159.14,39.07,43.89,-610.93,101.38,-99.47,592.25,270.45,-11.26,-12.59,-17.56,-,-,-,125.81,,113.66,136.49,159.14,104.6,59.85,35.15,39.07,24.7,22.59,34.11,43.89,115.5,-115.14,-133.23,-610.93,270.73,89.8,89.15,101.38,364.3,-86.75,-88.23,-99.47,-162.04,-367.52,"-3,876.42",592.25,362.23,507.78,561.04,270.45,-611.56,-92.77,-18.27,-11.26,-9.52,-10.88,-14.57,-12.59,-11.92,-15.84,-16.51,-17.56,-16.05,-25.36,-,-,-,-,-,-,-
EV-to-EBIT,353.41,"4,246.56",-200.05,-35.85,-73.98,-43.93,-155.29,-474.9,-10.44,-11.75,-16.34,-,-,-,220.04,,198.79,278.62,353.41,251.78,165.29,140.65,"4,246.56",641.81,297.77,-299.92,-200.05,-41.01,-29.54,-26.66,-35.85,-53.34,-110.23,-89.55,-73.98,-44.35,-32.89,-37.33,-43.93,-60.82,-89.44,-91.91,-155.29,-260.59,-278.83,-292.48,-474.9,-196.75,-64.66,-15.64,-10.44,-9.01,-10.32,-13.7,-11.75,-11.12,-14.71,-15.36,-16.34,-14.82,-23.12,-,-,-,-,-,-,-
Earnings Yield (Joel Greenblatt) %,0.28,0.02,-0.5,-2.79,-1.35,-2.28,-0.64,-0.21,-9.58,-8.51,-6.12,-,-,-,0.45,,0.5,0.36,0.28,0.4,0.6,0.71,0.02,0.16,0.34,-0.33,-0.5,-2.44,-3.39,-3.75,-2.79,-1.87,-0.91,-1.12,-1.35,-2.25,-3.04,-2.68,-2.28,-1.64,-1.12,-1.09,-0.64,-0.38,-0.36,-0.34,-0.21,-0.51,-1.55,-6.39,-9.58,-11.1,-9.69,-7.3,-8.51,-8.99,-6.8,-6.51,-6.12,-6.75,-4.33,-,-,-,-,-,-,-
Forward Rate of Return (Yacktman) %,-,-,-,-,-,-,-,-2.57,-,-,-,-,-,-,-,,-,-,-,-,-,-,-,-,-,-,-,-,-,-,-,-,-,-,-,-,-,-,-,-,-,-,-,-1.49,-1.61,-1.92,-2.57,-,-,-,-,-,-,-,-,-,-,-,-,-,-,-,-,-,-,-,-,-
Shiller PE Ratio,-,-,-,-,-,-,-,-,-,-,-,-,-,-,-,,-,-,-,-,-,-,-,-,-,-,-,-,-,-,-,-,-,-,-,-,-,-,-,-,-,-,-,-,-,-,-,-,-,-,-,-,-,-,-,-,-,-,-,-,-,-,-,-,-,-,-,-
Dividend Yield %,-,-,-,-,-,-,-,-,-,-,-,-,-,-,-,,-,-,-,-,-,-,-,-,-,-,-,-,-,-,-,-,-,-,-,-,-,-,-,-,-,-,-,-,-,-,-,-,-,-,-,-,-,-,-,-,-,-,-,-,-,-,-,-,-,-,-,-
,,,,,,,,,,,,,,,,,,,,,,,,,,,,,,,,,,,,,,,,,,,,,,,,,,,,,,,,,,,,,,,,,,,,
Valuation and Quality:,,,,,,,,,,,,,,,,,,,,,,,,,,,,,,,,,,,,,,,,,,,,,,,,,,,,,,,,,,,,,,,,,,,,
Market Cap,"677,443.2","75,747.321","57,442.152","52,554.946","34,525.586","31,542","27,952.924","18,519.04","3,866.153","2,984.34","2,529.308",-,-,-,"740,686.731",,"668,824.8","643,216.59","677,443.2","406,638.716","201,189.422","96,940","75,747.321","43,353","40,023.917","48,604.899","57,442.152","45,425.276","58,478.462","45,178.962","52,554.946","57,310.599","60,337.661","45,686.841","34,525.586","30,571.791","31,423.585","30,753.876","31,542","32,515.808","34,094.83","23,850.884","27,952.924","30,426.372","29,907.399","25,856.296","18,519.04","23,698.155","13,035.474","4,364.603","3,866.153","3,099.132","3,296.621","3,917.388","2,984.34","2,542.207","3,031.046","2,651.647","2,529.308","1,902.369","2,220.659",-,-,-,-,-,-,-
Enterprise Value ($M),"672,188.2","84,931.321","68,418.152","62,315.241","40,505.66","33,242.786","28,535.291","18,280.029","4,130.929","2,984.161","2,502.353",-,-,-,"735,590.731",,"664,569.8","639,433.59","672,188.2","408,131.716","208,920.422","104,927","84,931.321","53,270","50,024.85","59,808.869","68,418.152","56,706.425","70,384.141","55,860.208","62,315.241","66,546.455","67,956.129","52,145.949","40,505.66","30,202.995","31,461.257","32,474.327","33,242.786","33,769.156","35,632.048","24,925.354","28,535.291","30,544.993","29,702.32","25,474.03","18,280.029","23,579.941","12,883.101","4,605.724","4,130.929","3,487.953","3,525.04","4,039.717","2,984.161","2,489.868","2,846.489","2,654.172","2,502.353","1,863.22","2,219.709",-,-,-,-,-,-,-
Month End Stock Price,705.67,83.67,66.56,62.27,42.74,48,44.48,30.09,6.77,5.71,5.33,-,-,-,739.38,,679.7,667.93,705.67,429.01,215.962,104.8,83.67,48.17,44.69,55.97,66.56,52.95,68.59,53.23,62.27,68.22,72.32,55.66,42.74,40.81,42.46,45.95,48,49.68,53.65,37.75,44.48,48.54,48.01,41.69,30.09,38.67,21.47,7.58,6.77,5.86,6.26,7.45,5.71,4.88,5.83,5.55,5.33,4.08,4.77,-,-,-,-,-,-,-
Net Cash per Share,-10.98,-23.66,-24.49,-24.94,-17.97,-8.81,-4.79,-1.47,-1.38,-0.4,-0.17,-0.68,-0.62,-0.35,-14.34,,-14.34,-13.31,-10.98,-15.96,-21.11,-21.62,-23.66,-23.8,-23.67,-25.46,-24.49,-25.4,-25.53,-23.75,-24.94,-23.65,-21.46,-19.57,-17.97,-9.11,-8.25,-10.13,-8.81,-7.34,-7.24,-5.99,-4.79,-3.36,-2.29,-1.62,-1.47,-1.32,-0.84,-1.32,-1.38,-1.42,-0.96,-0.69,-0.4,-0.25,0.04,-0.29,-0.17,-0.1,-0.88,-0.09,-0.68,-0.72,-,-,-0.62,-0.35
Net Current Asset Value,-3.34,-17.22,-19.13,-21.15,-14.42,-6.39,-2.77,-0.79,-0.81,-0.22,0.12,-0.61,-0.56,-0.33,-5.74,,-5.74,-5.45,-3.34,-8.35,-13.89,-14.25,-17.22,-17.57,-17.84,-19.15,-19.13,-19.62,-20.3,-19.37,-21.15,-19.43,-17.47,-15.88,-14.42,-6.33,-5.6,-7.44,-6.39,-4.94,-4.92,-3.76,-2.77,-1.78,-1.06,-0.7,-0.79,-0.63,-0.21,-0.78,-0.81,-1.04,-0.75,-0.47,-0.22,0.01,0.23,-0.03,0.12,0.21,-0.79,-,-0.61,-0.65,-,-,-0.56,-0.33
Net-Net Working Capital,-7.37,-20.61,-21.86,-23.14,-16.23,-7.64,-3.77,-1.13,-1.11,-0.34,-0.11,-0.64,-0.59,-0.34,-10.31,,-10.31,-9.69,-7.37,-12.35,-17.76,-18.16,-20.61,-20.87,-20.83,-22.35,-21.86,-22.45,-23.08,-21.66,-23.14,-21.63,-19.59,-17.81,-16.23,-7.72,-6.98,-8.8,-7.64,-6.22,-6.12,-4.92,-3.77,-2.58,-1.7,-1.17,-1.13,-0.97,-0.49,-1.05,-1.11,-1.26,-0.88,-0.62,-0.34,-0.17,0.13,-0.21,-0.11,-0.04,-0.84,-0.04,-0.64,-0.69,-,-,-0.59,-0.34
Intrinsic Value: Projected FCF,5.36,-15.49,-20.85,-22.62,-12.52,-14.16,-7.14,-,-,-,-,-,-,-,8.23,,8.23,4.42,5.36,-3.53,-12.1,-14.31,-15.49,-18.11,-20.29,-23.39,-20.85,-23.35,-27.69,-25.38,-22.62,-21.57,-17.23,-13.88,-12.52,-11.23,-13.47,-15.68,-14.16,-12.58,-11.38,-9.24,-7.14,-3.01,-2.41,-10.6,-,-,-,-,-,-,-,-,-,-,-,-,-,-,-,-,-,-,-,-,-,-
Median PS Value,214.44,189.33,-,-,-,-,-,-,-,-,-,-,-,-,313.49,,313.49,253.49,214.44,195.76,181.64,191.5,189.33,-,-,-,-,-,-,-,-,-,-,-,-,-,-,-,-,-,-,-,-,-,-,-,-,-,-,-,-,-,-,-,-,-,-,-,-,-,-,-,-,-,-,-,-,-
Peter Lynch Fair Value,-,-,-,-,-,-,-,-,-,-,-,-,-,-,-,,-,-,-,-,-,-,-,-,-,-,-,-,-,-,-,-,-,-,-,-,-,-,-,-,-,-,-,-,-,-,-,-,-,-,-,-,-,-,-,-,-,-,-,-,-,-,-,-,-,-,-,-
Graham Number,18.04,-,-,-,-,-,-,-,-,-,-,-,-,-,32.67,,32.67,22.93,17.9,13.59,9.41,-,-,-,-,-,-,-,-,-,-,-,-,-,-,-,-,-,-,-,-,-,-,-,-,-,-,-,-,-,-,-,-,-,-,-,-,-,-,-,-,-,-,-,-,-,-,-
Earnings Power Value (EPV),-,-,-,-,-,-,-,-,-,-,-,-,-,-,-20.71,,-,-,-,-,-,-,-,-,-,-,-,-,-,-,-,-,-,-,-,-,-,-,-,-,-,-,-,-,-,-,-,-,-,-,-,-,-,-,-,-,-,-,-,-,-,-,-,-,-,-,-,-
Altman Z-Score,14.85,2.21,1.8,1.27,1.28,2.49,3.73,6.76,0.19,1.76,6.43,-2.89,-,-,16.11,,14.65,14.18,14.85,9.25,5.06,2.77,2.21,1.52,1.49,1.65,1.8,1.24,1.33,1.08,1.27,1.59,1.93,1.54,1.28,1.93,1.94,2,2.49,3.09,3.59,2.91,3.73,4.52,4.88,4.81,6.76,8.78,6.17,1.36,0.19,-1.01,-,1.63,1.76,2.25,4.78,4.34,6.43,6.34,-1.4,-3.22,-2.89,-2.02,-,-,-,-
Piotroski F-Score,8,5,5,2,5,2,2,7,3,3,3,-,-,-,8,,8,8,8,8,7,6,5,5,6,7,5,4,2,2,2,3,4,6,5,6,3,2,2,2,3,4,2,5,4,7,7,7,5,4,3,2,2,2,3,3,-,-,3,4,-,-,-,-,-,-,-,-
Beneish M-Score,-2.72,-2.47,-2.16,-2.51,0.51,-2.61,-0.74,-0.68,-0.32,-3.1,-1.99,-,-,-,-2.67,,-2.67,-2.75,-2.72,-2.54,-2.61,-2.65,-2.47,-2.7,-2.1,-2.29,-2.16,-2.17,-2.35,-2.18,-2.51,-0.46,0.17,-0.51,0.51,-1.58,-2.38,-1.96,-2.61,-2.5,-2.05,-1.41,-0.74,-1.65,-3.17,-2.57,-0.68,5.64,4.49,0.8,-0.32,-2.87,-4.24,-3.79,-3.1,-2.48,-1.27,-1.25,-1.99,4.44,-,-,-,-,-,-,-,-
Scaled Net Operating Assets,0.495,0.531,0.555,0.618,1.33,0.478,0.618,0.384,0.546,0.58,1.381,-6.23,-4.399,-3.874,0.388,,0.388,0.369,0.371,0.46,0.472,0.5,0.482,0.501,0.544,0.532,0.543,0.566,0.58,0.528,0.498,0.536,0.508,0.505,0.852,0.195,0.278,0.334,0.369,0.397,0.368,0.326,0.275,0.213,0.166,0.219,0.198,0.236,0.417,0.368,0.481,0.465,0.382,0.387,0.32,0.374,0.402,0.441,0.498,1.222,-2.138,0.104,-2.066,-,-,-,-4.399,-3.874
Sloan Ratio %,-4.07,-5.36,-2.48,8.01,2.34,16.23,12.93,-3.7,6.69,5.03,39.83,30.15,-36.33,-42.85,-1.54,,-1.54,-3.17,-4.07,-2.87,-1.08,-3.08,-5.36,-5.01,-6.39,-3.15,-2.48,-0.96,4.17,7.67,8.01,11.23,8.05,3.79,2.34,0.54,4.88,11.97,16.23,20.36,21.71,15.41,12.93,6.29,0.67,2.86,-3.7,-1.04,5.01,3.26,6.69,-0.14,10.19,11.99,5.03,13.85,19.83,32.12,39.83,47.92,19.92,31.29,30.15,-,-,-,-,-
Current Ratio,1.88,1.13,0.83,0.86,1.07,0.99,1.51,1.88,0.97,1.95,2.76,1.75,0.36,0.43,1.51,,1.51,1.66,1.88,1.63,1.25,1.24,1.13,1.08,1.06,0.83,0.83,0.81,0.73,0.74,0.86,1.09,0.97,1.13,1.07,1.27,1.38,1.02,0.99,1.17,1.1,1.33,1.51,1.83,2.18,2.23,1.88,1.04,2.32,0.98,0.97,0.74,1.11,1.52,1.95,2.67,3.01,2.01,2.76,3.48,1.31,1.7,1.75,2.16,-,-,0.36,0.43
Quick Ratio,1.59,0.8,0.52,0.56,0.72,0.54,1.06,1.37,0.48,1.69,2.23,1.35,0.17,0.39,1.22,,1.22,1.38,1.59,1.32,0.92,0.87,0.8,0.73,0.71,0.42,0.52,0.47,0.37,0.44,0.56,0.71,0.6,0.77,0.72,0.87,0.95,0.61,0.54,0.67,0.59,0.85,1.06,1.42,1.81,1.91,1.37,0.74,1.8,0.54,0.48,0.33,0.87,1.29,1.69,2.35,2.62,1.56,2.23,2.91,0.88,1.22,1.35,1.84,-,-,0.17,0.39
Interest Coverage,2.67,0.12,-,-,-,-,-,-,-,-,-,-,-,-,5.51,,17.8,4.98,2.34,4.96,1.92,1.67,2.04,1.41,-,-,2.39,2.53,-,-,-,-,-,-,-,1.83,-,-,-,-,-,-,-,-,-,-,-,-,-,-,-,-,-,-,-,-,-,-,-,-,-,-,-,-,-,-,-,-
Highest Stock Price,705.67,86.19,75.91,77,53.08,56.45,57.21,38.67,7.6,6.99,7.09,-,-,-,900.4,,762.32,883.09,705.67,498.32,215.962,183.484,86.19,52.98,58.36,69.46,75.36,75.91,74.17,71.48,71.93,77,76.69,56.2,43.95,46.96,53.08,47.66,49.51,56.45,53.76,44.2,52.12,57.21,48.01,50.97,38.6,38.67,22.07,7.9,7.06,7.19,7.6,7.59,6.99,5.95,6.03,5.69,7.09,4.4,4.78,-,-,-,-,-,-,-
Lowest Stock Price,72.244,35.79,50.11,43.4,28.73,37,27.87,6.58,4.56,4.37,-,-,-,-,351.3,,563.46,563,388.04,223.926,90.894,72.244,46.29,42.28,35.79,52.08,50.11,52.65,50.5,51.56,59.85,61.77,59,43.4,36.29,38.89,38.63,28.73,41.39,43.77,37.52,37,39.56,43.08,35.72,27.87,24.1,21.81,8.1,6.58,5.47,5.22,5.51,4.56,4.73,4.39,4.93,4.37,4.01,3.16,-,-,-,-,-,-,-,-
Shares Buyback Ratio %,-6.04,-4.9,-2.25,-4.48,-22.93,-4.56,-2.11,-7.77,-9.26,-10.14,-1.93,-19.41,-,-,-5.625,,-2.18,-0.31,-1.28,-1.75,-0.71,-2.17,-0.59,-0.49,-3.13,-0.63,-0.6,-0.62,-0.45,-0.56,-0.46,-0.69,-1.64,-1.61,-7.83,-1.22,-10.58,-1.85,-0.4,-2.99,-0.58,-0.54,-0.26,-0.62,-0.44,-0.77,-0.43,-0.94,-5.44,-0.83,-7.98,-0.43,-0.15,-0.61,-0.33,-0.2,-8.82,-0.68,-1.77,-0.15,-,-,-19.41,-,-,-,-,-
Buyback Yield %,-1.81,-1.12,-,-0.76,-4.93,-2.38,-,-2.24,-5.73,-7.76,-10.63,-,-,-,-1.34,,-,-,-2.94,-4.89,-,-9.53,-,-,-8.47,-,-,-,-,-,-,-,-,-3.5,-,-,-21.66,-,-,-9.23,-,-,-,-,-,-,-,-,-,-,-,-,-,-,-,-,-,-,-,-50.22,-,-,-,-,-,-,-,-
YoY Rev. per Sh. Growth,5.09,10.13,77.59,45.93,53.81,22.89,52.32,337.98,89.22,-11.61,60.33,659.35,-,-,38.07,,83.42,52.29,13.63,16.11,-18.8,14.69,-2.35,-10.84,52.38,30.25,115.8,114.88,39.43,21.18,31.86,21.82,86.11,92.36,59.06,101.69,20.36,15.85,21.49,6.49,21.74,48.49,52.19,92.66,80.64,11.17,86.07,645.71,"1,253.49","1,470.33",613.91,-14.33,-57.44,-44.11,-1.39,63.65,-83.99,130.44,60.41,-42.01,975.42,-16.55,31.23,-,-,-,-,-
YoY EPS Growth,165.31,14.04,51.82,-152.78,32.47,-193.64,-280.65,83.2,-45.85,16.78,-325.26,32.67,-5.92,-,392.31,,920,"1,850",114.29,68.75,121.65,102.44,-28.21,-54.29,45.26,2.15,119.45,147.3,-106.86,-105.39,-414.1,"-2,742.86",2.39,4.23,68.03,107.87,-44.14,-74.59,-183.72,-196.67,-190,-205,-561.54,-87.5,-92.31,-541.92,83.54,69.52,74,110.53,-1.28,-66.67,-66.67,-68.63,-44.14,-65.79,88.1,-60.87,-74.05,-542.05,"-3,516.4",-54.35,4.93,-,-,-,-,-
YoY EBITDA Growth (%),59.13,34.1,"1,587.22",-122.18,206.29,-773.78,-31.65,116.56,-44.84,16.01,-373.89,38.16,0.49,-,42.58,,113.87,38.8,5.4,21.93,98.88,"3,727.45",-2.64,-9.32,556.48,91.29,640.8,679.95,-169.66,-296.45,-181.89,-140.37,258.08,204.68,216.73,432.15,16.95,-62.7,"-1,660.48",-471.29,-354.18,-749.76,-124.48,910.17,97.92,-75.46,134.67,97.67,110.67,128.93,7.36,-67.42,-72.42,-71.73,-43.38,-71.17,88.03,-63.84,-80.7,-826.52,"-4,385.34",-71.04,4.45,-,-,-,-,-
5-Year EBITDA Growth Rate (Per Share),-,-,-,-,-,-,-,-,-,-,-,-,-,-,-,,-,-,-,-,-,-,-,-,-,-,-,-,-,-,-,-,-,-,-,-,-,-,-,-,-,-,-,-,-,-,-,-,-,-,-,-,-,-,-,-,-,-,-,-,-,-,-,-,-,-,-,-
Shares Outstanding (Basic Average),933,887,853,830,721.06,641.01,622.695,597.105,536.746,501.944,253.592,389.869,389.869,389.869,971,,971,961,951,937,928,915,902,897,885,865,862,855,849.985,845.73,846.545,836.47,826.06,810.645,775.525,744.955,699.915,663.38,655.665,645.03,633.445,629.735,627.525,624.555,621.252,617.364,614.187,609.312,590.968,573.559,569.049,527.781,526.212,523.922,522.181,520.384,488.786,475.937,474.542,461.354,38.217,465.547,389.869,389.869,389.869,389.869,389.869,389.869
Shares Outstanding (EOP),960,905.31,863.013,843.985,807.805,657.125,628.438,615.455,571.071,522.652,474.542,465.547,389.869,389.869,"1,001.77",,984,963,960,947.854,931.596,925,905.31,900,895.59,868.41,863.013,857.89,852.58,848.75,843.985,840.085,834.315,820.82,807.805,749.125,740.075,669.29,657.125,654.505,635.505,631.812,628.438,626.831,622.941,620.204,615.455,612.831,607.148,575.805,571.071,528.862,526.617,525.824,522.652,520.944,519.905,477.774,474.542,466.267,465.547,465.547,465.547,389.869,389.869,389.869,389.869,389.869
Beta,2.2,0.51,0.62,0.63,1.19,0.57,1.46,1.2,-,-,-,-,-,-,2.08,,2.02,2.03,2.2,1.91,1.29,0.73,0.51,0.33,0.36,-0.28,0.62,0.84,0.97,0.96,0.63,0.74,1.12,1.14,1.19,0.88,0.78,1.11,0.57,1.4,1.17,1.56,1.46,1.39,1.34,1.32,1.2,0.85,0.54,-,-,-,-,-,-,-,-,-,-,-,-,-,-,-,-,-,-,-
Restated Filing Date,02/08/21,02/08/21,02/08/21,02/13/20,02/19/19,02/23/18,03/01/17,02/24/16,02/26/15,02/26/14,03/07/13,02/27/12,03/03/11,01/29/10,07/27/21,,07/27/21,04/28/21,02/08/21,10/26/20,07/27/21,04/28/21,02/08/21,10/26/20,07/28/20,04/30/20,02/08/21,10/29/19,07/29/19,04/29/19,02/13/20,11/02/18,08/06/18,05/07/18,02/19/19,11/03/17,08/04/17,05/10/17,02/23/18,11/02/16,08/05/16,05/10/16,03/01/17,11/05/15,08/07/15,05/11/15,02/24/16,11/07/14,08/08/14,05/09/14,02/26/15,11/08/13,08/09/13,05/10/13,02/26/14,11/07/12,08/02/12,05/10/12,03/07/13,11/14/11,08/12/11,05/13/11,02/27/12,11/12/10,08/13/10,06/29/10,03/03/11,01/29/10
Filing Date,02/08/21,02/13/20,02/19/19,02/23/18,03/01/17,02/24/16,02/26/15,02/26/14,03/07/13,02/27/12,03/03/11,06/29/10,01/29/10,01/29/10,07/27/21,,07/27/21,04/28/21,02/08/21,10/26/20,07/28/20,04/30/20,02/13/20,10/29/19,07/29/19,04/29/19,02/19/19,11/02/18,08/06/18,05/07/18,02/23/18,11/03/17,08/04/17,05/10/17,03/01/17,11/02/16,08/05/16,05/10/16,02/24/16,11/05/15,08/07/15,05/11/15,02/26/15,11/07/14,08/08/14,05/09/14,02/26/14,11/08/13,08/09/13,05/10/13,03/07/13,11/07/12,08/02/12,05/10/12,02/27/12,11/14/11,08/12/11,05/13/11,03/03/11,11/12/10,08/13/10,06/29/10,06/29/10,01/29/10,08/13/10,06/29/10,01/29/10,01/29/10
Earnings Release Date,01/27/21,01/29/20,01/30/19,02/07/18,02/22/17,-,02/11/15,02/19/14,02/20/13,02/15/12,02/15/11,-,-,-,07/26/21,,07/26/21,04/26/21,01/27/21,10/21/20,07/22/20,04/29/20,01/29/20,10/23/19,07/24/19,04/24/19,01/30/19,10/24/18,08/01/18,05/02/18,02/07/18,11/01/17,08/02/17,05/03/17,02/22/17,10/26/16,08/03/16,-,-,11/03/15,08/05/15,05/06/15,02/11/15,11/05/14,07/31/14,05/07/14,02/19/14,11/05/13,08/07/13,05/08/13,02/20/13,11/05/12,07/25/12,05/09/12,02/15/12,11/02/11,08/03/11,05/04/11,02/15/11,11/09/10,08/04/10,-,-,-,-,-,-,-
Number of Shareholders,"5,353","1,685","1,145","1,156","1,109",836,769,699,534,407,365,-,-,-,"5,353",,-,-,"5,353",-,-,-,"1,685",-,-,-,"1,145",-,-,-,"1,156",-,-,-,"1,109",-,-,-,836,-,-,-,769,-,-,-,699,-,-,-,534,-,-,-,407,-,-,-,365,-,-,-,-,-,-,-,-,-
Number of Employees,"70,757","48,016","48,817","37,543","30,025","13,058","10,161","5,859","2,964","1,417",899,514,-,-,"70,757",,-,-,"70,757",-,-,-,"48,016",-,-,-,"48,817",-,-,-,"37,543",-,-,-,"30,025",-,-,-,"13,058",-,-,-,"10,161",-,-,-,"5,859",-,-,-,"2,964",-,-,-,"1,417",-,-,-,899,-,-,646,514,-,-,-,-,-
,,,,,,,,,,,,,,,,,,,,,,,,,,,,,,,,,,,,,,,,,,,,,,,,,,,,,,,,,,,,,,,,,,,,
Forex Rate,1,1,1,1,1,1,1,1,1,1,1,1,1,1,-,,1,1,1,1,1,1,1,1,1,1,1,1,1,1,1,1,1,1,1,1,1,1,1,1,1,1,1,1,1,1,1,1,1,1,1,1,1,1,1,1,1,1,1,1,1,1,1,1,1,1,1,1
,,,,,,,,,,,,,,,,,,,,,,,,,,,,,,,,,,,,,,,,,,,,,,,,,,,,,,,,,,,,,,,,,,,,
