0,1,2,3,4,5,6,7,8,9,10,11,12,13,14,15,16,17,18,19,20,21,22,23,24,25,26,27,28,29,30,31,32,33,34,35,36,37,38,39,40,41,42,43,44,45,46,47,48,49,50,51,52,53,54,55,56
"Downloaded from http://www.GuruFocus.com on Wed Sep 22 2021 15:52:18 GMT+0300 (>A:20, AB0=40@B=>5 2@5<O)",,,,,,,,,,,,,,,,,,,,,,,,,,,,,,,,,,,,,,,,,,,,,,,,,,,,,,,,
GuruFocus_NAS:FB_Financial_2021-9-22 at 15:52.csv,,,,,,,,,,,,,,,,,,,,,,,,,,,,,,,,,,,,,,,,,,,,,,,,,,,,,,,,
,,,,,,,,,,,,,,,,,,,,,,,,,,,,,,,,,,,,,,,,,,,,,,,,,,,,,,,,
NAS:FB,"Facebook Inc, USA, Communication Services, Interactive Media, Internet Content & Information",,,,,,,,,,,,,,,,,,,,,,,,,,,,,,,,,,,,,,,,,,,,,,,,,,,,,,,
Key Statistics: ,,,,,,,,,,,,,,,,,,,,,,,,,,,,,,,,,,,,,,,,,,,,,,,,,,,,,,,,
Price,357.48,,,,,,,,,,,,,,,,,,,,,,,,,,,,,,,,,,,,,,,,,,,,,,,,,,,,,,,
Market Cap (Million),1007895.02,,,,,,,,,,,,,,,,,,,,,,,,,,,,,,,,,,,,,,,,,,,,,,,,,,,,,,,
Shares Outstanding (Million),2819.44,,,,,,,,,,,,,,,,,,,,,,,,,,,,,,,,,,,,,,,,,,,,,,,,,,,,,,,
PE Ratio,26.48,,,,,,,,,,,,,,,,,,,,,,,,,,,,,,,,,,,,,,,,,,,,,,,,,,,,,,,
PB Ratio,7.31,,,,,,,,,,,,,,,,,,,,,,,,,,,,,,,,,,,,,,,,,,,,,,,,,,,,,,,
PS Ratio,9.85,,,,,,,,,,,,,,,,,,,,,,,,,,,,,,,,,,,,,,,,,,,,,,,,,,,,,,,
,,,,,,,,,,,,,,,,,,,,,,,,,,,,,,,,,,,,,,,,,,,,,,,,,,,,,,,,
Growth Rate: ,,,,,,,,,,,,,,,,,,,,,,,,,,,,,,,,,,,,,,,,,,,,,,,,,,,,,,,,
Annual Rates (per share),10 Years,5 Years,12 Months,,,,,,,,,,,,,,,,,,,,,,,,,,,,,,,,,,,,,,,,,,,,,,,,,,,,,
Revenue Growth (%),42.3,36.8,38.8,,,,,,,,,,,,,,,,,,,,,,,,,,,,,,,,,,,,,,,,,,,,,,,,,,,,,
EBITDA  Growth (%),42.9,33.8,52.1,,,,,,,,,,,,,,,,,,,,,,,,,,,,,,,,,,,,,,,,,,,,,,,,,,,,,
Free Cash Flow Growth (%),50.8,70,22.9,,,,,,,,,,,,,,,,,,,,,,,,,,,,,,,,,,,,,,,,,,,,,,,,,,,,,
Book Value Growth (%),45.6,22.5,26.2,,,,,,,,,,,,,,,,,,,,,,,,,,,,,,,,,,,,,,,,,,,,,,,,,,,,,
,,,,,,,,,,,,,,,,,,,,,,,,,,,,,,,,,,,,,,,,,,,,,,,,,,,,,,,,
30 Year Financials of NAS:FB - Facebook Inc,,,,,,,,,,,,,,,,,,,,,,,,,,,,,,,,,,,,,,,,,,,,,,,,,,,,,,,,
,,,,,,,,,,,,,,,,,,,,,,,,,,,,,,,,,,,,,,,,,,,,,,,,,,,,,,,,
"All Numbers are in Millions except per share data, ratios, and percentage data; All shares outstanding data and per share data are split adjusted",,,,,,,,,,,,,,,,,,,,,,,,,,,,,,,,,,,,,,,,,,,,,,,,,,,,,,,,
,,,,,,,,,,,,,,,,,,,,,,,,,,,,,,,,,,,,,,,,,,,,,,,,,,,,,,,,
Annual Data:,,,,,,,,,,,,,,Quarterly Data:,,,,,,,,,,,,,,,,,,,,,,,,,,,,,,,,,,,,,,,,,,
Fiscal Period:,2020-12,2019-12,2018-12,2017-12,2016-12,2015-12,2014-12,2013-12,2012-12,2011-12,2010-12,TTM/current,,2021-06,2021-03,2020-12,2020-09,2020-06,2020-03,2019-12,2019-09,2019-06,2019-03,2018-12,2018-09,2018-06,2018-03,2017-12,2017-09,2017-06,2017-03,2016-12,2016-09,2016-06,2016-03,2015-12,2015-09,2015-06,2015-03,2014-12,2014-09,2014-06,2014-03,2013-12,2013-09,2013-06,2013-03,2012-12,2012-09,2012-06,2012-03,2011-12,2011-09,2011-06,2011-03,2010-12
Per Share Data:,,,,,,,,,,,,,,,,,,,,,,,,,,,,,,,,,,,,,,,,,,,,,,,,,,,,,,,,
Revenue per Share,29.766,24.582,19.116,13.753,9.449,6.284,4.679,3.128,2.349,1.572,0.836,36.28,,10.107,9.081,9.67,7.426,6.491,6.184,7.323,6.142,5.873,5.255,5.851,4.712,4.516,4.063,4.379,3.494,3.159,2.728,2.99,2.392,2.203,1.853,2.037,1.572,1.418,1.249,1.371,1.211,1.113,0.959,1.012,0.797,0.725,0.583,0.526,0.521,0.63,0.495,0.479,0.404,0.379,0.31,-
EBITDA per Share,13.689,10.336,10.006,7.992,5.084,2.861,2.318,1.518,0.551,0.873,0.495,18.03,,4.989,4.632,5.042,3.368,2.663,2.612,3.587,2.993,2.131,1.628,3.129,2.365,2.354,2.172,2.904,1.994,1.738,1.358,1.793,1.265,1.136,0.882,1.079,0.679,0.608,0.49,0.536,0.638,0.63,0.513,0.552,0.4,0.317,0.242,0.247,0.231,-0.328,0.236,0.27,0.206,0.203,0.193,-
EBIT per Share,11.313,8.34,8.529,6.969,4.283,2.179,1.852,1.116,0.252,0.736,0.436,15.43,,4.299,3.948,4.401,2.781,2.071,2.055,3.077,2.5,1.609,1.156,2.705,1.985,2.001,1.85,2.616,1.733,1.491,1.13,1.585,1.063,0.936,0.692,0.89,0.51,0.447,0.329,0.382,0.528,0.532,0.412,0.445,0.291,0.225,0.149,0.173,0.158,-0.402,0.185,0.227,0.165,0.173,0.172,-
Earnings per Share (Diluted),10.09,6.43,7.57,5.39,3.49,1.29,1.1,0.6,0.01,0.314,0.17,13.5,,3.61,3.3,3.88,2.71,1.8,1.71,2.56,2.12,0.91,0.85,2.38,1.76,1.74,1.69,1.44,1.59,1.32,1.04,1.21,0.9,0.78,0.6,0.54,0.31,0.25,0.18,0.25,0.3,0.3,0.25,0.2,0.17,0.13,0.09,0.03,-0.02,-0.08,0.064,0.14,0.064,0.067,0.065,-
EPS without NRI,10.09,6.43,7.57,5.39,3.49,1.29,1.1,0.6,0.01,0.43,0.28,13.5,,3.61,3.3,3.88,2.71,1.8,1.71,2.56,2.12,0.91,0.85,2.38,1.76,1.74,1.69,1.44,1.59,1.32,1.04,1.21,0.9,0.78,0.6,0.54,0.31,0.25,0.18,0.25,0.3,0.3,0.25,0.2,0.17,0.13,0.09,0.03,-0.02,-0.08,0.09,0.14,0.064,0.067,0.065,-
Owner Earnings per Share (TTM),8.287,8.594,7.087,6.06,3.789,1.569,-,-,-,-,-,11.25,,11.254,8.414,8.287,6.815,6.905,8.891,8.594,8.344,7.981,7.385,7.087,7.255,6.954,6.847,6.06,5.229,4.68,4.235,3.789,3.162,2.617,2.073,1.569,1.104,-,-,-,-,-,-,-,-,-,-,-,-,-,-,-,-,-,-,-
Free Cash Flow per Share,8.183,7.376,5.258,5.914,3.972,2.733,2.063,1.136,0.174,0.399,0.172,11.138,,3.001,2.765,3.247,2.124,0.216,2.595,1.731,2.009,1.733,1.907,1.147,1.427,0.969,1.714,1.826,1.479,1.327,1.286,1.243,1.003,0.914,0.807,1.344,0.493,0.467,0.422,1.045,0.29,0.333,0.353,0.293,0.263,0.421,0.157,0.16,0.033,-0.092,-0.006,0.138,0.182,-0.001,0.081,-
Operating Cash Flow per Share,13.417,12.627,10.022,8.192,5.507,3.617,2.75,1.677,0.744,0.656,0.296,17.09,,4.604,4.248,4.836,3.4,1.347,3.836,3.155,3.238,2.997,3.244,2.635,2.574,2.149,2.669,2.59,2.073,1.816,1.718,1.673,1.377,1.255,1.197,1.586,0.766,0.66,0.599,1.229,0.472,0.513,0.493,0.482,0.376,0.528,0.288,0.226,0.103,0.128,0.206,0.216,0.239,0.055,0.146,-
Cash per Share,21.746,19.234,14.406,14.353,10.183,6.505,4.031,4.495,4.058,1.828,0.756,22.675,,22.675,22.604,21.746,19.516,20.435,21.147,19.234,18.314,17.027,15.841,14.406,14.342,14.635,15.147,14.353,13.176,12.225,11.167,10.183,9.086,8.139,7.235,6.505,5.627,5.045,4.424,4.031,5.464,5.42,4.926,4.495,3.803,4.217,3.929,4.058,4.825,4.756,1.829,1.828,-,-,-,0.756
Dividends per Share,-,-,-,-,-,-,-,-,-,-,-,-,,-,-,-,-,-,-,-,-,-,-,-,-,-,-,-,-,-,-,-,-,-,-,-,-,-,-,-,-,-,-,-,-,-,-,-,-,-,-,-,-,-,-,-
Book Value per Share,45.03,35.433,29.477,25.584,20.468,15.603,12.994,6.074,4.956,2.004,0.655,48.913,,48.913,47.046,45.03,41.309,38.753,36.936,35.433,32.936,31.101,30.293,29.477,27.964,27.458,26.747,25.584,24.504,22.924,21.496,20.468,18.81,17.604,16.544,15.603,14.719,14.09,13.365,12.994,8.143,7.125,6.528,6.074,5.319,5.08,4.904,4.956,6.544,6.213,2.618,2.004,-,-,-,0.655
Tangible Book per Share,38.125,28.557,22.611,18.666,13.325,8.097,5.107,5.398,4.371,1.928,0.615,41.93,,41.93,40.161,38.125,34.371,31.775,30.044,28.557,26.212,24.329,23.471,22.611,21.088,20.597,19.854,18.666,17.531,15.919,14.415,13.325,11.584,10.294,9.142,8.097,7.093,6.365,5.603,5.107,6.637,6.475,5.872,5.398,4.663,4.409,4.282,4.371,5.887,5.836,2.529,1.928,-,-,-,0.615
Total Debt per Share,3.74,3.62,0.175,-,-,0.111,0.084,0.187,0.993,0.317,0.2,4.249,,4.249,4.088,3.74,3.725,3.695,3.628,3.62,3.2,2.737,2.525,0.175,-,-,-,-,-,-,-,-,-,-,-,0.111,0.045,0.053,0.066,0.084,0.107,0.127,0.153,0.187,0.234,0.891,0.937,0.993,0.416,0.33,0.33,0.317,-,-,-,0.2
Month End Stock Price,273.16,205.25,131.09,176.46,115.05,104.66,78.02,54.65,26.62,-,-,357.48,,347.71,294.53,273.16,261.9,227.07,166.8,205.25,178.08,193,166.69,131.09,164.46,194.32,159.79,176.46,168.73,150.98,142.05,115.05,128.27,114.28,114.1,104.66,89.9,85.77,82.22,78.02,79.04,67.29,60.24,54.65,50.23,24.88,25.58,26.62,21.66,31.1,-,-,-,-,-,-
,,,,,,,,,,,,,,,,,,,,,,,,,,,,,,,,,,,,,,,,,,,,,,,,,,,,,,,,
Ratios:,,,,,,,,,,,,,,,,,,,,,,,,,,,,,,,,,,,,,,,,,,,,,,,,,,,,,,,,
ROE %,25.417,19.964,27.905,23.843,19.704,9.137,11.345,10.953,0.384,18.921,17.206,31,,30.584,29.004,36.481,27.508,19.2,19.004,30.142,26.662,11.94,11.388,33.475,25.729,26.018,26.253,23.458,27.331,24.186,20.161,25.135,20.058,18.669,15.165,14.517,8.814,7.433,5.533,9.712,16.209,17.969,15.872,14.587,13.293,10.954,7.362,1.327,-1.717,-6.643,10.442,16.738,-,-,28.307,-
ROE % Adjusted to Book Value,4.19,3.45,6.27,3.46,3.51,1.36,1.89,1.22,0.07,-,-,4.24,,4.3,4.63,6.01,4.34,3.28,4.21,5.2,4.93,1.92,2.07,7.53,4.37,3.68,4.39,3.4,3.97,3.67,3.05,4.47,2.94,2.88,2.2,2.16,1.44,1.22,0.9,1.62,1.67,1.9,1.72,1.62,1.41,2.24,1.41,0.25,-0.52,-1.33,-,-,-,-,-,-
ROA %,19.916,16.024,24.318,21.319,17.867,8.253,10.162,9.092,0.495,21.457,20.268,24.99,,24.886,23.534,29.354,21.937,14.897,14.431,22.806,20.184,9.24,9.396,29.01,22.488,22.79,23.004,20.885,24.637,21.852,18.337,22.909,18.209,16.94,13.701,13.025,7.912,6.678,4.997,8.742,14.343,15.901,13.91,12.745,11.091,8.625,5.789,1.644,-1.524,-5.68,12.135,19.081,-,-,31.171,-
Return-on-Tangible-Equity,30.67,25.326,37.232,34.318,33.141,19.762,20.942,12.366,0.424,19.638,18.006,36.77,,35.751,34.114,43.448,33.296,23.508,23.469,37.626,33.782,15.336,14.77,44.003,34.209,34.864,35.666,32.46,38.752,35.417,30.499,39.63,33.382,32.798,28.278,28.976,18.867,17.052,13.615,17.679,18.88,19.868,17.748,16.517,15.237,12.585,8.391,1.488,-1.869,-7.012,10.803,17.311,-,-,29.623,-
Return-on-Tangible-Asset,23.003,19.305,31.109,29.311,28.209,15.969,17.178,10.038,0.533,22.068,20.94,28.6,,28.203,26.789,33.703,25.467,17.367,16.868,26.846,24.015,11.151,11.585,36.598,28.708,29.303,29.922,27.731,33.543,30.614,26.49,34.321,28.514,27.759,23.521,23.499,15.088,13.462,10.699,14.637,16.384,17.364,15.323,14.185,12.401,9.598,6.4,1.807,-1.641,-5.947,12.458,19.582,-,-,32.205,-
ROC (Joel Greenblatt) %,65.5,66.34,112.36,149.92,140.32,103.31,116.21,85.99,24.52,150.85,136.97,79.94,,80.06,79.62,95.77,64.21,50.26,51.65,82.91,73.73,51.86,43.06,122.37,103.23,120.91,126.74,196.3,149.37,147.79,121.95,185.24,137.75,132.89,106.94,145.28,91.16,88.74,71.87,91.91,133.41,147.03,117.63,133,95.31,75.86,51.04,72.6,56.3,-125.26,83.64,137.98,-,-,215.43,-
ROCE %,-,-,-,-,-,-,-,-,-,-,-,-,,-,-,-,-,-,-,-,-,-,-,-,-,-,-,-,-,-,-,-,-,-,-,-,-,-,-,-,-,-,-,-,-,-,-,-,-,-,-,-,-,-,-,-
ROIC %,35.13,28.57,46.29,41.43,31.3,12.65,17.43,27.06,1.52,61.74,64.36,44.97,,45.38,41.95,50.73,40.11,28.21,27.7,41.89,38.75,17.14,16.86,54.7,45,48.94,47.84,42.85,50.69,44.45,35.19,43.94,33.76,30.21,22.52,21.09,12.79,10.24,7.3,15.36,45.79,55.54,43.93,37.98,35.59,28.22,18.16,5.22,-5.28,-18.12,32.57,53.23,-,-,94.25,-
WACC %,8.68,10.26,6.6,5.83,4.36,7.84,8.14,8.97,7.73,-,-,9.45,,9.32,9.5,8.68,9.13,8.64,8.2,10.26,9.32,9.74,9.58,6.6,7.25,8.16,7.38,5.83,5.7,4.99,5.23,4.36,4.06,6.6,6.53,7.84,7.09,6.31,7.93,8.14,8.48,8.48,8.67,8.97,8.57,8.39,7.78,7.73,7.63,-,-,-,-,-,-,-
Effective Interest Rate on Debt %,-,0.37,1.8,-,3.17,8.39,6.49,3.95,3.36,7.3,4.65,-,,-,-,-,-,-,-,-,-,-,-,-,-,-,-,-,-,-,-,-,-,-,-,41.72,-,-,-,36.01,-,-,-,4.57,6.13,2.53,2.6,3.93,5.47,5.67,7.52,9.45,-,-,5.92,-
,,,,,,,,,,,,,,,,,,,,,,,,,,,,,,,,,,,,,,,,,,,,,,,,,,,,,,,,
Gross Margin %,80.58,81.94,83.25,86.58,86.29,84.01,82.73,76.18,73.2,76.83,75.03,80.98,,81.43,80.39,81.44,80.47,79.51,80.5,83.44,82.13,80.42,81.32,83.47,82.39,83.27,83.9,87.58,85.98,86.73,85.57,88.11,85.92,85.75,84.43,85.89,84,83.47,81.54,83.07,82.36,83.75,81.53,81.01,74.85,74.35,71.67,74.95,74.48,69,73.82,78.16,75.26,76.54,77.15,-
Operating Margin %,38.005,33.928,44.617,49.696,44.964,34.722,40.061,35.62,10.572,47.319,52.28,42.52,,42.532,43.476,45.508,37.448,31.91,33.224,42.017,40.704,27.396,22,46.234,42.114,44.313,45.537,56.676,49.593,47.216,41.422,51.845,44.459,42.48,37.347,43.828,32.415,31.494,26.334,29.421,43.615,47.766,42.966,43.774,36.508,30.998,25.583,32.997,29.873,-62.753,36.011,48.364,43.396,45.475,53.078,-
Net Margin %,33.905,26.147,39.6,39.195,36.967,20.571,23.584,19.055,1.042,26.947,30.699,37.18,,35.747,36.288,39.965,36.544,27.709,27.637,34.859,34.506,15.492,16.111,40.688,37.423,38.591,41.685,32.909,45.575,41.777,38.147,40.515,37.47,35.472,32.293,26.725,19.907,17.788,14.451,18.203,25.164,27.182,25.66,20.224,21.081,18.367,15.021,4.038,-4.675,-13.26,19.376,26.702,23.795,26.816,31.874,-
FCF Margin %,27.49,30.004,27.506,43.005,42.033,43.491,44.08,36.331,7.408,25.411,20.517,30.7,,29.697,30.454,33.582,28.598,3.329,41.963,23.636,32.716,29.51,36.287,19.611,30.276,21.45,42.186,41.69,42.332,42.013,47.149,41.56,41.948,41.485,43.571,66.016,31.371,32.929,33.813,76.214,23.915,29.966,36.851,28.925,33.036,58.136,26.886,30.473,6.26,-14.61,-1.134,28.736,44.969,-0.335,26.265,-
,,,,,,,,,,,,,,,,,,,,,,,,,,,,,,,,,,,,,,,,,,,,,,,,,,,,,,,,
Debt-to-Equity,0.083,0.102,0.006,-,-,0.007,0.006,0.031,0.2,0.138,0.219,0.087,,0.087,0.087,0.083,0.09,0.095,0.098,0.102,0.097,0.088,0.083,0.006,-,-,-,-,-,-,-,-,-,-,-,0.007,0.003,0.004,0.005,0.006,0.013,0.018,0.023,0.031,0.044,0.175,0.191,0.2,0.064,0.053,0.126,0.138,-,-,-,0.219
Equity-to-Asset,0.805,0.758,0.864,0.88,0.911,0.895,0.903,0.864,0.778,0.774,0.723,0.81,,0.81,0.817,0.805,0.804,0.791,0.761,0.758,0.756,0.759,0.79,0.864,0.869,0.879,0.873,0.88,0.901,0.9,0.905,0.911,0.907,0.904,0.905,0.895,0.891,0.894,0.893,0.903,0.878,0.883,0.88,0.864,0.874,0.785,0.78,0.778,0.884,0.892,0.779,0.774,-,-,-,0.723
Debt-to-Asset,0.067,0.077,0.005,-,-,0.006,0.006,0.027,0.156,0.107,0.158,0.07,,0.07,0.071,0.067,0.072,0.075,0.075,0.077,0.073,0.067,0.066,0.005,-,-,-,-,-,-,-,-,-,-,-,0.006,0.003,0.003,0.004,0.006,0.011,0.016,0.021,0.027,0.039,0.138,0.149,0.156,0.056,0.047,0.098,0.107,-,-,-,-
Gross-Profit-to-Asset %,47.335,50.216,51.12,47.094,41.706,33.704,35.648,36.348,34.758,61.174,49.532,54.42,,56.691,52.137,59.818,48.303,42.747,42.033,54.589,48.038,47.965,47.429,59.511,49.508,49.173,46.298,55.582,46.48,45.366,41.133,49.822,41.756,40.952,35.821,41.862,33.387,31.336,28.195,39.892,46.943,48.989,44.2,51.054,39.378,34.914,27.622,30.519,24.285,29.559,46.23,55.852,-,-,75.452,-
,,,,,,,,,,,,,,,,,,,,,,,,,,,,,,,,,,,,,,,,,,,,,,,,,,,,,,,,
Asset Turnover,0.587,0.613,0.614,0.544,0.483,0.401,0.431,0.477,0.475,0.796,0.66,0.67,,0.174,0.162,0.184,0.15,0.134,0.131,0.164,0.146,0.149,0.146,0.178,0.15,0.148,0.138,0.159,0.135,0.131,0.12,0.141,0.121,0.119,0.106,0.122,0.099,0.094,0.086,0.12,0.142,0.146,0.136,0.158,0.132,0.117,0.096,0.102,0.082,0.107,0.157,0.179,-,-,0.244,-
Dividend Payout Ratio,-,-,-,-,-,-,-,-,-,-,-,-,,-,-,-,-,-,-,-,-,-,-,-,-,-,-,-,-,-,-,-,-,-,-,-,-,-,-,-,-,-,-,-,-,-,-,-,-,-,-,-,-,-,-,-
,,,,,,,,,,,,,,,,,,,,,,,,,,,,,,,,,,,,,,,,,,,,,,,,,,,,,,,,
Days Sales Outstanding,44.27,44.16,43.86,44.11,43.26,43.13,40.8,42.38,45.4,45.24,68.97,34.01,,34.48,37.68,31.46,32.95,36.07,43.23,37.2,39.25,37.79,42.55,36.81,38.71,36.91,41.74,36.07,36.76,35.79,42.08,36.58,38.21,36.5,41.6,35.69,38.77,37.51,41.03,36.03,36.37,34.43,38.57,34.95,37.27,36.09,43.12,38.98,43.85,40.85,44.37,44.13,-,-,46.56,-
Days Payable,29.45,31.2,23.41,22.82,23.99,23.68,22.29,14.79,17.13,19.52,21.47,19.07,,15.64,19.64,21.34,22.04,20.84,28.91,29.05,21.91,17.37,23.07,23.01,19.04,20.85,23.04,21.61,22.25,18.18,18.58,24.49,18.03,13.88,18.78,19.1,18.25,18.3,21.28,20.71,21.48,22.28,16.99,11.43,8.19,12.76,15.47,14.25,14.45,21.38,31.62,23.27,-,-,15.85,-
Days Inventory,-,-,-,-,-,-,-,-,-,-,-,-,,-,-,-,-,-,-,-,-,-,-,-,-,-,-,-,-,-,-,-,-,-,-,-,-,-,-,-,-,-,-,-,-,-,-,-,-,-,-,-,-,-,-,-
Cash Conversion Cycle,14.82,12.96,20.45,21.29,19.28,19.45,18.51,27.58,28.27,25.72,47.5,14.94,,18.84,18.03,10.12,10.91,15.23,14.32,8.15,17.34,20.42,19.48,13.8,19.68,16.06,18.7,14.46,14.51,17.61,23.5,12.09,20.18,22.62,22.81,16.59,20.52,19.2,19.75,15.32,14.89,12.15,21.58,23.52,29.08,23.33,27.66,24.72,29.4,19.46,12.75,20.86,-,-,30.72,-
,,,,,,,,,,,,,,,,,,,,,,,,,,,,,,,,,,,,,,,,,,,,,,,,,,,,,,,,
Inventory Turnover,-,-,-,-,-,-,-,-,-,-,-,-,,-,-,-,-,-,-,-,-,-,-,-,-,-,-,-,-,-,-,-,-,-,-,-,-,-,-,-,-,-,-,-,-,-,-,-,-,-,-,-,-,-,-,-
COGS-to-Revenue,0.19,0.18,0.17,0.13,0.14,0.16,0.17,0.24,0.27,0.23,0.25,0.19,,0.19,0.2,0.19,0.2,0.2,0.2,0.17,0.18,0.2,0.19,0.17,0.18,0.17,0.16,0.12,0.14,0.13,0.14,0.12,0.14,0.14,0.16,0.14,0.16,0.17,0.18,0.17,0.18,0.16,0.18,0.19,0.25,0.26,0.28,0.25,0.26,0.31,0.26,0.22,0.25,0.23,0.23,-
Inventory-to-Revenue,-,-,-,-,-,-,-,-,-,-,-,-,,-,-,-,-,-,-,-,-,-,-,-,-,-,-,-,-,-,-,-,-,-,-,-,-,-,-,-,-,-,-,-,-,-,-,-,-,-,-,-,-,-,-,-
Capex-to-Revenue,0.18,0.21,0.25,0.17,0.16,0.14,0.15,0.17,0.24,0.16,0.15,0.164,,0.16,0.16,0.16,0.17,0.17,0.2,0.19,0.2,0.22,0.25,0.25,0.24,0.26,0.23,0.17,0.17,0.15,0.16,0.14,0.16,0.15,0.21,0.12,0.17,0.14,0.14,0.13,0.15,0.16,0.15,0.19,0.14,0.15,0.22,0.12,0.14,0.35,0.43,0.16,0.14,0.15,0.21,-
,,,,,,,,,,,,,,,,,,,,,,,,,,,,,,,,,,,,,,,,,,,,,,,,,,,,,,,,
Income Statement:,,,,,,,,,,,,,,,,,,,,,,,,,,,,,,,,,,,,,,,,,,,,,,,,,,,,,,,,
Revenue,"85,965","70,697","55,838","40,653","27,638","17,928","12,466","7,872","5,089","3,711","1,974","104,790",,"29,077","26,171","28,072","21,470","18,687","17,737","21,082","17,652","16,886","15,077","16,914","13,727","13,231","11,966","12,972","10,328","9,321","8,032","8,809","7,011","6,436","5,382","5,841","4,501","4,042","3,543","3,851","3,203","2,910","2,502","2,586","2,016","1,813","1,458","1,585","1,262","1,184","1,058","1,131",954,895,731,-
Cost of Goods Sold,"16,692","12,770","9,355","5,454","3,789","2,867","2,153","1,875","1,364",860,493,"19,934",,"5,399","5,131","5,210","4,194","3,829","3,459","3,491","3,155","3,307","2,816","2,796","2,418","2,214","1,927","1,611","1,448","1,237","1,159","1,047",987,917,838,824,720,668,654,652,565,473,462,491,507,465,413,397,322,367,277,247,236,210,167,-
Gross Profit,"69,273","57,927","46,483","35,199","23,849","15,061","10,313","5,997","3,725","2,851","1,481","84,856",,"23,678","21,040","22,862","17,276","14,858","14,278","17,591","14,497","13,579","12,261","14,118","11,309","11,017","10,039","11,361","8,880","8,084","6,873","7,762","6,024","5,519","4,544","5,017","3,781","3,374","2,889","3,199","2,638","2,437","2,040","2,095","1,509","1,348","1,045","1,188",940,817,781,884,718,685,564,-
Gross Margin %,80.58,81.94,83.25,86.58,86.29,84.01,82.73,76.18,73.2,76.83,75.03,80.98,,81.43,80.39,81.44,80.47,79.51,80.5,83.44,82.13,80.42,81.32,83.47,82.39,83.27,83.9,87.58,85.98,86.73,85.57,88.11,85.92,85.75,84.43,85.89,84,83.47,81.54,83.07,82.36,83.75,81.53,81.01,74.85,74.35,71.67,74.95,74.48,69,73.82,78.16,75.26,76.54,77.15,-
,,,,,,,,,,,,,,,,,,,,,,,,,,,,,,,,,,,,,,,,,,,,,,,,,,,,,,,,
"Selling, General, & Admin. Expense","18,155","20,341","11,297","7,242","5,503","4,020","2,653","1,778","1,788",707,305,"19,033",,"5,215","4,465","4,880","4,473","4,433","4,370","4,855","3,764","5,638","6,084","3,443","2,871","2,631","2,352","2,060","1,706","1,764","1,712","1,632","1,365","1,314","1,191","1,143","1,051",931,894,955,633,555,510,554,404,442,379,368,319,855,247,213,196,179,119,-
Research & Development,"18,447","13,600","10,273","7,754","5,919","4,816","2,666","1,415","1,399",388,144,"21,263",,"6,096","5,197","5,207","4,763","4,462","4,015","3,878","3,548","3,315","2,860","2,855","2,657","2,523","2,238","1,949","2,052","1,919","1,834","1,563","1,542","1,471","1,343","1,314","1,271","1,170","1,062","1,111",608,492,455,409,369,344,293,297,244,705,153,124,108,99,57,-
Other Operating Expense,-,-,-,-,-,-,-,-,-,-,-,-,,-,-,-,-,-,-,-,-,-,-,-,-,-,-,-,-,-,-,-,-,-,-,-,-,-,-,-,-,-,-,-,-,-,-,-,-,-,-,-,-,-,-,-
Total Operating Expense,"36,602","33,941","21,570","14,996","11,422","8,836","5,319","3,193","3,187","1,095",449,"40,296",,"11,311","9,662","10,087","9,236","8,895","8,385","8,733","7,312","8,953","8,944","6,298","5,528","5,154","4,590","4,009","3,758","3,683","3,546","3,195","2,907","2,785","2,534","2,457","2,322","2,101","1,956","2,066","1,241","1,047",965,963,773,786,672,665,563,"1,560",400,337,304,278,176,-
Operating Income,"32,671","23,986","24,913","20,203","12,427","6,225","4,994","2,804",538,"1,756","1,032","44,560",,"12,367","11,378","12,775","8,040","5,963","5,893","8,858","7,185","4,626","3,317","7,820","5,781","5,863","5,449","7,352","5,122","4,401","3,327","4,567","3,117","2,734","2,010","2,560","1,459","1,273",933,"1,133","1,397","1,390","1,075","1,132",736,562,373,523,377,-743,381,547,414,407,388,-
Operating Margin %,38.005,33.928,44.617,49.696,44.964,34.722,40.061,35.62,10.572,47.319,52.28,42.52,,42.532,43.476,45.508,37.448,31.91,33.224,42.017,40.704,27.396,22,46.234,42.114,44.313,45.537,56.676,49.593,47.216,41.422,51.845,44.459,42.48,37.347,43.828,32.415,31.494,26.334,29.421,43.615,47.766,42.966,43.774,36.508,30.998,25.583,32.997,29.873,-62.753,36.011,48.364,43.396,45.475,53.078,-
,,,,,,,,,,,,,,,,,,,,,,,,,,,,,,,,,,,,,,,,,,,,,,,,,,,,,,,,
  Interest Income,672,904,652,398,176,52,27,19,14,4,1,521,,121,118,136,146,162,228,229,258,219,198,187,176,143,145,132,108,91,67,66,50,32,27,37,7,5,2,23,4,-,-,-,-,-,-,-,-,-,-,-,-,-,-,-
  Interest Expense,-,-20,-9,-6,-10,-23,-23,-56,-51,-42,-22,-,,-,-,-,-,-,-,-,-,-,-,-,-,-,-,-6,-,-,-,-10,-,-,-,-23,-,-,-,-23,-,-,-,-6,-21,-14,-15,-16,-11,-10,-13,-16,-10,-9,-7,-
Net Interest Income,672,904,652,392,166,29,4,-37,-37,-38,-21,521,,121,118,136,146,162,228,229,258,219,198,187,176,143,145,126,108,91,67,56,50,32,27,14,7,5,2,-,4,-,-,-2,-16,-9,-10,-2,-11,-10,-13,-12,-10,-9,-7,-
Other Income (Expense),-163,-78,-204,-1,-75,-60,-88,-13,-7,-23,-3,123,,25,7,144,-53,6,-260,82,-114,-13,-33,-36,-45,-138,16,-16,6,-4,14,-90,-3,-12,29,-17,-34,-5,-3,-19,-65,-4,-,-,6,-8,-10,-16,6,-12,14,-16,-25,1,17,-
Pretax Income,"33,180","24,812","25,361","20,594","12,518","6,194","4,910","2,754",494,"1,695","1,008","45,204",,"12,513","11,503","13,055","8,133","6,131","5,861","9,169","7,329","4,832","3,482","7,971","5,912","5,868","5,610","7,462","5,236","4,488","3,408","4,533","3,164","2,754","2,066","2,557","1,432","1,273",932,"1,114","1,336","1,386","1,075","1,130",726,545,353,505,372,-765,382,519,379,399,398,-
Tax Provision,"-4,034","-6,327","-3,249","-4,660","-2,301","-2,506","-1,970","-1,254",-441,-695,-402,"-6,248",,"-2,119","-2,006","-1,836",-287,-953,-959,"-1,820","-1,238","-2,216","-1,053","-1,089",-775,-762,-622,"-3,193",-529,-594,-344,-964,-537,-471,-328,-996,-536,-554,-420,-413,-530,-595,-433,-607,-301,-212,-134,-441,-431,608,-177,-217,-152,-159,-165,-
Tax Rate %,12.16,25.5,12.81,22.63,18.38,40.46,40.12,45.53,89.27,41,39.88,13.82,,16.93,17.44,14.06,3.53,15.54,16.36,19.85,16.89,45.86,30.24,13.66,13.11,12.99,11.09,42.79,10.1,13.24,10.09,21.27,16.97,17.1,15.88,38.95,37.43,43.52,45.06,37.07,39.67,42.93,40.28,53.72,41.46,38.9,37.96,87.33,115.86,79.48,46.34,41.81,40.11,39.85,41.46,-
Net Income (Continuing Operations),"29,146","18,485","22,112","15,934","10,217","3,688","2,940","1,500",53,"1,000",606,"38,956",,"10,394","9,497","11,219","7,846","5,178","4,902","7,349","6,091","2,616","2,429","6,882","5,137","5,106","4,988","4,269","4,707","3,894","3,064","3,569","2,627","2,283","1,738","1,561",896,719,512,701,806,791,642,523,425,333,219,64,-59,-157,205,302,227,240,233,-
Net Income (Discontinued Operations),-,-,-,-,-,-,-,-,-,-,-,-,,-,-,-,-,-,-,-,-,-,-,-,-,-,-,-,-,-,-,-,-,-,-,-,-,-,-,-,-,-,-,-,-,-,-,-,-,-,-,-,-,-,-,-
  Other Income (Minority Interest),-,-,-,-,-,-,-,-,-,-,-,-,,-,-,-,-,-,-,-,-,-,-,-,-,-,-,-,-,-,-,-,-,-,-,-,-,-,-,-,-,-,-,-,-,-,-,-,-,-,-,-,-,-,-,-
Net Income,"29,146","18,485","22,112","15,934","10,217","3,688","2,940","1,500",53,"1,000",606,"38,956",,"10,394","9,497","11,219","7,846","5,178","4,902","7,349","6,091","2,616","2,429","6,882","5,137","5,106","4,988","4,269","4,707","3,894","3,064","3,569","2,627","2,283","1,738","1,561",896,719,512,701,806,791,642,523,425,333,219,64,-59,-157,205,302,227,240,233,-
Net Margin %,33.905,26.147,39.6,39.195,36.967,20.571,23.584,19.055,1.042,26.947,30.699,37.18,,35.747,36.288,39.965,36.544,27.709,27.637,34.859,34.506,15.492,16.111,40.688,37.423,38.591,41.685,32.909,45.575,41.777,38.147,40.515,37.47,35.472,32.293,26.725,19.907,17.788,14.451,18.203,25.164,27.182,25.66,20.224,21.081,18.367,15.021,4.038,-4.675,-13.26,19.376,26.702,23.795,26.816,31.874,-
,,,,,,,,,,,,,,,,,,,,,,,,,,,,,,,,,,,,,,,,,,,,,,,,,,,,,,,,
Preferred Dividends,-,-,-,-,-,-,-,-,-,-,-,-,,-,-,-,-,-,-,-,-,-,-,-,-,-,-,-,-,-,-,-,-,-,-,-,-,-,-,-,-,-,-,-,-,-,-,-,-,-,-,-,-,-,-,-
EPS (Basic),10.22,6.48,7.65,5.49,3.56,1.31,1.12,0.62,0.02,0.314,0.175,13.7,,3.67,3.34,3.94,2.75,1.82,1.72,2.58,2.13,0.92,0.85,2.4,1.78,1.76,1.72,1.47,1.62,1.34,1.06,1.24,0.91,0.8,0.61,0.55,0.32,0.26,0.18,0.25,0.31,0.31,0.25,0.21,0.17,0.14,0.09,0.03,-0.02,-0.08,0.064,0.15,0.071,0.075,0.072,-
EPS (Diluted),10.09,6.43,7.57,5.39,3.49,1.29,1.1,0.6,0.01,0.314,0.17,13.5,,3.61,3.3,3.88,2.71,1.8,1.71,2.56,2.12,0.91,0.85,2.38,1.76,1.74,1.69,1.44,1.59,1.32,1.04,1.21,0.9,0.78,0.6,0.54,0.31,0.25,0.18,0.25,0.3,0.3,0.25,0.2,0.17,0.13,0.09,0.03,-0.02,-0.08,0.064,0.14,0.064,0.067,0.065,-
Shares Outstanding (Diluted Average),"2,888","2,876","2,921","2,956","2,925","2,853","2,664","2,517","2,166","2,361","2,361","2,877",,"2,877","2,882","2,903","2,891","2,879","2,868","2,879","2,874","2,875","2,869","2,891","2,913","2,930","2,945","2,962","2,956","2,951","2,944","2,946","2,931","2,921","2,905","2,868","2,863","2,850","2,836","2,808","2,644","2,615","2,609","2,556","2,528","2,502","2,499","3,012","2,420","1,879","2,138.085","2,361","2,361","2,361","2,361","2,361"
,,,,,,,,,,,,,,,,,,,,,,,,,,,,,,,,,,,,,,,,,,,,,,,,,,,,,,,,
EBIT,"32,671","23,986","24,913","20,600","12,528","6,217","4,933","2,810",545,"1,737","1,030","44,560",,"12,367","11,378","12,775","8,040","5,963","5,893","8,858","7,185","4,626","3,317","7,820","5,781","5,863","5,449","7,749","5,122","4,401","3,327","4,668","3,117","2,734","2,010","2,552","1,459","1,273",933,"1,072","1,397","1,390","1,075","1,138",736,562,373,521,383,-755,395,535,389,408,405,-
"Depreciation, Depletion and Amortization","6,862","5,741","4,315","3,025","2,342","1,945","1,243","1,011",649,323,139,"7,519",,"1,986","1,972","1,863","1,698","1,704","1,597","1,468","1,416","1,502","1,355","1,225","1,107","1,034",949,853,772,729,671,614,591,585,552,543,486,459,457,433,289,257,264,274,274,230,233,224,176,139,110,103,97,72,51,-
EBITDA,"39,533","29,727","29,228","23,625","14,870","8,162","6,176","3,821","1,194","2,060","1,169","52,079",,"14,353","13,350","14,638","9,738","7,667","7,490","10,326","8,601","6,128","4,672","9,045","6,888","6,897","6,398","8,602","5,894","5,130","3,998","5,282","3,708","3,319","2,562","3,095","1,945","1,732","1,390","1,505","1,686","1,647","1,339","1,412","1,010",792,606,745,559,-616,505,638,486,480,456,-
,,,,,,,,,,,,,,,,,,,,,,,,,,,,,,,,,,,,,,,,,,,,,,,,,,,,,,,,
Balance Sheet:,,,,,,,,,,,,,,,,,,,,,,,,,,,,,,,,,,,,,,,,,,,,,,,,,,,,,,,,
  Cash And Cash Equivalents,"17,576","19,079","10,019","8,079","8,903","4,907","4,315","3,323","2,384","1,512","1,785","16,186",,"16,186","19,513","17,576","11,617","21,045","23,618","19,079","15,979","13,877","11,076","10,019","9,637","11,552","12,082","8,079","7,201","6,252","7,104","8,903","6,038","5,108","6,456","4,907","4,308","5,123","3,419","4,315","8,999","4,384","2,998","3,323","3,100","3,001","2,325","2,384","2,478","2,098","1,282","1,512",-,-,-,"1,785"
  Marketable Securities,"44,378","35,776","31,095","33,632","20,546","13,527","6,884","8,126","7,242","2,396",-,"47,894",,"47,894","44,706","44,378","44,003","37,195","36,671","35,776","36,290","34,719","34,167","31,095","31,569","30,757","31,874","33,632","31,088","29,200","25,202","20,546","20,102","18,185","14,165","13,527","11,526","9,002","8,994","6,884","5,251","9,572","9,631","8,126","6,228","7,251","7,147","7,242","7,974","8,090","2,628","2,396",-,-,-,-
"Cash, Cash Equivalents, Marketable Securities","61,954","54,855","41,114","41,711","29,449","18,434","11,199","11,449","9,626","3,908","1,785","64,080",,"64,080","64,219","61,954","55,620","58,240","60,289","54,855","52,269","48,596","45,243","41,114","41,206","42,309","43,956","41,711","38,289","35,452","32,306","29,449","26,140","23,293","20,621","18,434","15,834","14,125","12,413","11,199","14,250","13,956","12,629","11,449","9,328","10,252","9,472","9,626","10,452","10,188","3,910","3,908",-,-,-,"1,785"
  Accounts Receivable,"11,335","9,518","7,587","5,832","3,993","2,559","1,678","1,109",719,547,373,"11,698",,"11,698","10,276","11,335","8,024","7,483","7,289","9,518","7,673","7,513","6,475","7,587","6,058","5,590","5,115","5,832","4,424","3,897","3,415","3,993","3,070","2,801","2,348","2,559","2,010","1,815","1,508","1,678","1,363","1,190","1,006","1,109",872,775,659,719,635,578,482,547,-,-,-,373
  Notes Receivable,-,-,-,-,-,-,-,-,-,-,-,-,,-,-,-,-,-,-,-,-,-,-,-,-,-,-,-,-,-,-,-,-,-,-,-,-,-,-,-,-,-,-,-,-,-,-,-,-,-,-,-,-,-,-,-
  Loans Receivable,-,-,-,-,-,-,-,-,-,-,-,-,,-,-,-,-,-,-,-,-,-,-,-,-,-,-,-,-,-,-,-,-,-,-,-,-,-,-,-,-,-,-,-,-,-,-,-,-,-,-,-,-,-,-,-
  Other Current Receivables,"11,335","9,518","7,587","5,832","3,993","2,559","1,678","1,109","1,170",547,373,"11,698",,"11,698","10,276","11,335","8,024","7,483","7,289","9,518","7,673","7,513","6,475","7,587","6,058","5,590","5,115","5,832","4,424","3,897","3,415","3,993","3,070","2,801","2,348","2,559","2,010","1,815","1,508","1,678","1,363","1,190","1,006","1,109",879,782,"1,085","1,170","1,202","1,145",482,547,-,-,-,373
Total Receivables,"11,335","9,518","7,587","5,832","3,993","2,559","1,678","1,109","1,170",547,373,"11,698",,"11,698","10,276","11,335","8,024","7,483","7,289","9,518","7,673","7,513","6,475","7,587","6,058","5,590","5,115","5,832","4,424","3,897","3,415","3,993","3,070","2,801","2,348","2,559","2,010","1,815","1,508","1,678","1,363","1,190","1,006","1,109",879,782,"1,085","1,170","1,202","1,145",482,547,-,-,-,373
"  Inventories, Raw Materials & Components",-,-,-,-,-,-,-,-,-,-,-,-,,-,-,-,-,-,-,-,-,-,-,-,-,-,-,-,-,-,-,-,-,-,-,-,-,-,-,-,-,-,-,-,-,-,-,-,-,-,-,-,-,-,-,-
"  Inventories, Work In Process",-,-,-,-,-,-,-,-,-,-,-,-,,-,-,-,-,-,-,-,-,-,-,-,-,-,-,-,-,-,-,-,-,-,-,-,-,-,-,-,-,-,-,-,-,-,-,-,-,-,-,-,-,-,-,-
"  Inventories, Inventories Adjustments",-,-,-,-,-,-,-,-,-,-,-,-,,-,-,-,-,-,-,-,-,-,-,-,-,-,-,-,-,-,-,-,-,-,-,-,-,-,-,-,-,-,-,-,-,-,-,-,-,-,-,-,-,-,-,-
"  Inventories, Finished Goods",-,-,-,-,-,-,-,-,-,-,-,-,,-,-,-,-,-,-,-,-,-,-,-,-,-,-,-,-,-,-,-,-,-,-,-,-,-,-,-,-,-,-,-,-,-,-,-,-,-,-,-,-,-,-,-
"  Inventories, Other",-,-,-,-,-,-,-,-,-,-,-,-,,-,-,-,-,-,-,-,-,-,-,-,-,-,-,-,-,-,-,-,-,-,-,-,-,-,-,-,-,-,-,-,-,-,-,-,-,-,-,-,-,-,-,-
Total Inventories,-,-,-,-,-,-,-,-,-,-,-,-,,-,-,-,-,-,-,-,-,-,-,-,-,-,-,-,-,-,-,-,-,-,-,-,-,-,-,-,-,-,-,-,-,-,-,-,-,-,-,-,-,-,-,-
Other Current Assets,"2,381","1,852","1,779","1,020",959,659,513,512,471,149,88,"4,919",,"4,919","2,827","2,381","2,155","2,407","1,771","1,852","2,137","1,852","1,582","1,779","1,883","1,934","1,341","1,020","1,490","1,455","1,209",959,"1,118",916,843,659,"1,295","1,011","1,083",513,502,411,425,512,342,387,485,471,631,634,627,149,-,-,-,88
Total Current Assets,"75,670","66,225","50,480","48,563","34,401","21,652","13,390","13,070","11,267","4,604","2,246","80,697",,"80,697","77,322","75,670","65,799","68,130","69,349","66,225","62,079","57,961","53,300","50,480","49,147","49,833","50,412","48,563","44,203","40,804","36,930","34,401","30,328","27,010","23,812","21,652","19,139","16,951","15,004","13,390","16,115","15,557","14,060","13,070","10,549","11,421","11,042","11,267","12,285","11,967","5,019","4,604",-,-,-,"2,246"
,,,,,,,,,,,,,,,,,,,,,,,,,,,,,,,,,,,,,,,,,,,,,,,,,,,,,,,,
Investments And Advances,"6,234",86,-,-,-,-,-,-,-,-,-,"6,393",,"6,393","6,342","6,234","6,164",-,-,86,-,-,-,-,-,-,-,-,-,-,-,-,-,-,-,-,-,-,-,-,-,-,-,-,-,-,-,-,-,-,-,-,-,-,-,-
  Land And Improvements,"1,326","1,097",899,798,696,596,153,45,36,34,29,"1,428",,"1,428","1,360","1,326","1,319","1,209","1,138","1,097","1,055","1,007",949,899,890,844,825,798,770,720,704,696,692,692,683,596,583,583,562,153,153,45,45,45,41,41,36,36,35,34,34,34,-,-,-,29
  Buildings And Improvements,"17,360","11,226","7,401","4,909","3,109","2,273","1,420","1,071",594,355,-,"19,873",,"19,873","18,075","17,360","16,053","13,359","11,908","11,226","9,176","9,015","8,090","7,401","6,609","5,935","4,957","4,909","4,623","4,013","3,648","3,109","2,687","2,643","2,551","2,273","2,184","2,159","1,792","1,420","1,347","1,178","1,076","1,071",975,966,896,594,454,449,373,355,-,-,-,-
"  Machinery, Furniture, Equipment","2,458","1,813","14,204",681,398,248,149,95,93,73,539,"2,814",,"2,814","2,533","2,458","22,773","21,065","1,951","1,813","17,094","16,043","14,290","14,204","1,025",896,770,681,568,517,447,398,351,309,276,248,220,199,183,149,134,121,104,95,107,98,96,93,"1,716","1,567","1,458",73,-,-,-,539
  Construction In Progress,"11,288","10,099","7,228","2,992","1,890",622,738,377,444,327,194,"12,593",,"12,593","12,318","11,288","10,449","11,276","10,908","10,099","10,442","9,054","8,509","7,228","5,915","4,624","4,316","2,992","2,418","1,991","1,728","1,890","1,840","1,247",887,622,537,348,589,738,702,638,487,377,255,175,299,444,655,542,379,327,-,-,-,194
  Other Gross PPE,"37,967","31,211","1,841","8,957","5,710","4,080","3,324","2,554","2,106","1,136",58,"42,461",,"42,461","40,126","37,967","15,273","14,608","32,193","31,211","12,566","10,904","9,911","1,841","12,757","11,619","10,424","8,957","8,067","7,427","6,505","5,710","5,208","4,865","4,416","4,080","3,846","3,627","3,448","3,324","2,983","2,812","2,658","2,554","2,443","2,311","2,208","2,106",163,142,148,"1,136",-,-,-,58
"Gross Property, Plant and Equipment","70,399","55,446","31,573","18,337","11,803","7,819","5,784","4,142","3,273","1,925",820,"79,169",,"79,169","74,412","70,399","65,867","61,517","58,098","55,446","50,333","46,023","41,749","31,573","27,196","23,918","21,292","18,337","16,446","14,668","13,032","11,803","10,778","9,756","8,813","7,819","7,370","6,916","6,574","5,784","5,319","4,794","4,370","4,142","3,821","3,591","3,535","3,273","3,023","2,734","2,392","1,925",-,-,-,820
  Accumulated Depreciation,"-15,418","-10,663","-6,890","-4,616","-3,212","-2,132","-1,817","-1,260",-882,-450,-246,"-17,735",,"-17,735","-16,490","-15,418","-14,137","-13,082","-11,612","-10,663","-9,646","-8,752","-7,657","-6,890","-6,084","-5,561","-5,081","-4,616","-4,288","-4,040","-3,570","-3,212","-2,879","-2,652","-2,346","-2,132","-2,035","-1,961","-1,955","-1,817","-1,616","-1,460","-1,296","-1,260","-1,136","-1,014","-1,002",-882,-734,-629,-537,-450,-,-,-,-246
"Property, Plant and Equipment","54,981","44,783","24,683","13,721","8,591","5,687","3,967","2,882","2,391","1,475",574,"61,434",,"61,434","57,922","54,981","51,730","48,435","46,486","44,783","40,687","37,271","34,092","24,683","21,112","18,357","16,211","13,721","12,158","10,628","9,462","8,591","7,899","7,104","6,467","5,687","5,335","4,955","4,619","3,967","3,703","3,334","3,074","2,882","2,685","2,577","2,533","2,391","2,289","2,105","1,855","1,475",-,-,-,574
Intangible Assets,"19,673","19,609","19,595","20,105","20,657","21,272","21,910","1,722","1,388",162,96,"19,733",,"19,733","19,561","19,673","19,775","19,888","19,649","19,609","19,191","19,328","19,483","19,595","19,755","19,836","20,003","20,105","20,263","20,315","20,486","20,657","20,787","20,922","21,096","21,272","21,461","21,630","21,779","21,910","3,929","1,672","1,682","1,722","1,609","1,631","1,501","1,388","1,423",809,189,162,-,-,-,96
  Goodwill,"19,050","18,715","18,301","18,221","18,122","18,026","17,981",839,587,82,37,"19,219",,"19,219","19,056","19,050","19,031","19,029","18,811","18,715","18,338","18,334","18,333","18,301","18,304","18,263","18,268","18,221","18,213","18,129","18,126","18,122","18,085","18,043","18,029","18,026","18,024","18,025","18,005","17,981","2,612",857,840,839,762,762,654,587,590,100,82,82,-,-,-,37
Other Long Term Assets,"2,758","2,673","2,576","2,135","1,312",796,699,221,57,90,74,"2,352",,"2,352","2,376","2,758","2,969","3,238","2,887","2,673","2,461","2,446","2,602","2,576","2,438","2,265","2,319","2,135","2,374","2,096","1,836","1,312",660,703,700,796,534,594,605,699,441,206,212,221,90,95,87,57,41,47,121,90,-,-,-,74
Total Long-Term Assets,"83,646","67,151","46,854","35,961","30,560","27,755","26,576","4,825","3,836","1,727",744,"89,912",,"89,912","86,201","83,646","80,638","71,561","69,022","67,151","62,339","59,045","56,177","46,854","43,305","40,458","38,533","35,961","34,795","33,039","31,784","30,560","29,346","28,729","28,263","27,755","27,330","27,179","27,003","26,576","8,073","5,212","4,968","4,825","4,384","4,303","4,121","3,836","3,753","2,961","2,165","1,727",-,-,-,744
Total Assets,"159,316","133,376","97,334","84,524","64,961","49,407","39,966","17,895","15,103","6,331","2,990","170,609",,"170,609","163,523","159,316","146,437","139,691","138,371","133,376","124,418","117,006","109,477","97,334","92,452","90,291","88,945","84,524","78,998","73,843","68,714","64,961","59,674","55,739","52,075","49,407","46,469","44,130","42,007","39,966","24,188","20,769","19,028","17,895","14,933","15,724","15,163","15,103","16,038","14,928","7,184","6,331",-,-,-,"2,990"
,,,,,,,,,,,,,,,,,,,,,,,,,,,,,,,,,,,,,,,,,,,,,,,,,,,,,,,,
  Accounts Payable,"1,331","1,363",820,380,302,196,176,87,65,63,29,973,,973,878,"1,331","1,106",920,829,"1,363",860,655,604,820,590,419,593,380,383,323,170,302,260,130,149,196,149,139,129,176,120,146,85,87,36,55,75,65,59,43,129,63,-,-,-,29
  Total Tax Payable,"2,038",624,491,340,155,-,-,-,-,-,-,-,,-,-,"2,038",-,-,-,624,-,-,-,491,-,-,-,340,-,-,-,155,-,-,-,-,-,-,-,-,-,-,-,-,-,-,-,-,-,-,-,-,-,-,-,-
  Other Current Payables,"1,093",886,541,390,280,217,202,181,169,171,75,-,,949,"1,006","1,093",800,729,712,886,590,560,537,541,502,440,396,390,314,278,278,280,239,232,216,217,241,182,189,202,208,176,188,181,171,172,190,169,155,153,178,171,-,-,-,75
  Current Accrued Expense,"3,036","7,080","1,531",685,331,192,164,87,46,-,137,-,,"11,510","9,411","3,036","8,684","8,496","12,446","7,080","10,877","10,878","7,980","1,531","4,255","3,720","4,003",685,"2,503","2,626","2,400",331,"2,018","1,770","1,389",192,"1,338","1,472","1,300",164,709,666,525,87,453,505,430,46,409,441,337,-,-,-,-,137
Accounts Payable & Accrued Expense,"7,498","9,953","3,383","1,795","1,068",605,542,355,280,234,241,"13,432",,"13,432","11,295","7,498","10,590","10,145","13,987","9,953","12,327","12,093","9,121","3,383","5,347","4,579","4,992","1,795","3,200","3,227","2,848","1,068","2,517","2,132","1,754",605,"1,728","1,793","1,618",542,"1,037",988,798,355,660,732,695,280,623,637,644,234,-,-,-,241
  Short-Term Debt,-,277,500,-,-,201,-,-,-,-,-,-,,-,-,-,-,-,-,277,-,-,-,500,-,-,-,-,-,-,-,-,-,-,-,201,-,-,-,-,-,-,-,-,-,-,-,-,-,-,-,-,-,-,-,-
  Short-Term Capital Lease Obligation,"1,023",800,-,-,-,7,114,239,365,279,106,"1,051",,"1,051","1,040","1,023",975,899,835,800,776,688,645,-,-,-,-,-,-,-,-,-,-,-,-,7,17,39,73,114,149,173,201,239,288,316,338,365,372,312,302,279,-,-,-,106
Short-Term Debt & Capital Lease Obligation,"1,023",800,500,-,-,208,114,239,365,279,106,"1,051",,"1,051","1,040","1,023",975,899,835,800,776,688,645,500,-,-,-,-,-,-,-,-,-,-,-,208,17,39,73,114,149,173,201,239,288,316,338,365,372,312,302,279,-,-,-,106
  Current Deferred Revenue,382,269,147,98,90,56,66,38,30,90,42,391,,391,382,382,379,264,247,269,225,198,142,147,115,91,94,98,105,88,80,90,78,79,55,56,47,49,55,66,48,53,38,38,36,32,30,30,85,85,93,90,-,-,-,42
  Current Deferred Taxes Liabilities,-,-,-,-,-,-,-,-,-,-,-,-,,-,-,-,-,-,-,-,-,-,-,-,-,-,-,-,-,-,-,-,-,-,-,-,-,-,-,-,-,-,-,-,-,-,-,-,-,-,-,-,-,-,-,-
Deferred Tax And Revenue,382,269,147,98,90,56,66,38,30,90,42,391,,391,382,382,379,264,247,269,225,198,142,147,115,91,94,98,105,88,80,90,78,79,55,56,47,49,55,66,48,53,38,38,36,32,30,30,85,85,93,90,-,-,-,42
Other Current Liabilities,"6,078","4,031","2,987","1,867","1,717","1,056",702,468,377,296,-,-,,-,-,"6,078",-,-,-,"4,031",-,-,-,"2,987",-,-,-,"1,867",-,-,-,"1,717",-,-,-,"1,056",-,-,-,702,-,-,-,468,-,-,-,377,-,-,-,296,-,-,-,-
Total Current Liabilities,"14,981","15,053","7,017","3,760","2,875","1,925","1,424","1,100","1,052",899,389,"14,874",,"14,874","12,717","14,981","11,944","11,308","15,069","15,053","13,328","12,979","9,908","7,017","5,462","4,670","5,086","3,760","3,305","3,315","2,928","2,875","2,595","2,211","1,809","1,925","1,792","1,881","1,746","1,424","1,234","1,214","1,037","1,100",984,"1,080","1,063","1,052","1,080","1,034","1,039",899,-,-,-,389
,,,,,,,,,,,,,,,,,,,,,,,,,,,,,,,,,,,,,,,,,,,,,,,,,,,,,,,,
  Long-Term Debt,-,-,-,-,-,-,-,-,"1,500",-,250,-,,-,-,-,-,-,-,-,-,-,-,-,-,-,-,-,-,-,-,-,-,-,-,-,-,-,-,-,-,-,-,-,-,"1,500","1,500","1,500",-,-,-,-,-,-,-,250
  Long-Term Capital Lease Obligation,"9,631","9,524",-,-,-,107,119,237,491,398,117,"10,956",,"10,956","10,574","9,631","9,641","9,633","9,509","9,524","8,356","7,122","6,565",-,-,-,-,-,-,-,-,-,-,-,-,107,109,110,113,119,129,153,191,237,287,351,420,491,530,394,404,398,-,-,-,117
Long-Term Debt & Capital Lease Obligation,"9,631","9,524",-,-,-,107,119,237,"1,991",398,367,"10,956",,"10,956","10,574","9,631","9,641","9,633","9,509","9,524","8,356","7,122","6,565",-,-,-,-,-,-,-,-,-,-,-,-,107,109,110,113,119,129,153,191,237,287,"1,851","1,920","1,991",530,394,404,398,-,-,-,367
Debt-to-Equity,0.083,0.102,0.006,-,-,0.007,0.006,0.031,0.2,0.138,0.219,0.087,,0.087,0.087,0.083,0.09,0.095,0.098,0.102,0.097,0.088,0.083,0.006,-,-,-,-,-,-,-,-,-,-,-,0.007,0.003,0.004,0.005,0.006,0.013,0.018,0.023,0.031,0.044,0.175,0.191,0.2,0.064,0.053,0.126,0.138,-,-,-,0.219
Pension And Retirement Benefit,-,-,-,-,-,-,-,-,-,-,-,-,,-,-,-,-,-,-,-,-,-,-,-,-,-,-,-,-,-,-,-,-,-,-,-,-,-,-,-,-,-,-,-,-,-,-,-,-,-,-,-,-,-,-,-
NonCurrent Deferred Liabilities,-,"1,039",673,50,-,163,769,47,-,-,-,-,,-,-,-,-,-,-,"1,039",-,-,-,673,-,-,-,50,-,-,-,-,-,-,-,163,-,-,-,769,-,-,-,47,-,-,-,-,-,-,-,-,-,-,-,-
Other Long-Term Liabilities,"6,414","6,706","5,517","6,367","2,892","2,994","1,558","1,041",305,135,72,"6,552",,"6,552","6,575","6,414","7,121","8,303","8,489","6,706","8,735","8,143","6,488","5,517","6,648","6,239","6,239","6,367","4,485","4,047","3,598","2,892","2,964","3,145","3,116","2,994","3,148","2,687","2,647","1,558","1,587","1,056","1,063","1,041",614,444,356,305,254,191,144,135,-,-,-,72
Total Long-Term Liabilities,"16,045","17,269","6,190","6,417","2,892","3,264","2,446","1,325","2,296",533,439,"17,508",,"17,508","17,149","16,045","16,762","17,936","17,998","17,269","17,091","15,265","13,053","6,190","6,648","6,239","6,239","6,417","4,485","4,047","3,598","2,892","2,964","3,145","3,116","3,264","3,257","2,797","2,760","2,446","1,716","1,209","1,254","1,325",901,"2,295","2,276","2,296",784,585,548,533,-,-,-,439
Total Liabilities,"31,026","32,322","13,207","10,177","5,767","5,189","3,870","2,425","3,348","1,432",828,"32,382",,"32,382","29,866","31,026","28,706","29,244","33,067","32,322","30,419","28,244","22,961","13,207","12,110","10,909","11,325","10,177","7,790","7,362","6,526","5,767","5,559","5,356","4,925","5,189","5,049","4,678","4,506","3,870","2,950","2,423","2,291","2,425","1,885","3,375","3,339","3,348","1,864","1,619","1,587","1,432",-,-,-,828
,,,,,,,,,,,,,,,,,,,,,,,,,,,,,,,,,,,,,,,,,,,,,,,,,,,,,,,,
Common Stock,-,-,-,-,-,-,-,-,-,-,-,-,,-,-,-,-,-,-,-,-,-,-,-,-,-,-,-,-,-,-,-,-,-,-,-,-,-,-,-,-,-,-,-,-,-,-,-,-,-,-,-,-,-,-,-
Preferred Stock,-,-,-,-,-,-,-,-,-,615,615,-,,-,-,-,-,-,-,-,-,-,-,-,-,-,-,-,-,-,-,-,-,-,-,-,-,-,-,-,-,-,-,-,-,-,-,-,-,-,-,615,-,-,-,615
Retained Earnings,"77,345","55,692","41,981","33,990","21,670","9,787","6,099","3,159","1,659","1,606",606,"85,097",,"85,097","82,343","77,345","68,513","62,784","59,160","55,692","49,789","44,968","43,764","41,981","38,767","38,237","36,780","33,990","31,209","27,560","24,175","21,670","15,731","13,352","11,297","9,787","8,226","7,330","6,611","6,099","5,398","4,592","3,801","3,159","2,636","2,211","1,878","1,659","1,595","1,654","1,171","1,606",-,-,-,606
Accumulated other comprehensive income (loss),927,-489,-760,-227,-703,-455,-228,14,2,-6,-6,285,,285,154,927,308,-142,-544,-489,-849,-483,-781,-760,-777,-687,-294,-227,-200,-370,-626,-703,-372,-374,-276,-455,-380,-357,-447,-228,-109,-5,15,14,13,-29,-15,2,-6,-29,-7,-6,-,-,-,-6
Additional Paid-In Capital,"50,018","45,851","42,906","40,584","38,227","34,886","30,225","12,297","10,094","2,684",947,"52,845",,"52,845","51,160","50,018","48,910","47,805","46,688","45,851","45,059","44,277","43,533","42,906","42,352","41,832","41,134","40,584","40,199","39,291","38,639","38,227","38,756","37,405","36,129","34,886","33,574","32,479","31,337","30,225","15,949","13,759","12,921","12,297","10,399","10,167","9,961","10,094","12,585","11,684","4,433","2,684",-,-,-,947
Treasury Stock,-,-,-,-,-,-,-,-,-,-,-,-,,-,-,-,-,-,-,-,-,-,-,-,-,-,-,-,-,-,-,-,-,-,-,-,-,-,-,-,-,-,-,-,-,-,-,-,-,-,-,-,-,-,-,-
Other Stockholders Equity,-,-,-,-,-,-,-,-,-,-,-,-,,-,-,-,-,-,-,-,-,-,-,-,-,-,-,-,-,-,-,-,-,-,-,-,-,-,-,-,-,-,-,-,-,-,-,-,-,-,-,-,-,-,-,-
Total Stockholders Equity,"128,290","101,054","84,127","74,347","59,194","44,218","36,096","15,470","11,755","4,899","2,162","138,227",,"138,227","133,657","128,290","117,731","110,447","105,304","101,054","93,999","88,762","86,516","84,127","80,342","79,382","77,620","74,347","71,208","66,481","62,188","59,194","54,115","50,383","47,150","44,218","41,420","39,452","37,501","36,096","21,238","18,346","16,737","15,470","13,048","12,349","11,824","11,755","14,174","13,309","5,597","4,899",-,-,-,"2,162"
Minority Interest,-,-,-,-,-,-,-,-,-,-,-,-,,-,-,-,-,-,-,-,-,-,-,-,-,-,-,-,-,-,-,-,-,-,-,-,-,-,-,-,-,-,-,-,-,-,-,-,-,-,-,-,-,-,-,-
Total Equity,"128,290","101,054","84,127","74,347","59,194","44,218","36,096","15,470","11,755","4,899","2,162","138,227",,"138,227","133,657","128,290","117,731","110,447","105,304","101,054","93,999","88,762","86,516","84,127","80,342","79,382","77,620","74,347","71,208","66,481","62,188","59,194","54,115","50,383","47,150","44,218","41,420","39,452","37,501","36,096","21,238","18,346","16,737","15,470","13,048","12,349","11,824","11,755","14,174","13,309","5,597","4,899",-,-,-,"2,162"
Equity-to-Asset,0.805,0.758,0.864,0.88,0.911,0.895,0.903,0.864,0.778,0.774,0.723,0.81,,0.81,0.817,0.805,0.804,0.791,0.761,0.758,0.756,0.759,0.79,0.864,0.869,0.879,0.873,0.88,0.901,0.9,0.905,0.911,0.907,0.904,0.905,0.895,0.891,0.894,0.893,0.903,0.878,0.883,0.88,0.864,0.874,0.785,0.78,0.778,0.884,0.892,0.779,0.774,-,-,-,0.723
,,,,,,,,,,,,,,,,,,,,,,,,,,,,,,,,,,,,,,,,,,,,,,,,,,,,,,,,
Cashflow Statement:,,,,,,,,,,,,,,,,,,,,,,,,,,,,,,,,,,,,,,,,,,,,,,,,,,,,,,,,
Net Income From Continuing Operations,"29,146","18,485","22,112","15,934","10,217","3,688","2,940","1,500",53,"1,000",606,"38,957",,"10,395","9,497","11,219","7,846","5,179","4,902","7,349","6,091","2,616","2,429","6,882","5,137","5,105","4,988","4,269","4,706","3,895","3,064","3,569","2,627","2,283","1,738","1,561",896,719,512,701,806,791,642,523,425,333,219,64,-59,-157,205,302,227,240,233,-
"Cash Flow Depreciation, Depletion and Amortization","6,862","5,741","4,315","3,025","2,342","1,945","1,243","1,011",649,323,139,"7,519",,"1,986","1,972","1,863","1,698","1,704","1,597","1,468","1,416","1,502","1,355","1,225","1,107","1,034",949,853,772,729,671,614,591,585,552,543,486,459,457,433,289,257,264,274,274,230,233,224,176,139,110,103,97,72,51,-
  Change In Receivables,"-1,512","-1,961","-1,892","-1,609","-1,489",-973,-610,-378,-170,-174,-209,"-3,953",,"-1,366",849,"-3,059",-377,-122,"2,046","-1,697",-328,"-1,006","1,070","-1,564",-489,-627,788,"-1,374",-458,-386,609,"-1,011",-253,-492,267,-568,-207,-282,84,-346,-182,-187,105,-233,-83,-116,54,487,-50,-672,65,-102,-44,-55,27,-
  Change In Inventory,-,-,-,-,-,-,-,-,-,-,-,-,,-,-,-,-,-,-,-,-,-,-,-,-,-,-,-,-,-,-,-,-,-,-,-,-,-,-,-,-,-,-,-,-,-,-,-,-,-,-,-,-,-,-,-
  Change In Prepaid Assets,135,47,-690,-192,-159,-144,-123,355,-465,-24,-38,"-1,825",,"-1,852",-461,224,264,-324,-29,574,-359,-252,84,199,9,-533,-365,442,-57,-212,-365,155,-57,-150,-107,1,-55,-47,-43,-78,-55,14,-4,-78,5,429,-1,-489,31,26,-33,89,113,-200,-26,-
  Change In Payables And Accrued Expense,-893,"7,761","1,795",447,"1,095",548,331,-,151,139,107,"1,914",,"1,536","-2,003","2,441",-60,"-4,041",767,"1,261",585,"2,858","3,057",547,455,83,710,337,1,61,48,454,252,408,-19,210,100,132,106,143,49,169,-30,120,-134,25,-11,-8,-4,157,6,21,94,-3,27,-
Change In Other Working Capital,-453,"1,403",-740,"3,241","1,311","1,353",140,699,-15,94,47,115,,-208,206,-118,235,-470,-100,-746,449,"1,586",114,-763,210,-61,-126,"2,549",241,208,243,567,71,309,364,453,592,201,107,68,-10,40,42,383,161,107,48,-37,29,-15,8,24,23,22,25,-
Change In Working Capital,"-2,723","7,250","-1,527","1,887",758,784,-262,676,-499,35,-93,"-3,749",,"-1,890","-1,409",-512,62,"-4,957","2,684",-608,347,"3,186","4,325","-1,581",185,"-1,138","1,007","1,954",-273,-329,535,165,13,75,505,96,430,4,254,-213,-198,36,113,192,-51,445,90,-47,6,-504,46,32,186,-236,53,-
Deferred Tax,"-1,192",-37,286,-377,-457,-795,-210,-37,-186,-30,23,"-1,235",,229,418,-376,"-1,506",213,477,-395,174,1,183,203,29,101,-47,-225,-94,26,-84,-256,-23,-101,-77,-123,-383,-66,-223,-180,4,-33,-1,-58,2,26,-7,248,-60,-350,-24,-406,35,272,69,-
Stock Based Compensation,"6,536","4,836","4,152","3,723","3,218","2,960","1,786",906,"1,572",217,20,"7,885",,"2,549","1,830","1,784","1,722","1,695","1,335","1,274","1,249","1,303","1,010",972,"1,039","1,186",955,814,"1,010","1,032",867,831,824,817,746,746,757,763,694,845,353,314,274,273,239,224,170,184,179,"1,106",103,76,70,64,7,-
Asset Impairment Charge,-,-,-,-,-,-,-,56,15,4,3,-,,-,-,-,-,-,-,-,-,-,-,-,-,-,-,-,-,-,-,-,-,-,-,-,-,-,-,-,-,-,-,17,19,11,9,7,4,3,1,-2,-,-,-,-
Cash from Discontinued Operating Activities,-,-,-,-,-,-,-,-,-,-,-,-,,-,-,-,-,-,-,-,-,-,-,-,-,-,-,-,-,-,-,-,-,-,-,-,-,-,-,-,-,-,-,-,-,-,-,-,-,-,-,-,-,-,-,-
Cash Flow from Others,118,39,-64,24,30,"1,738","1,829",110,8,-,-,-19,,-22,-66,62,7,43,6,-5,30,8,6,-83,1,10,8,6,6,7,5,7,4,6,13,"1,725",6,1,6,"1,866",-6,-24,-7,10,42,53,5,1,4,3,-,405,-50,-283,-68,-
Cash Flow from Operations,"38,747","36,314","29,274","24,216","16,108","10,320","7,326","4,222","1,612","1,549",698,"49,358",,"13,247","12,242","14,040","9,829","3,877","11,001","9,083","9,307","8,616","9,308","7,618","7,498","6,298","7,860","7,671","6,127","5,360","5,058","4,930","4,036","3,665","3,477","4,548","2,192","1,880","1,700","3,452","1,248","1,341","1,285","1,231",950,"1,322",719,681,250,240,441,510,565,129,345,-
,,,,,,,,,,,,,,,,,,,,,,,,,,,,,,,,,,,,,,,,,,,,,,,,,,,,,,,,
"Purchase Of Property, Plant, Equipment","-15,115","-15,102","-13,915","-6,733","-4,491","-2,523","-1,831","-1,362","-1,235",-606,-293,"-17,186",,"-4,612","-4,272","-4,613","-3,689","-3,255","-3,558","-4,100","-3,532","-3,633","-3,837","-4,301","-3,342","-3,460","-2,812","-2,263","-1,755","-1,444","-1,271","-1,269","-1,095",-995,"-1,132",-692,-780,-549,-502,-517,-482,-469,-363,-483,-284,-268,-327,-198,-171,-413,-453,-185,-136,-132,-153,-
"Sale Of Property, Plant, Equipment",-,-,-,-,-,-,-,-,-,-,-,-,,-,-,-,-,-,-,-,-,-,-,-,-,-,-,-,-,-,-,-,-,-,-,-,-,-,-,-,-,-,-,-,-,-,-,-,-,-,-,-,-,-,-,-
Purchase Of Business,-388,-508,-137,-122,-123,-313,"-4,975",-368,-911,-24,-22,-275,,-259,-,-4,-12,-339,-33,-445,-10,-3,-50,-,-72,-16,-49,-16,-98,-8,-,-42,-61,-19,-1,-4,-27,-25,-257,"-4,221",-735,-19,-,-131,-16,-122,-99,-,-336,-550,-25,-19,-1,-3,-1,-
Sale Of Business,-,-,-,-,-,-,-,-,-,-,-,-,,-,-,-,-,-,-,-,-,-,-,-,-,-,-,-,-,-,-,-,-,-,-,-,-,-,-,-,-,-,-,-,-,-,-,-,-,-,-,-,-,-,-,-
Purchase Of Investment,"-40,291","-23,971","-14,681","-25,682","-22,341","-15,938","-9,104","-7,433","-10,307","-3,028",-,"-42,756",,"-10,297","-6,231","-5,796","-20,432","-6,179","-7,884","-4,758","-7,458","-5,152","-6,603","-2,023","-4,375","-4,261","-4,022","-5,272","-6,273","-7,145","-6,992","-4,973","-7,733","-6,509","-3,126","-5,605","-4,773","-2,505","-3,055","-2,889","-1,733","-1,508","-2,974","-3,069",-904,"-1,952","-1,508","-1,714","-1,633","-6,083",-877,-284,-851,"-1,893",-,-
Sale Of Investment,"25,771","19,717","17,130","12,432","15,155","9,238","10,347","6,551","5,433",629,-,"25,186",,"7,033","5,631","5,267","7,255","5,841","7,408","5,267","5,889","4,839","3,722","2,635","3,545","5,353","5,597","2,555","4,381","3,135","2,361","4,330","5,764","2,511","2,550","3,550","2,247","2,494",947,"1,246","6,059","1,576","1,466","1,164","1,938","1,847","1,602","2,449","1,750",598,636,-,185,-,-,-
Net Intangibles Purchase And Sale,-,-,-,-,-,-,-,-,-,-,-,-,,-,-,-,-,-,-,-,-,-,-,-,-,-,-,-,-,-,-,-,-,-,-,-,-,-,-,-,-,-,-,-,-,-,-,-,-,-,-,-,-,-,-,-
Cash From Discontinued Investing Activities,-,-,-,-,-,-,-,-,-,-,-,-,,-,-,-,-,-,-,-,-,-,-,-,-,-,-,-,-,-,-,-,-,-,-,-,-,-,-,-,-,-,-,-,-,-,-,-,-,-,-,-,-,-,-,-
Cash From Other Investing Activities,-36,-,-,-13,8,102,-350,-12,-4,6,-9,190,,-60,-2,-27,279,-246,-42,-,61,-61,-,4,-3,-,-1,-7,16,-4,-18,-74,8,41,33,25,33,21,23,-235,-112,-2,-1,-15,-,-3,6,-2,1,-2,-1,445,8,-4,1,-
Cash Flow from Investing,"-30,059","-19,864","-11,603","-20,118","-11,792","-9,434","-5,913","-2,624","-7,024","-3,023",-324,"-34,841",,"-8,195","-4,874","-5,173","-16,599","-4,178","-4,109","-4,036","-5,050","-4,010","-6,768","-3,685","-4,247","-2,384","-1,287","-5,003","-3,729","-5,466","-5,920","-2,028","-3,117","-4,971","-1,676","-2,726","-3,300",-564,"-2,844","-6,616","2,997",-422,"-1,872","-2,534",734,-498,-326,535,-389,"-6,450",-720,-43,-795,"-2,032",-153,-
,,,,,,,,,,,,,,,,,,,,,,,,,,,,,,,,,,,,,,,,,,,,,,,,,,,,,,,,
Issuance of Stock,-,-,-,-,-,-,-,"1,478","6,760",998,500,-,,-,-,-,-,-,-,-,-,-,-,-,-,-,-,-,-,-,-,-,-,-,-,-,-,-,-,-,-,-,-,-,-,-,-,-,-1,"6,761",-,-,-,-,998,-
Repurchase of Stock,"-6,272","-4,202","-12,879","-1,976",-,-,-,-,-,-,-,"-14,672",,"-7,079","-3,939","-1,929","-1,725","-1,368","-1,250","-1,296","-1,148","-1,145",-613,"-3,500","-4,256","-3,349","-1,774",-958,-640,-150,-228,-,-,-,-,-,-,-,-,-,-,-,-,-,-,-,-,-,-,-,-,-,-,-,-,-
Net Issuance of Preferred Stock,-,-,-,-,-,-,-,-,-,-,-,-,,-,-,-,-,-,-,-,-,-,-,-,-,-,-,-,-,-,-,-,-,-,-,-,-,-,-,-,-,-,-,-,-,-,-,-,-,-,-,-,-,-,-,-
Issuance of Debt,24,-,500,-,-,-,-,-,"1,701",170,250,101,,53,-,48,-,63,-,37,-,58,-,500,-,-,-,-,-,-,-,-,-,-,-,-,-,-,-,-,-,-,-,-,-,-,-,"1,496",123,20,62,170,-,-,-,-
Payments of Debt,-604,-775,-,-,-312,-119,-243,"-1,891",-366,-431,-90,-726,,-123,-201,-206,-196,-109,-180,-141,-285,-142,-302,-,-,-,-,-,-,-,-,-,-,-,-312,-12,-23,-37,-47,-44,-49,-66,-84,-100,"-1,591",-91,-109,-135,-88,-72,-71,-53,-46,-53,-279,-
Net Issuance of Debt,-580,-775,500,-,-312,-119,-243,"-1,891","1,335",-261,160,-625,,-70,-201,-158,-196,-46,-180,-104,-285,-84,-302,500,-,-,-,-,-,-,-,-,-,-,-312,-12,-23,-37,-47,-44,-49,-66,-84,-100,"-1,591",-91,-109,"1,361",35,-52,-9,117,-46,-53,-279,-
Cash Flow for Dividends,-,-,-,-,-,-,-,-,-,-,-,-,,-,-,-,-,-,-,-,-,-,-,-,-,-,-,-,-,-,-,-,-,-,-,-,-,-,-,-,-,-,-,-,-,-,-,-,-,-,-,-,-,-,-,-
Other Financing,"-3,440","-2,322","-3,193","-3,259",2,-20,-55,-254,"-1,812",461,121,"-4,555",,"-1,400","-1,045","-1,120",-990,-738,-592,-626,-586,-602,-508,-541,-901,-922,-829,-885,-891,-719,-764,-,-,-,2,"-1,155",338,379,418,"-1,424",487,536,346,"1,625",-8,-58,-335,"-2,675",473,331,59,14,60,308,79,-
Cash Flow from Financing,"-10,292","-7,299","-15,572","-5,235",-310,-139,-298,-667,"6,283","1,198",781,"-19,852",,"-8,549","-5,185","-3,207","-2,911","-2,152","-2,022","-2,026","-2,019","-1,831","-1,423","-3,541","-5,157","-4,271","-2,603","-1,843","-1,531",-869,-992,4,-8,4,-310,"-1,167",315,342,371,"-1,468",438,470,262,"1,525","-1,599",-149,-444,"-1,314",507,"7,040",50,131,14,255,798,-
,,,,,,,,,,,,,,,,,,,,,,,,,,,,,,,,,,,,,,,,,,,,,,,,,,,,,,,,
Effect of Exchange Rate Changes,279,4,-179,232,-63,-155,-123,8,1,3,-3,277,,117,-246,315,91,95,-222,178,-156,26,-44,-12,-18,-185,36,40,70,94,28,-94,19,-46,58,-56,-22,46,-123,-52,-68,-3,-,1,14,1,-8,4,12,-14,-1,8,-9,3,1,-
Net Change in Cash,"-1,325","9,155","1,920",-905,"3,943",592,992,939,872,-273,"1,152","-5,058",,"-3,380","1,937","5,975","-9,590","-2,358","4,648","3,199","2,082","2,801","1,073",380,"-1,924",-542,"4,006",865,937,-881,"-1,826","2,812",930,"-1,348","1,549",599,-815,"1,704",-896,"-4,684","4,615","1,386",-325,223,99,676,-59,-94,380,816,-230,606,-225,"-1,645",991,-
Capital Expenditure,"-15,115","-15,102","-13,915","-6,733","-4,491","-2,523","-1,831","-1,362","-1,235",-606,-293,"-17,186",,"-4,612","-4,272","-4,613","-3,689","-3,255","-3,558","-4,100","-3,532","-3,633","-3,837","-4,301","-3,342","-3,460","-2,812","-2,263","-1,755","-1,444","-1,271","-1,269","-1,095",-995,"-1,132",-692,-780,-549,-502,-517,-482,-469,-363,-483,-284,-268,-327,-198,-171,-413,-453,-185,-136,-132,-153,-
Free Cash Flow,"23,632","21,212","15,359","17,483","11,617","7,797","5,495","2,860",377,943,405,"32,172",,"8,635","7,970","9,427","6,140",622,"7,443","4,983","5,775","4,983","5,471","3,317","4,156","2,838","5,048","5,408","4,372","3,916","3,787","3,661","2,941","2,670","2,345","3,856","1,412","1,331","1,198","2,935",766,872,922,748,666,"1,054",392,483,79,-173,-12,325,429,-3,192,-
,,,,,,,,,,,,,,,,,,,,,,,,,,,,,,,,,,,,,,,,,,,,,,,,,,,,,,,,
Valuation Ratios:,,,,,,,,,,,,,,,,,,,,,,,,,,,,,,,,,,,,,,,,,,,,,,,,,,,,,,,,
PE Ratio,27.07,31.92,17.32,32.74,32.97,81.13,70.93,91.08,"2,662",-,-,26.48,,25.76,25.2,27.07,29.83,27.73,22.85,31.92,28.45,32.71,24.77,17.32,24.81,30.08,26.46,32.74,32.7,33.78,36.15,32.97,45.49,51.25,67.12,81.13,90.81,87.52,79.83,70.93,75.28,73.14,80.32,91.08,119.6,108.17,"1,279","2,662",208.27,165.43,-,-,-,-,-,-
PE Ratio without NRI,27.07,31.92,17.32,32.74,32.97,81.13,70.93,91.08,"2,662",-,-,26.48,,25.76,25.2,27.07,29.83,27.73,22.85,31.92,28.45,32.71,24.77,17.32,24.81,30.08,26.46,32.74,32.7,33.78,36.15,32.97,45.49,51.25,67.12,81.13,90.81,87.52,79.83,70.93,75.28,73.14,80.32,91.08,119.6,108.17,"1,279","2,662",166.62,145.33,-,-,-,-,-,-
Price-to-Owner-Earnings,32.96,23.88,18.5,29.12,30.36,66.7,-,-,-,-,-,31.76,,30.9,35,32.96,38.43,32.88,18.76,23.88,21.34,24.18,22.57,18.5,22.67,27.94,23.34,29.12,32.27,32.26,33.54,30.36,40.57,43.67,55.04,66.7,81.43,-,-,-,-,-,-,-,-,-,-,-,-,-,-,-,-,-,-,-
PB Ratio,6.07,5.79,4.45,6.9,5.62,6.71,6,9,5.37,-,-,7.31,,7.11,6.26,6.07,6.34,5.86,4.52,5.79,5.41,6.21,5.5,4.45,5.88,7.08,5.97,6.9,6.89,6.59,6.61,5.62,6.82,6.49,6.9,6.71,6.11,6.09,6.15,6,9.71,9.44,9.23,9,9.44,4.9,5.22,5.37,3.31,5.01,-,-,-,-,-,-
Price-to-Tangible-Book,7.16,7.19,5.8,9.45,8.63,12.93,15.28,10.12,6.09,-,-,8.53,,8.29,7.33,7.16,7.62,7.15,5.55,7.19,6.79,7.93,7.1,5.8,7.8,9.43,8.05,9.45,9.62,9.48,9.85,8.63,11.07,11.1,12.48,12.93,12.67,13.48,14.67,15.28,11.91,10.39,10.26,10.12,10.77,5.64,5.97,6.09,3.68,5.33,-,-,-,-,-,-
Price-to-Free-Cash-Flow,33.38,27.83,24.93,29.84,28.97,38.29,37.82,48.11,152.99,-,-,32.1,,31.22,35.26,33.38,39.29,34.66,20.67,27.83,26.2,31.06,30.59,24.93,27.71,32.45,25.18,29.84,31.63,31.07,31.95,28.97,31.53,32.12,36.68,38.29,37.04,38.57,39.34,37.82,62.29,54.18,45.29,48.11,50.18,32.27,99.15,152.99,296.71,140.09,-,-,-,-,-,-
Price-to-Operating-Cash-Flow,20.36,16.25,13.08,21.54,20.89,28.94,28.37,32.59,35.78,-,-,20.92,,20.35,21.29,20.36,22.31,19.62,12.61,16.25,14.7,16.86,15.72,13.08,16.48,20.5,17.47,21.54,23.18,22.93,23.58,20.89,23.69,23.79,27.11,28.94,27.63,28.98,29.23,28.37,40.33,36.1,32.06,32.59,35.42,21.73,34.34,35.78,33.17,39.42,-,-,-,-,-,-
PS Ratio,9.18,8.35,6.86,12.83,12.18,16.65,16.67,17.47,11.33,-,-,9.85,,9.58,9.02,9.18,9.55,8.69,6.54,8.35,7.7,8.9,8.2,6.86,9.31,11.81,10.59,12.83,13.64,13.4,13.77,12.18,15.12,14.91,16.58,16.65,16.02,16.34,16.63,16.67,18.4,17.34,17.25,17.47,19.09,10.56,11.32,11.33,10.19,15.49,-,-,-,-,-,-
PEG Ratio,0.84,0.74,0.35,0.5,0.54,-,-,-,-,-,-,0.78,,0.9,0.84,0.84,0.83,0.71,0.55,0.74,0.64,0.72,0.52,0.35,0.49,0.58,0.45,0.5,0.47,0.47,0.54,0.54,0.79,-,-,-,-,-,-,-,-,-,-,-,-,-,-,-,-,-,-,-,-,-,-,-
EV-to-Revenue,8.46,7.65,5.97,11.59,10.97,15.53,16.51,16.29,10.98,-,-,9.12,,8.88,8.31,8.46,8.88,7.98,5.8,7.65,6.99,8.15,7.43,5.97,8.31,10.71,9.41,11.59,12.39,12.13,12.5,10.97,13.9,13.71,15.41,15.53,14.89,15.45,16.18,16.51,17.16,15.94,15.95,16.29,16.66,8.56,9.92,10.98,8.06,13.2,-,-,-,-,-,-
EV-to-EBITDA,18.39,18.19,11.41,19.94,20.4,34.12,33.32,33.56,46.79,-,-,18.35,,17.87,17.27,18.39,19.91,17.59,13.08,18.19,16.35,19.08,15.93,11.41,14.98,18.69,16.13,19.94,22.26,22.21,23.22,20.4,27.03,27.82,32.63,34.12,36.1,35.83,35.08,33.32,31.59,29.52,31.24,33.56,36.3,19.39,42.09,46.79,34.41,56.4,-,-,-,-,-,-
EV-to-EBIT,22.25,22.55,13.39,22.87,24.21,44.79,41.71,45.63,102.52,-,-,21.45,,20.88,20.55,22.25,24.39,21.49,16.02,22.55,20.27,23.67,19.23,13.39,17.36,21.48,18.47,22.87,25.8,25.94,27.35,24.21,32.93,34.7,41.76,44.79,50.09,48.38,45.59,41.71,38.43,36.79,40.51,45.63,52.22,28.49,104.33,102.52,66.96,101.3,-,-,-,-,-,-
Earnings Yield (Joel Greenblatt) %,4.49,4.43,7.47,4.37,4.13,2.23,2.4,2.19,0.98,-,-,4.66,,4.79,4.87,4.49,4.1,4.65,6.24,4.43,4.93,4.22,5.2,7.47,5.76,4.66,5.41,4.37,3.88,3.86,3.66,4.13,3.04,2.88,2.39,2.23,2,2.07,2.19,2.4,2.6,2.72,2.47,2.19,1.91,3.51,0.96,0.98,1.49,0.99,-,-,-,-,-,-
Forward Rate of Return (Yacktman) %,22.23,22.44,22.93,21.72,21.67,-,-,-,-,-,-,21.9,,21.95,22.16,22.23,22.13,22.32,23.18,22.44,22.66,22.29,22.49,22.93,22.24,21.79,22.08,21.72,21.6,21.58,21.51,21.67,21.34,-,-,-,-,-,-,-,-,-,-,-,-,-,-,-,-,-,-,-,-,-,-,-
Shiller PE Ratio,72.52,-,-,-,-,-,-,-,-,-,-,77.5,,75.38,70.92,72.52,75.63,-,-,-,-,-,-,-,-,-,-,-,-,-,-,-,-,-,-,-,-,-,-,-,-,-,-,-,-,-,-,-,-,-,-,-,-,-,-,-
Dividend Yield %,-,-,-,-,-,-,-,-,-,-,-,-,,-,-,-,-,-,-,-,-,-,-,-,-,-,-,-,-,-,-,-,-,-,-,-,-,-,-,-,-,-,-,-,-,-,-,-,-,-,-,-,-,-,-,-
,,,,,,,,,,,,,,,,,,,,,,,,,,,,,,,,,,,,,,,,,,,,,,,,,,,,,,,,
Valuation and Quality:,,,,,,,,,,,,,,,,,,,,,,,,,,,,,,,,,,,,,,,,,,,,,,,,,,,,,,,,
Market Cap,"778,232.84","585,373","374,130.86","512,792.76","332,724.6","296,606.44","216,739.56","139,193.55","63,142.64",-,-,1.01 M,,"982,628.46","836,759.73","778,232.84","746,415","647,149.5","475,546.8","585,373","508,240.32","550,822","476,066.64","374,130.86","472,493.58","561,779.12","463,710.58","512,792.76","490,329.38","437,842","410,950.65","332,724.6","369,032.79","327,069.36","325,185","296,606.44","252,978.6","240,156","230,709.32","216,739.56","206,136.32","173,271.75","154,455.36","139,193.55","123,214.19","60,483.28","61,673.38","63,142.64","46,915.56","66,616.2",-,-,-,-,-,-
Enterprise Value ($M),"726,932.84","540,842","333,516.86","471,081.76","303,275.6","278,487.44","205,773.56","128,220.55","55,872.64",-,-,"955,822.02",,"930,555.46","784,154.73","726,932.84","701,411","599,441.5","425,601.8","540,842","465,103.32","510,036","438,033.64","333,516.86","431,287.58","519,470.12","419,754.58","471,081.76","452,040.38","402,390","378,644.65","303,275.6","342,892.79","303,776.36","304,564","278,487.44","237,270.6","226,180","218,482.32","205,773.56","192,164.32","159,641.75","142,218.36","128,220.55","114,461.19","52,398.28","54,459.38","55,872.64","37,365.56","57,134.2",-,-,-,-,-,-
Month End Stock Price,273.16,205.25,131.09,176.46,115.05,104.66,78.02,54.65,26.62,-,-,357.48,,347.71,294.53,273.16,261.9,227.07,166.8,205.25,178.08,193,166.69,131.09,164.46,194.32,159.79,176.46,168.73,150.98,142.05,115.05,128.27,114.28,114.1,104.66,89.9,85.77,82.22,78.02,79.04,67.29,60.24,54.65,50.23,24.88,25.58,26.62,21.66,31.1,-,-,-,-,-,-
Net Cash per Share,10.86,7.9,9.78,10.85,8.19,4.67,2.64,3.54,2.65,1.16,0.41,11.22,,11.22,12.09,10.86,9.44,10.17,9.55,7.9,7.66,7.13,7.8,9.78,10.13,10.86,11.24,10.85,10.5,9.69,8.91,8.19,7.15,6.27,5.51,4.67,3.83,3.37,2.82,2.64,4.33,4.48,4.03,3.54,3.03,2.83,2.54,2.65,3.96,4,1.09,1.16,-,-,-,0.41
Net Current Asset Value,15.67,11.89,13.06,13.21,9.9,5.81,3.43,4.18,3.34,1.2,0.34,17.1,,17.1,16.7,15.67,13.02,13.64,12.73,11.89,11.09,10.41,10.62,13.06,12.89,13.46,13.47,13.21,12.53,11.53,10.51,9.9,8.61,7.57,6.63,5.81,5.01,4.38,3.74,3.43,5.05,5.1,4.59,4.18,3.53,3.31,3.19,3.34,4.81,4.83,1.61,1.2,-,-,-,0.34
Net-Net Working Capital,13.84,10.4,11.77,12.36,9.22,5.35,3.09,3.87,2.87,1.06,0.26,14.32,,14.32,14.8,13.84,11.56,12.14,11.47,10.4,9.67,9.11,9.5,11.77,11.71,12.31,12.57,12.36,11.64,10.69,9.8,9.22,7.95,7,6.13,5.35,4.37,3.86,3.22,3.09,4.72,4.83,4.33,3.87,3.3,3.07,2.75,2.87,4.18,4.2,1.26,1.06,-,-,-,0.26
Intrinsic Value: Projected FCF,117.3,93.92,73.53,56.97,31.12,-,-,-,-,-,-,131.43,,131.43,123.8,117.3,107.74,101.81,101.02,93.92,88.55,83.16,78.9,73.53,69.3,65.12,62.01,56.97,52.23,47.52,43.45,31.12,28.54,-,-,-,-,-,-,-,-,-,-,-,-,-,-,-,-,-,-,-,-,-,-,-
Median PS Value,-,-,-,-,-,-,-,-,-,-,-,-,,-,-,-,-,-,-,-,-,-,-,-,-,-,-,-,-,-,-,-,-,-,-,-,-,-,-,-,-,-,-,-,-,-,-,-,-,-,-,-,-,-,-,-
Peter Lynch Fair Value,252.5,161,189.25,134.75,87.25,-,-,-,-,-,-,337.5,,337.5,292.25,252.5,219.5,204.75,182.5,161,156.5,147.5,168.25,189.25,165.75,161.5,151,134.75,129,111.75,98.25,87.25,70.5,-,-,-,-,-,-,-,-,-,-,-,-,-,-,-,-,-,-,-,-,-,-,-
Graham Number,93.03,64.28,62.06,47.58,32.35,15.33,11.24,8.54,0.99,4.32,1.97,112.85,,112.85,102.78,93.08,82.4,76.52,70.25,64.33,60.76,56.83,59.62,62.06,56.09,54.72,51.94,47.58,45.11,40.01,35.7,32.35,27.11,22.73,18.7,15.27,12.57,11.85,11.4,11.24,12.52,11.58,9.95,8.46,6.64,4.78,1.39,1.4,4.15,5.3,4.53,3.82,-,-,-,-
Earnings Power Value (EPV),-,-,-,-,-,-,-,-,-,-,-,81.38,,-,-,-,-,-,-,-,-,-,-,-,-,-,-,-,-,-,-,-,-,-,-,-,-,-,-,-,-,-,-,-,-,-,-,-,-,-,-,-,-,-,-,-
Altman Z-Score,17.41,13.06,19.57,32.72,36.73,35.83,34.9,36.45,12.74,2.55,-,21.32,,20.86,19.35,17.41,17.9,15.61,10.88,13.06,12.22,13.86,14.71,19.57,26.01,33.51,27.11,32.72,40.14,37.96,39.98,36.73,41.76,38.43,41.27,35.83,31.44,32.13,32.02,34.9,44.11,45.22,42.63,36.45,41.18,12.51,12.52,12.74,16.48,26.14,2.25,2.55,-,-,-,-
Piotroski F-Score,6,5,7,8,8,6,7,8,4,-,-,7,,7,7,6,6,5,5,5,5,5,5,7,6,7,6,8,8,8,7,8,7,7,6,6,5,6,7,7,8,8,7,8,-,-,-,4,-,-,-,-,-,-,-,-
Beneish M-Score,-2.44,-3.52,-2.76,-2.58,-2.5,-2.79,-0.67,-2.42,-2.23,-,-,-2.26,,-2.26,-2.18,-2.44,-2.54,-2.73,-3.04,-3.52,-3.65,-3.71,-3.32,-2.76,-2.79,-2.62,-2.68,-2.58,-2.48,-2.6,-2.61,-2.5,-2.68,-2.67,-2.68,-2.79,-2.02,-0.7,-0.74,-0.67,-2.06,-2.39,-2.46,-2.42,-2.76,-2.79,-2.25,-2.23,-,-,-,-,-,-,-,-
Scaled Net Operating Assets,0.577,0.581,0.515,0.502,0.602,0.653,1.404,0.298,0.708,0.558,0.284,0.527,,0.527,0.509,0.526,0.521,0.453,0.415,0.454,0.435,0.438,0.498,0.471,0.433,0.417,0.398,0.413,0.446,0.452,0.46,0.498,0.502,0.52,0.537,0.562,0.583,0.606,0.632,1.039,0.35,0.248,0.251,0.301,0.273,0.281,0.305,0.28,0.31,0.533,0.378,-,-,-,-,0.284
Sloan Ratio %,12.84,1.53,4.56,14,9.08,5.67,3.82,-0.55,36.18,39.08,7.76,14.32,,14.32,15.03,12.84,13.94,5.46,0.11,1.53,2.16,2.34,5.4,4.56,3.35,3.9,7.11,14,13.8,13.95,14.39,9.08,8.33,9.45,2.08,5.67,14.91,3.37,4.65,3.82,-2.12,8.03,6.86,-0.55,-20.6,-11.05,31.7,36.18,40.23,45.75,40.63,39.11,-,-,-,-
Current Ratio,5.05,4.4,7.19,12.92,11.97,11.25,9.4,11.88,10.71,5.12,5.77,5.43,,5.43,6.08,5.05,5.51,6.02,4.6,4.4,4.66,4.47,5.38,7.19,9,10.67,9.91,12.92,13.37,12.31,12.61,11.97,11.69,12.22,13.16,11.25,10.68,9.01,8.59,9.4,13.06,12.81,13.56,11.88,10.72,10.58,10.39,10.71,11.38,11.57,4.83,5.12,-,-,-,5.77
Quick Ratio,5.05,4.4,7.19,12.92,11.97,11.25,9.4,11.88,10.71,5.12,5.77,5.43,,5.43,6.08,5.05,5.51,6.02,4.6,4.4,4.66,4.47,5.38,7.19,9,10.67,9.91,12.92,13.37,12.31,12.61,11.97,11.69,12.22,13.16,11.25,10.68,9.01,8.59,9.4,13.06,12.81,13.56,11.88,10.72,10.58,10.39,10.71,11.38,11.57,4.83,5.12,-,-,-,5.77
Interest Coverage,-,"1,199.3","2,768.11","3,367.17","1,242.7",270.65,217.13,50.07,10.55,41.81,46.91,-,,-,-,-,-,-,-,-,-,-,-,-,-,-,-,"1,225.33",-,-,-,456.7,-,-,-,111.3,-,-,-,49.26,-,-,-,188.67,35.05,40.14,24.87,32.69,34.27,-,29.31,34.19,41.4,45.22,55.43,-
Highest Stock Price,303.91,208.1,217.5,183.03,133.28,109.01,81.45,57.96,38.23,-,-,384.33,,355.64,294.53,294.68,303.91,242.24,223.23,208.1,204.87,195.47,173.37,162.44,217.5,202,193.09,183.03,173.51,155.07,142.65,133.28,131.05,120.5,116.14,109.01,98.39,88.86,85.31,81.45,79.04,67.6,72.03,57.96,51.24,28.97,32.47,28.24,32.17,38.23,-,-,-,-,-,-
Lowest Stock Price,146.01,131.74,124.06,116.86,94.16,74.05,53.53,22.9,-,-,-,244.61,,296.52,245.64,258.12,230.12,154.18,146.01,174.6,177.1,164.15,131.74,124.06,160.3,155.1,152.22,168.42,148.43,139.39,116.86,115.05,114,108.76,94.16,90.95,82.09,77.46,74.05,72.63,62.76,56.14,53.53,44.82,24.37,22.9,25.13,18.98,17.73,-,-,-,-,-,-,-
Shares Buyback Ratio %,0.11,0.07,1.79,-0.48,-2.05,-2.02,-9.07,-7.38,-10.94,9.44,-,0.842,,0.53,0.28,0.04,-,0.04,0.04,0.07,-,0.07,-0.07,0.66,0.62,0.38,0.14,-,-0.21,-0.24,-0.03,-0.52,-0.52,-0.42,-0.56,-0.71,-0.5,0.21,-1.01,-6.52,-1.28,-0.43,-0.67,-3.83,-0.9,-0.83,-1.64,-9.51,-1.12,-0.18,-,9.44,-,-,-,-
Buyback Yield %,0.81,0.72,3.44,0.39,-,-,-,-1.06,-10.71,-,-,1.46,,2.88,1.88,0.99,0.92,0.85,1.05,0.89,0.9,0.83,0.52,3.74,3.6,2.38,1.53,0.75,0.52,0.14,0.22,-,-,-,-,-,-,-,-,-,-,-,-,-,-,-,-,-,0.01,-40.6,-,-,-,-,-,-
YoY Rev. per Sh. Growth,21.09,28.59,39,45.55,50.37,34.29,49.62,33.12,49.48,87.99,-,38.79,,55.71,46.83,32.06,20.91,10.51,17.68,25.16,30.34,30.07,29.34,33.59,34.87,42.97,48.93,46.46,46.07,43.35,47.26,46.82,52.15,55.36,48.3,48.5,29.78,27.45,30.27,35.55,51.91,53.57,64.37,92.26,52.92,15,17.9,9.85,29.06,66.23,59.82,-,-,-,-,-
YoY EPS Growth,56.92,-15.06,40.45,54.44,170.54,17.27,83.33,"5,900",-96.82,84.54,-,64.84,,100.56,92.98,51.56,27.83,97.8,101.18,7.56,20.45,-47.7,-49.7,65.28,10.69,31.82,62.5,19.01,76.67,69.23,73.33,124.07,190.32,212,233.33,116,3.33,-16.67,-28,25,76.47,130.77,177.78,566.67,950,262.5,40.46,-78.57,-131.48,-218.79,-1.12,-,-,-,-,-
YoY EBITDA Growth (%),32.43,3.3,25.2,57.21,77.7,23.4,52.71,175.39,-36.82,76.22,-,52.15,,87.34,77.37,40.59,12.55,24.94,60.37,14.64,26.56,-9.45,-25.04,7.73,18.59,35.41,59.98,61.98,57.61,52.99,53.98,66.14,86.22,86.97,79.94,101.35,6.54,-3.51,-4.5,-2.98,59.61,98.97,111.64,123.34,72.96,196.56,2.67,-8.47,12.22,-261.25,22.29,-,-,-,-,-
5-Year EBITDA Growth Rate (Per Share),32.2,43.22,48.85,65.13,60.88,-,-,-,-,-,-,33.8,,28.55,29.99,32.2,35.78,39.21,41.65,43.22,44.31,45.47,47.25,48.85,50.31,51.5,59.11,65.13,69.05,72.43,66.68,60.88,57.59,-,-,-,-,-,-,-,-,-,-,-,-,-,-,-,-,-,-,-,-,-,-,-
Shares Outstanding (Basic Average),"2,851","2,854","2,890","2,901","2,863","2,803","2,614","2,420","2,006","2,126","2,126","2,834",,"2,834","2,847","2,854","2,850","2,850","2,851","2,851","2,854","2,855","2,856","2,875","2,885","2,895","2,906","2,910","2,904","2,900","2,891","2,881","2,871","2,856","2,843","2,824","2,808","2,796","2,784","2,761","2,587","2,560","2,545","2,456","2,430","2,407","2,386","2,372","2,420","1,879","2,138.085","2,126","2,126","2,126","2,126","2,126"
Shares Outstanding (EOP),"2,849","2,852","2,854","2,906","2,892","2,834","2,778","2,547","2,372","2,138.085","2,361","2,819.44",,"2,826","2,841","2,849","2,850","2,850","2,851","2,852","2,854","2,854","2,856","2,854","2,873","2,891","2,902","2,906","2,906","2,900","2,893","2,892","2,877","2,862","2,850","2,834","2,814","2,800","2,806","2,778","2,608","2,575","2,564","2,547","2,453","2,431","2,411","2,372","2,166","2,142","2,138.085","2,138.085","2,361","2,361","2,361","2,361"
Beta,1.31,1.4,0.65,0.57,0.32,0.93,-,-,-,-,-,1.37,,1.33,1.31,1.31,1.42,1.35,1.27,1.4,1.28,1.3,1.2,0.65,0.7,0.89,0.77,0.57,0.56,0.45,0.47,0.32,0.41,0.85,0.79,0.93,0.84,0.66,-,-,-,-,-,-,-,-,-,-,-,-,-,-,-,-,-,-
Restated Filing Date,01/28/21,01/28/21,01/28/21,01/30/20,01/31/19,02/01/18,02/03/17,01/28/16,01/29/15,01/31/14,02/01/13,07/29/21,,07/29/21,04/29/21,01/28/21,10/30/20,07/29/21,04/29/21,01/28/21,10/30/20,07/31/20,04/30/20,01/28/21,10/31/19,07/25/19,04/25/19,01/30/20,10/31/18,07/26/18,04/26/18,01/31/19,11/02/17,07/27/17,05/04/17,02/01/18,11/03/16,07/28/16,04/28/16,02/03/17,11/05/15,07/31/15,04/23/15,01/28/16,10/30/14,07/24/14,04/25/14,01/29/15,11/01/13,07/25/13,05/02/13,01/31/14,10/24/12,07/31/12,05/18/12,02/01/13
Filing Date,01/28/21,01/30/20,01/31/19,02/01/18,02/03/17,01/28/16,01/29/15,01/31/14,02/01/13,05/18/12,02/01/13,07/29/21,,07/29/21,04/29/21,01/28/21,10/30/20,07/31/20,04/30/20,01/30/20,10/31/19,07/25/19,04/25/19,01/31/19,10/31/18,07/26/18,04/26/18,02/01/18,11/02/17,07/27/17,05/04/17,02/03/17,11/03/16,07/28/16,04/28/16,01/28/16,11/05/15,07/31/15,04/23/15,01/29/15,10/30/14,07/24/14,04/25/14,01/31/14,11/01/13,07/25/13,05/02/13,02/01/13,10/24/12,07/31/12,05/18/12,05/18/12,10/24/12,07/31/12,05/18/12,02/01/13
Earnings Release Date,01/27/21,01/29/20,01/30/19,01/31/18,02/01/17,01/27/16,01/28/15,01/29/14,01/30/13,-,-,07/28/21,,07/28/21,04/28/21,01/27/21,10/29/20,07/29/20,04/29/20,01/29/20,10/30/19,07/24/19,04/24/19,01/30/19,10/30/18,07/25/18,04/25/18,01/31/18,11/01/17,07/26/17,05/03/17,02/01/17,11/02/16,07/27/16,-,01/27/16,11/04/15,07/29/15,04/22/15,01/28/15,10/28/14,07/23/14,04/23/14,01/29/14,10/30/13,07/24/13,05/01/13,01/30/13,10/23/12,07/26/12,-,-,-,-,-,-
Number of Shareholders,"3,503","3,663","3,821","4,019","4,839","5,132","5,243","4,921","5,005",-,-,"3,503",,-,-,"3,503",-,-,-,"3,663",-,-,-,"3,821",-,-,-,"4,019",-,-,-,"4,839",-,-,-,"5,132",-,-,-,"5,243",-,-,-,"4,921",-,-,-,"5,005",-,-,-,-,-,-,-,-
Number of Employees,"58,604","44,942","35,587","25,105","17,048","12,691","9,199","6,337","4,619","3,200",-,"63,404",,"63,404","60,654","58,604","56,653","52,534","48,268","44,942","43,030","39,651","37,773","35,587","33,606","30,275","27,742","25,105","23,165","20,658","18,770","17,048","15,724","14,495","13,598","12,691","11,996","10,955","10,082","9,199","8,348","7,185","6,818","6,337","5,794","5,299","4,900","4,619","4,331","3,976","3,539","3,200",-,-,-,-
,,,,,,,,,,,,,,,,,,,,,,,,,,,,,,,,,,,,,,,,,,,,,,,,,,,,,,,,
Forex Rate,1,1,1,1,1,1,1,1,1,1,1,-,,1,1,1,1,1,1,1,1,1,1,1,1,1,1,1,1,1,1,1,1,1,1,1,1,1,1,1,1,1,1,1,1,1,1,1,1,1,1,1,1,1,1,1
,,,,,,,,,,,,,,,,,,,,,,,,,,,,,,,,,,,,,,,,,,,,,,,,,,,,,,,,
